{
  "type": "FeatureCollection",
  "features": [
    {
      "type": "Feature",
      "geometry": {
        "type": "Point",
        "coordinates": [
          -121.8207522,
          39.7252859
        ]
      },
      "properties": {
        "osm_id": "node/368166578",
        "name": "Dorothy F. Johnson Center",
        "category": "community_centre",
        "amenity": "community_centre",
        "leisure": null,
        "tourism": null,
        "shop": null,
        "craft": null,
        "office": null,
        "club": null,
        "address": null,
        "website": "https://www.chicorec.gov/dorothy-f-johnson-center",
        "phone": "(530) 895-4711",
        "capacity": null,
        "wheelchair": null,
        "operator": null,
        "hosting_status": "needs_verification",
        "notes": null,
        "in_district": false,
        "google_place_id": "ChIJtVw1TS0mg4ARuitOrt1u0g4",
        "google_types": [
          "sports_activity_location",
          "point_of_interest",
          "establishment"
        ],
        "google_primary_type": "sports_activity_location",
        "google_business_status": "OPERATIONAL",
        "google_rating": 4.5,
        "google_user_ratings_count": 73,
        "google_editorial_summary": null,
        "google_formatted_address": "775 E 16th St, Chico, CA 95928, USA",
        "priority_score": 0.5792,
        "priority_tier": "high",
        "priority_components": {
          "audience": 0.336,
          "confidence": 0.4,
          "fit": 0.9,
          "legitimacy": 0.7,
          "public_facility_bonus": 0.05,
          "in_district_walk_15_cvap": 12
        },
        "priority_rank": 110
      }
    },
    {
      "type": "Feature",
      "geometry": {
        "type": "Point",
        "coordinates": [
          -121.8380227,
          39.7286094
        ]
      },
      "properties": {
        "osm_id": "node/368171442",
        "name": "Chico City Hall",
        "category": "townhall",
        "amenity": "townhall",
        "leisure": null,
        "tourism": null,
        "shop": null,
        "craft": null,
        "office": null,
        "club": null,
        "address": null,
        "website": "http://www.chico.ca.us/",
        "phone": "(530) 896-7200",
        "capacity": null,
        "wheelchair": null,
        "operator": null,
        "hosting_status": "needs_verification",
        "notes": null,
        "in_district": false,
        "google_place_id": "ChIJIxrYUbcng4ARBvwYvngW65I",
        "google_types": [
          "local_government_office",
          "government_office",
          "point_of_interest",
          "service",
          "establishment"
        ],
        "google_primary_type": "local_government_office",
        "google_business_status": "OPERATIONAL",
        "google_rating": 2.6,
        "google_user_ratings_count": 19,
        "google_editorial_summary": null,
        "google_formatted_address": "411 Main St, Chico, CA 95928, USA",
        "priority_score": 0.7023,
        "priority_tier": "high",
        "priority_components": {
          "audience": 0.693,
          "confidence": 0.4,
          "fit": 0.9,
          "legitimacy": 0.5,
          "public_facility_bonus": 0.05,
          "in_district_walk_15_cvap": 583
        },
        "priority_rank": 19
      }
    },
    {
      "type": "Feature",
      "geometry": {
        "type": "Point",
        "coordinates": [
          -121.859356,
          39.7305813
        ]
      },
      "properties": {
        "osm_id": "node/984932956",
        "name": "Mondos Coffeehouse",
        "category": "cafe",
        "amenity": "cafe",
        "leisure": null,
        "tourism": null,
        "shop": null,
        "craft": null,
        "office": null,
        "club": null,
        "address": "995 Nord Avenue Chico",
        "website": "http://www.mondoscoffeehouse.com/",
        "phone": "+1-530-895-0878",
        "capacity": null,
        "wheelchair": null,
        "operator": null,
        "hosting_status": "needs_verification",
        "notes": null,
        "in_district": false,
        "google_place_id": "ChIJl804WAong4AR_c6hLEYFVdY",
        "google_types": [
          "cafe",
          "coffee_shop",
          "bagel_shop",
          "bakery",
          "point_of_interest",
          "service",
          "food_store",
          "food",
          "store",
          "association_or_organization",
          "establishment"
        ],
        "google_primary_type": "cafe",
        "google_business_status": "OPERATIONAL",
        "google_rating": 4.6,
        "google_user_ratings_count": 153,
        "google_editorial_summary": null,
        "google_formatted_address": "995 Nord Ave #100, Chico, CA 95926, USA",
        "priority_score": 0.6513,
        "priority_tier": "high",
        "priority_components": {
          "audience": 0.816,
          "confidence": 0.4,
          "fit": 0.5,
          "legitimacy": 1.0,
          "public_facility_bonus": 0.0,
          "in_district_walk_15_cvap": 1823
        },
        "priority_rank": 51
      }
    },
    {
      "type": "Feature",
      "geometry": {
        "type": "Point",
        "coordinates": [
          -121.859635,
          39.7306597
        ]
      },
      "properties": {
        "osm_id": "node/984932957",
        "name": "Taj Fine Indian Cuisine",
        "category": "restaurant",
        "amenity": "restaurant",
        "leisure": null,
        "tourism": null,
        "shop": null,
        "craft": null,
        "office": null,
        "club": null,
        "address": "995 Nord Avenue Chico",
        "website": "https://taj-fine-indian-cuisine.business.site/",
        "phone": "+1-530-592-3395",
        "capacity": null,
        "wheelchair": null,
        "operator": null,
        "hosting_status": "needs_verification",
        "notes": null,
        "in_district": false,
        "google_place_id": "ChIJNSluZi8ng4AREn29nw1MRdg",
        "google_types": [
          "indian_restaurant",
          "restaurant",
          "point_of_interest",
          "food",
          "establishment"
        ],
        "google_primary_type": "indian_restaurant",
        "google_business_status": "OPERATIONAL",
        "google_rating": 4.6,
        "google_user_ratings_count": 619,
        "google_editorial_summary": null,
        "google_formatted_address": "208 Cedar St, Chico, CA 95928, USA",
        "priority_score": 0.6763,
        "priority_tier": "high",
        "priority_components": {
          "audience": 0.816,
          "confidence": 0.4,
          "fit": 0.6,
          "legitimacy": 1.0,
          "public_facility_bonus": 0.0,
          "in_district_walk_15_cvap": 1823
        },
        "priority_rank": 33
      }
    },
    {
      "type": "Feature",
      "geometry": {
        "type": "Point",
        "coordinates": [
          -121.8594635,
          39.7305978
        ]
      },
      "properties": {
        "osm_id": "node/984932958",
        "name": "The Cheese Steak Shop",
        "category": "restaurant",
        "amenity": "restaurant",
        "leisure": null,
        "tourism": null,
        "shop": null,
        "craft": null,
        "office": null,
        "club": null,
        "address": null,
        "website": "https://www.cheesesteakshop.com/",
        "phone": "(530) 345-2565",
        "capacity": null,
        "wheelchair": null,
        "operator": null,
        "hosting_status": "needs_verification",
        "notes": null,
        "in_district": false,
        "google_place_id": "ChIJZ7VnGQsng4ARL_FDJO6W9rk",
        "google_types": [
          "american_restaurant",
          "meal_takeaway",
          "restaurant",
          "point_of_interest",
          "food",
          "establishment"
        ],
        "google_primary_type": "american_restaurant",
        "google_business_status": "OPERATIONAL",
        "google_rating": 4.4,
        "google_user_ratings_count": 503,
        "google_editorial_summary": "No-frills spot with counter service dishing out Philadelphia-style cheesesteaks & hoagies.",
        "google_formatted_address": "995 Nord Ave, Chico, CA 95926, USA",
        "priority_score": 0.6763,
        "priority_tier": "high",
        "priority_components": {
          "audience": 0.816,
          "confidence": 0.4,
          "fit": 0.6,
          "legitimacy": 1.0,
          "public_facility_bonus": 0.0,
          "in_district_walk_15_cvap": 1823
        },
        "priority_rank": 34
      }
    },
    {
      "type": "Feature",
      "geometry": {
        "type": "Point",
        "coordinates": [
          -121.8394701,
          39.7307012
        ]
      },
      "properties": {
        "osm_id": "node/1642869467",
        "name": "University Bar / The Beach",
        "category": "bar",
        "amenity": "bar",
        "leisure": null,
        "tourism": null,
        "shop": null,
        "craft": null,
        "office": null,
        "club": null,
        "address": "191 E 2nd St",
        "website": null,
        "phone": "(530) 343-0662",
        "capacity": null,
        "wheelchair": null,
        "operator": null,
        "hosting_status": "needs_verification",
        "notes": null,
        "in_district": false,
        "google_place_id": "ChIJPyQx3YXYgoARjBYuJMrmuwA",
        "google_types": [
          "bar",
          "point_of_interest",
          "establishment"
        ],
        "google_primary_type": "bar",
        "google_business_status": "OPERATIONAL",
        "google_rating": 4.4,
        "google_user_ratings_count": 264,
        "google_editorial_summary": null,
        "google_formatted_address": "2582 Esplanade, Chico, CA 95973, USA",
        "priority_score": 0.6297,
        "priority_tier": "high",
        "priority_components": {
          "audience": 0.73,
          "confidence": 0.4,
          "fit": 0.55,
          "legitimacy": 1.0,
          "public_facility_bonus": 0.0,
          "in_district_walk_15_cvap": 825
        },
        "priority_rank": 74
      }
    },
    {
      "type": "Feature",
      "geometry": {
        "type": "Point",
        "coordinates": [
          -121.839603,
          39.7306086
        ]
      },
      "properties": {
        "osm_id": "node/1642870064",
        "name": "Panama Bar & Cafe",
        "category": "bar",
        "amenity": "bar",
        "leisure": null,
        "tourism": null,
        "shop": null,
        "craft": null,
        "office": null,
        "club": null,
        "address": "177 East 2nd Street Chico",
        "website": "https://panamabarcafeinchico.com/",
        "phone": "(530) 895-8817",
        "capacity": null,
        "wheelchair": null,
        "operator": null,
        "hosting_status": "needs_verification",
        "notes": null,
        "in_district": false,
        "google_place_id": "ChIJBSGYI7ong4ARnyIfgv2BJ4s",
        "google_types": [
          "american_restaurant",
          "restaurant",
          "point_of_interest",
          "food",
          "establishment"
        ],
        "google_primary_type": "american_restaurant",
        "google_business_status": "CLOSED_PERMANENTLY",
        "google_rating": 4.3,
        "google_user_ratings_count": 176,
        "google_editorial_summary": "Collegial fixture serving lots of alcoholic teas along with specialty burgers, plus a Sunday brunch.",
        "google_formatted_address": "177 E 2nd St, Chico, CA 95928, USA",
        "priority_score": 0.5297,
        "priority_tier": "medium",
        "priority_components": {
          "audience": 0.73,
          "confidence": 0.4,
          "fit": 0.55,
          "legitimacy": 0.0,
          "public_facility_bonus": 0.0,
          "in_district_walk_15_cvap": 825
        },
        "priority_rank": 119
      }
    },
    {
      "type": "Feature",
      "geometry": {
        "type": "Point",
        "coordinates": [
          -121.8406586,
          39.7294521
        ]
      },
      "properties": {
        "osm_id": "node/1642876113",
        "name": "La Salles",
        "category": "bar",
        "amenity": "bar",
        "leisure": null,
        "tourism": null,
        "shop": null,
        "craft": null,
        "office": null,
        "club": null,
        "address": "229 Broadway St",
        "website": "http://www.lasallesbar.com/",
        "phone": null,
        "capacity": null,
        "wheelchair": null,
        "operator": null,
        "hosting_status": "needs_verification",
        "notes": null,
        "in_district": false,
        "google_place_id": "ChIJq6l6crong4ARR_ocioiC1pI",
        "google_types": [
          "restaurant",
          "point_of_interest",
          "food",
          "establishment"
        ],
        "google_primary_type": "restaurant",
        "google_business_status": "OPERATIONAL",
        "google_rating": 4.3,
        "google_user_ratings_count": 393,
        "google_editorial_summary": null,
        "google_formatted_address": "229 Broadway St, Chico, CA 95928, USA",
        "priority_score": 0.6197,
        "priority_tier": "high",
        "priority_components": {
          "audience": 0.705,
          "confidence": 0.4,
          "fit": 0.55,
          "legitimacy": 1.0,
          "public_facility_bonus": 0.0,
          "in_district_walk_15_cvap": 653
        },
        "priority_rank": 86
      }
    },
    {
      "type": "Feature",
      "geometry": {
        "type": "Point",
        "coordinates": [
          -121.8398189,
          39.7309122
        ]
      },
      "properties": {
        "osm_id": "node/2746823020",
        "name": "Grana",
        "category": "restaurant",
        "amenity": "restaurant",
        "leisure": null,
        "tourism": null,
        "shop": null,
        "craft": null,
        "office": null,
        "club": null,
        "address": "198 East 2nd Street Chico",
        "website": "http://granachico.com/",
        "phone": "(530) 809-2304",
        "capacity": null,
        "wheelchair": null,
        "operator": null,
        "hosting_status": "needs_verification",
        "notes": null,
        "in_district": false,
        "google_place_id": "ChIJ12XHL7ong4ARM1Op0ludswI",
        "google_types": [
          "italian_restaurant",
          "restaurant",
          "point_of_interest",
          "food",
          "establishment"
        ],
        "google_primary_type": "italian_restaurant",
        "google_business_status": "OPERATIONAL",
        "google_rating": 4.5,
        "google_user_ratings_count": 442,
        "google_editorial_summary": "Modern Italian restaurant with farm-fresh dishes, charcuterie & wood-fired pizzas, plus beer & wine.",
        "google_formatted_address": "198 E 2nd St, Chico, CA 95928, USA",
        "priority_score": 0.642,
        "priority_tier": "high",
        "priority_components": {
          "audience": 0.73,
          "confidence": 0.4,
          "fit": 0.6,
          "legitimacy": 1.0,
          "public_facility_bonus": 0.0,
          "in_district_walk_15_cvap": 821
        },
        "priority_rank": 61
      }
    },
    {
      "type": "Feature",
      "geometry": {
        "type": "Point",
        "coordinates": [
          -121.8208287,
          39.7357211
        ]
      },
      "properties": {
        "osm_id": "node/3667613103",
        "name": "Beatniks Coffee and Breakfast",
        "category": "restaurant",
        "amenity": "restaurant",
        "leisure": null,
        "tourism": null,
        "shop": null,
        "craft": null,
        "office": null,
        "club": null,
        "address": null,
        "website": "http://chicobeatniks.com/",
        "phone": "(530) 894-2800",
        "capacity": null,
        "wheelchair": null,
        "operator": null,
        "hosting_status": "needs_verification",
        "notes": null,
        "in_district": false,
        "google_place_id": "ChIJzfruwNong4AR-c3jTtlvyBE",
        "google_types": [
          "cafe",
          "breakfast_restaurant",
          "meal_takeaway",
          "restaurant",
          "point_of_interest",
          "food",
          "establishment"
        ],
        "google_primary_type": "cafe",
        "google_business_status": "OPERATIONAL",
        "google_rating": 4.5,
        "google_user_ratings_count": 781,
        "google_editorial_summary": "Breakfast cafe offering cooked & cold options served alongside a range of espresso-based drinks.",
        "google_formatted_address": "1387 E 8th St, Chico, CA 95928, USA",
        "priority_score": 0.6011,
        "priority_tier": "high",
        "priority_components": {
          "audience": 0.628,
          "confidence": 0.4,
          "fit": 0.6,
          "legitimacy": 1.0,
          "public_facility_bonus": 0.0,
          "in_district_walk_15_cvap": 314
        },
        "priority_rank": 103
      }
    },
    {
      "type": "Feature",
      "geometry": {
        "type": "Point",
        "coordinates": [
          -121.8352428,
          39.7260184
        ]
      },
      "properties": {
        "osm_id": "node/4311364686",
        "name": "The Roost Cafe",
        "category": "restaurant",
        "amenity": "restaurant",
        "leisure": null,
        "tourism": null,
        "shop": null,
        "craft": null,
        "office": null,
        "club": null,
        "address": "817 Main Street Chico",
        "website": "https://order.toasttab.com/online/roost-cafe",
        "phone": "+1-530-892-1281",
        "capacity": null,
        "wheelchair": "yes",
        "operator": null,
        "hosting_status": "needs_verification",
        "notes": null,
        "in_district": false,
        "google_place_id": "ChIJE91h7Mong4ARatQ5qbKGXOk",
        "google_types": [
          "cafe",
          "breakfast_restaurant",
          "brunch_restaurant",
          "american_restaurant",
          "restaurant",
          "point_of_interest",
          "food",
          "establishment"
        ],
        "google_primary_type": "cafe",
        "google_business_status": "OPERATIONAL",
        "google_rating": 4.5,
        "google_user_ratings_count": 613,
        "google_editorial_summary": null,
        "google_formatted_address": "817 Main St, Chico, CA 95928, USA",
        "priority_score": 0.606,
        "priority_tier": "high",
        "priority_components": {
          "audience": 0.64,
          "confidence": 0.4,
          "fit": 0.6,
          "legitimacy": 1.0,
          "public_facility_bonus": 0.0,
          "in_district_walk_15_cvap": 353
        },
        "priority_rank": 101
      }
    },
    {
      "type": "Feature",
      "geometry": {
        "type": "Point",
        "coordinates": [
          -121.8405275,
          39.7288232
        ]
      },
      "properties": {
        "osm_id": "node/4565431006",
        "name": "Jon & Bon's Yogurt",
        "category": "restaurant",
        "amenity": "restaurant",
        "leisure": null,
        "tourism": null,
        "shop": null,
        "craft": null,
        "office": null,
        "club": null,
        "address": null,
        "website": "http://www.jonandbons.com/",
        "phone": "(530) 899-9580",
        "capacity": null,
        "wheelchair": null,
        "operator": null,
        "hosting_status": "needs_verification",
        "notes": null,
        "in_district": false,
        "google_place_id": "ChIJy3X4n7Ang4ARXWRP5WOHruU",
        "google_types": [
          "ice_cream_shop",
          "dessert_shop",
          "confectionery",
          "point_of_interest",
          "food_store",
          "store",
          "food",
          "establishment"
        ],
        "google_primary_type": "dessert_shop",
        "google_business_status": "OPERATIONAL",
        "google_rating": 4.2,
        "google_user_ratings_count": 181,
        "google_editorial_summary": null,
        "google_formatted_address": "300 Broadway St a1, Chico, CA 95928, USA",
        "priority_score": 0.6267,
        "priority_tier": "high",
        "priority_components": {
          "audience": 0.692,
          "confidence": 0.4,
          "fit": 0.6,
          "legitimacy": 1.0,
          "public_facility_bonus": 0.0,
          "in_district_walk_15_cvap": 575
        },
        "priority_rank": 80
      }
    },
    {
      "type": "Feature",
      "geometry": {
        "type": "Point",
        "coordinates": [
          -121.8041754,
          39.7386805
        ]
      },
      "properties": {
        "osm_id": "node/5359988061",
        "name": "Mariscos La Costa",
        "category": "restaurant",
        "amenity": "restaurant",
        "leisure": null,
        "tourism": null,
        "shop": null,
        "craft": null,
        "office": null,
        "club": null,
        "address": null,
        "website": null,
        "phone": "(530) 342-3627",
        "capacity": null,
        "wheelchair": null,
        "operator": null,
        "hosting_status": "needs_verification",
        "notes": null,
        "in_district": false,
        "google_place_id": "ChIJ40d7PHoog4ARz2qTp_1C8wo",
        "google_types": [
          "mexican_restaurant",
          "seafood_restaurant",
          "restaurant",
          "point_of_interest",
          "food",
          "establishment"
        ],
        "google_primary_type": "mexican_restaurant",
        "google_business_status": "OPERATIONAL",
        "google_rating": 4.2,
        "google_user_ratings_count": 526,
        "google_editorial_summary": null,
        "google_formatted_address": "1141 Forest Ave UNIT 10, Chico, CA 95928, USA",
        "priority_score": 0.105,
        "priority_tier": "low",
        "priority_components": {
          "audience": 0.0,
          "confidence": 0.4,
          "fit": 0.6,
          "legitimacy": 1.0,
          "public_facility_bonus": 0.0,
          "in_district_walk_15_cvap": 0
        },
        "priority_rank": 140
      }
    },
    {
      "type": "Feature",
      "geometry": {
        "type": "Point",
        "coordinates": [
          -121.8067317,
          39.7291755
        ]
      },
      "properties": {
        "osm_id": "node/6479745434",
        "name": "J&J Cafe",
        "category": "cafe",
        "amenity": "cafe",
        "leisure": null,
        "tourism": null,
        "shop": null,
        "craft": null,
        "office": null,
        "club": null,
        "address": null,
        "website": "https://m.facebook.com/profile.php?id=100069458241902",
        "phone": "(530) 287-5660",
        "capacity": null,
        "wheelchair": null,
        "operator": null,
        "hosting_status": "needs_verification",
        "notes": null,
        "in_district": false,
        "google_place_id": "ChIJvwZYGmvZgoARflZWKTbAmts",
        "google_types": [
          "breakfast_restaurant",
          "restaurant",
          "point_of_interest",
          "food",
          "establishment"
        ],
        "google_primary_type": "breakfast_restaurant",
        "google_business_status": "OPERATIONAL",
        "google_rating": 4.7,
        "google_user_ratings_count": 378,
        "google_editorial_summary": null,
        "google_formatted_address": "3221 Esplanade, Chico, CA 95973, USA",
        "priority_score": 0.0975,
        "priority_tier": "low",
        "priority_components": {
          "audience": 0.0,
          "confidence": 0.4,
          "fit": 0.5,
          "legitimacy": 1.0,
          "public_facility_bonus": 0.0,
          "in_district_walk_15_cvap": 0
        },
        "priority_rank": 152
      }
    },
    {
      "type": "Feature",
      "geometry": {
        "type": "Point",
        "coordinates": [
          -121.8149663,
          39.7245076
        ]
      },
      "properties": {
        "osm_id": "node/9796268718",
        "name": "Sierra Nevada Brewing Company Taproom",
        "category": "restaurant",
        "amenity": "restaurant",
        "leisure": null,
        "tourism": null,
        "shop": null,
        "craft": null,
        "office": null,
        "club": null,
        "address": null,
        "website": "https://sierranevada.com/",
        "phone": "(530) 345-2739",
        "capacity": null,
        "wheelchair": null,
        "operator": null,
        "hosting_status": "needs_verification",
        "notes": null,
        "in_district": false,
        "google_place_id": "ChIJh_tJgysmg4ARL50w6kBBJkA",
        "google_types": [
          "brewery",
          "liquor_store",
          "restaurant",
          "point_of_interest",
          "service",
          "food",
          "manufacturer",
          "store",
          "establishment"
        ],
        "google_primary_type": "brewery",
        "google_business_status": "OPERATIONAL",
        "google_rating": 4.7,
        "google_user_ratings_count": 1483,
        "google_editorial_summary": null,
        "google_formatted_address": "1075 E 20th St, Chico, CA 95928, USA",
        "priority_score": 0.105,
        "priority_tier": "low",
        "priority_components": {
          "audience": 0.0,
          "confidence": 0.4,
          "fit": 0.6,
          "legitimacy": 1.0,
          "public_facility_bonus": 0.0,
          "in_district_walk_15_cvap": 0
        },
        "priority_rank": 141
      }
    },
    {
      "type": "Feature",
      "geometry": {
        "type": "Point",
        "coordinates": [
          -121.8591107,
          39.7317826
        ]
      },
      "properties": {
        "osm_id": "node/10065777353",
        "name": "Coco's Ramen",
        "category": "restaurant",
        "amenity": "restaurant",
        "leisure": null,
        "tourism": null,
        "shop": null,
        "craft": null,
        "office": null,
        "club": null,
        "address": "1008 West Sacramento Avenue Chico",
        "website": "https://order.snackpass.co/cocosramenchico",
        "phone": "(530) 965-5541",
        "capacity": null,
        "wheelchair": null,
        "operator": null,
        "hosting_status": "needs_verification",
        "notes": null,
        "in_district": false,
        "google_place_id": "ChIJz0OB4KIng4ARh56OzLgqJGg",
        "google_types": [
          "restaurant",
          "japanese_restaurant",
          "point_of_interest",
          "food",
          "establishment"
        ],
        "google_primary_type": "restaurant",
        "google_business_status": "OPERATIONAL",
        "google_rating": 4.3,
        "google_user_ratings_count": 194,
        "google_editorial_summary": null,
        "google_formatted_address": "1008 W Sacramento Ave #1a, Chico, CA 95926, USA",
        "priority_score": 0.6805,
        "priority_tier": "high",
        "priority_components": {
          "audience": 0.826,
          "confidence": 0.4,
          "fit": 0.6,
          "legitimacy": 1.0,
          "public_facility_bonus": 0.0,
          "in_district_walk_15_cvap": 2010
        },
        "priority_rank": 28
      }
    },
    {
      "type": "Feature",
      "geometry": {
        "type": "Point",
        "coordinates": [
          -121.8456365,
          39.7209568
        ]
      },
      "properties": {
        "osm_id": "node/10127232240",
        "name": "Kathy\u2019s Deli",
        "category": "restaurant",
        "amenity": "restaurant",
        "leisure": null,
        "tourism": null,
        "shop": null,
        "craft": null,
        "office": null,
        "club": null,
        "address": "671 Walnut Street Chico",
        "website": "https://kathys-deli.wa-cafe.com/",
        "phone": "+1 530-343-5925",
        "capacity": null,
        "wheelchair": null,
        "operator": null,
        "hosting_status": "needs_verification",
        "notes": null,
        "in_district": false,
        "google_place_id": "ChIJn6Czka0ng4ARvIrS-ZteIX8",
        "google_types": [
          "deli",
          "point_of_interest",
          "food_store",
          "store",
          "food",
          "establishment"
        ],
        "google_primary_type": "deli",
        "google_business_status": "OPERATIONAL",
        "google_rating": 4.6,
        "google_user_ratings_count": 226,
        "google_editorial_summary": null,
        "google_formatted_address": "671 Walnut St # 1, Chico, CA 95928, USA",
        "priority_score": 0.105,
        "priority_tier": "low",
        "priority_components": {
          "audience": 0.0,
          "confidence": 0.4,
          "fit": 0.6,
          "legitimacy": 1.0,
          "public_facility_bonus": 0.0,
          "in_district_walk_15_cvap": 0
        },
        "priority_rank": 142
      }
    },
    {
      "type": "Feature",
      "geometry": {
        "type": "Point",
        "coordinates": [
          -121.8657025,
          39.7614452
        ]
      },
      "properties": {
        "osm_id": "node/10127348060",
        "name": "Rice Bowl",
        "category": "restaurant",
        "amenity": "restaurant",
        "leisure": null,
        "tourism": null,
        "shop": null,
        "craft": null,
        "office": null,
        "club": null,
        "address": "2804 Esplanade",
        "website": "http://www.chicoricebowl.com/",
        "phone": "+1-530-899-9098",
        "capacity": null,
        "wheelchair": null,
        "operator": null,
        "hosting_status": "needs_verification",
        "notes": null,
        "in_district": false,
        "google_place_id": "ChIJa9xoQY7YgoARmWuqRo49KY8",
        "google_types": [
          "chinese_restaurant",
          "asian_restaurant",
          "japanese_restaurant",
          "restaurant",
          "point_of_interest",
          "food",
          "establishment"
        ],
        "google_primary_type": "chinese_restaurant",
        "google_business_status": "OPERATIONAL",
        "google_rating": 4.3,
        "google_user_ratings_count": 1392,
        "google_editorial_summary": "Old-fashioned mainstay for Japanese & Chinese classics served in serene environs with a sushi bar.",
        "google_formatted_address": "2804 Esplanade, Chico, CA 95973, USA",
        "priority_score": 0.6403,
        "priority_tier": "high",
        "priority_components": {
          "audience": 0.726,
          "confidence": 0.4,
          "fit": 0.6,
          "legitimacy": 1.0,
          "public_facility_bonus": 0.0,
          "in_district_walk_15_cvap": 789
        },
        "priority_rank": 62
      }
    },
    {
      "type": "Feature",
      "geometry": {
        "type": "Point",
        "coordinates": [
          -121.8632056,
          39.7579552
        ]
      },
      "properties": {
        "osm_id": "node/10783310005",
        "name": "Aztlan",
        "category": "restaurant",
        "amenity": "restaurant",
        "leisure": null,
        "tourism": null,
        "shop": null,
        "craft": null,
        "office": null,
        "club": null,
        "address": "1645 Park Avenue Chico",
        "website": null,
        "phone": "+1-530-487-7062",
        "capacity": null,
        "wheelchair": null,
        "operator": null,
        "hosting_status": "needs_verification",
        "notes": null,
        "in_district": false,
        "google_place_id": "ChIJA4aoV7PZgoARAPG29f1lHoY",
        "google_types": [
          "restaurant",
          "point_of_interest",
          "food",
          "establishment"
        ],
        "google_primary_type": "restaurant",
        "google_business_status": "OPERATIONAL",
        "google_rating": 4.6,
        "google_user_ratings_count": 374,
        "google_editorial_summary": null,
        "google_formatted_address": "2601 Esplanade, Chico, CA 95973, USA",
        "priority_score": 0.6517,
        "priority_tier": "high",
        "priority_components": {
          "audience": 0.754,
          "confidence": 0.4,
          "fit": 0.6,
          "legitimacy": 1.0,
          "public_facility_bonus": 0.0,
          "in_district_walk_15_cvap": 1030
        },
        "priority_rank": 49
      }
    },
    {
      "type": "Feature",
      "geometry": {
        "type": "Point",
        "coordinates": [
          -121.8222209,
          39.7197925
        ]
      },
      "properties": {
        "osm_id": "node/11060934205",
        "name": "Mulberry Station",
        "category": "restaurant",
        "amenity": "restaurant",
        "leisure": null,
        "tourism": null,
        "shop": null,
        "craft": null,
        "office": null,
        "club": null,
        "address": "175 East 20th Street",
        "website": "http://www.mulberrymusicstation.com/",
        "phone": "(530) 630-3047",
        "capacity": null,
        "wheelchair": null,
        "operator": null,
        "hosting_status": "needs_verification",
        "notes": null,
        "in_district": false,
        "google_place_id": "ChIJM9nbZ2gng4ARlhFt0YLwfkc",
        "google_types": [
          "brewery",
          "brewpub",
          "pub",
          "pizza_restaurant",
          "brunch_restaurant",
          "bar",
          "live_music_venue",
          "event_venue",
          "restaurant",
          "point_of_interest",
          "service",
          "food",
          "manufacturer",
          "establishment"
        ],
        "google_primary_type": "brewery",
        "google_business_status": "OPERATIONAL",
        "google_rating": 4.8,
        "google_user_ratings_count": 265,
        "google_editorial_summary": null,
        "google_formatted_address": "175 E 20th St Ste 100, Chico, CA 95928, USA",
        "priority_score": 0.105,
        "priority_tier": "low",
        "priority_components": {
          "audience": 0.0,
          "confidence": 0.4,
          "fit": 0.6,
          "legitimacy": 1.0,
          "public_facility_bonus": 0.0,
          "in_district_walk_15_cvap": 0
        },
        "priority_rank": 143
      }
    },
    {
      "type": "Feature",
      "geometry": {
        "type": "Point",
        "coordinates": [
          -121.8582204,
          39.7531278
        ]
      },
      "properties": {
        "osm_id": "node/11076077080",
        "name": "Farm Star Pizza",
        "category": "restaurant",
        "amenity": "restaurant",
        "leisure": null,
        "tourism": null,
        "shop": null,
        "craft": null,
        "office": null,
        "club": null,
        "address": "2359 Esplanade",
        "website": "https://farmstarpizza.com/",
        "phone": "+1-530-323-2056",
        "capacity": null,
        "wheelchair": null,
        "operator": null,
        "hosting_status": "needs_verification",
        "notes": null,
        "in_district": false,
        "google_place_id": "ChIJk1w9W4DYgoAR0Df9MunML7w",
        "google_types": [
          "pizza_restaurant",
          "pizza_delivery",
          "catering_service",
          "italian_restaurant",
          "meal_takeaway",
          "meal_delivery",
          "food_delivery",
          "restaurant",
          "point_of_interest",
          "food",
          "service",
          "establishment"
        ],
        "google_primary_type": "pizza_restaurant",
        "google_business_status": "OPERATIONAL",
        "google_rating": 4.5,
        "google_user_ratings_count": 614,
        "google_editorial_summary": null,
        "google_formatted_address": "2359 Esplanade, Chico, CA 95926, USA",
        "priority_score": 0.6792,
        "priority_tier": "high",
        "priority_components": {
          "audience": 0.823,
          "confidence": 0.4,
          "fit": 0.6,
          "legitimacy": 1.0,
          "public_facility_bonus": 0.0,
          "in_district_walk_15_cvap": 1949
        },
        "priority_rank": 31
      }
    },
    {
      "type": "Feature",
      "geometry": {
        "type": "Point",
        "coordinates": [
          -121.851053,
          39.7444998
        ]
      },
      "properties": {
        "osm_id": "node/11152747327",
        "name": "The Great Catsby",
        "category": "cafe",
        "amenity": "cafe",
        "leisure": null,
        "tourism": null,
        "shop": null,
        "craft": null,
        "office": null,
        "club": null,
        "address": "1725 Esplanade Chico",
        "website": "https://thegreatcatsby.com/",
        "phone": "(530) 855-0542",
        "capacity": null,
        "wheelchair": null,
        "operator": null,
        "hosting_status": "needs_verification",
        "notes": null,
        "in_district": true,
        "google_place_id": "ChIJqbqlUT0ng4ARlkzCrGURISk",
        "google_types": [
          "pet_care",
          "point_of_interest",
          "service",
          "establishment"
        ],
        "google_primary_type": "pet_care",
        "google_business_status": "CLOSED_TEMPORARILY",
        "google_rating": 4.8,
        "google_user_ratings_count": 81,
        "google_editorial_summary": null,
        "google_formatted_address": "1725 Esplanade, Chico, CA 95926, USA",
        "priority_score": 0.6517,
        "priority_tier": "high",
        "priority_components": {
          "audience": 0.892,
          "confidence": 0.4,
          "fit": 0.5,
          "legitimacy": 0.7,
          "public_facility_bonus": 0.0,
          "in_district_walk_15_cvap": 3676
        },
        "priority_rank": 50
      }
    },
    {
      "type": "Feature",
      "geometry": {
        "type": "Point",
        "coordinates": [
          -121.841629,
          39.7297883
        ]
      },
      "properties": {
        "osm_id": "node/11194945328",
        "name": "Lili's Brazilian Bistro",
        "category": "restaurant",
        "amenity": "restaurant",
        "leisure": null,
        "tourism": null,
        "shop": null,
        "craft": null,
        "office": null,
        "club": null,
        "address": "142 Broadway Street Chico",
        "website": "https://www.lilisbrazilianbistro.com/",
        "phone": "+1-530-399-0675",
        "capacity": null,
        "wheelchair": null,
        "operator": null,
        "hosting_status": "needs_verification",
        "notes": null,
        "in_district": false,
        "google_place_id": "ChIJBXTy3wkng4ARisMx2BWh-hw",
        "google_types": [
          "brazilian_restaurant",
          "family_restaurant",
          "dessert_restaurant",
          "latin_american_restaurant",
          "seafood_restaurant",
          "steak_house",
          "buffet_restaurant",
          "bistro",
          "restaurant",
          "point_of_interest",
          "food",
          "establishment"
        ],
        "google_primary_type": "brazilian_restaurant",
        "google_business_status": "OPERATIONAL",
        "google_rating": 4.8,
        "google_user_ratings_count": 357,
        "google_editorial_summary": null,
        "google_formatted_address": "140 Broadway St #142, Chico, CA 95928, USA",
        "priority_score": 0.631,
        "priority_tier": "high",
        "priority_components": {
          "audience": 0.703,
          "confidence": 0.4,
          "fit": 0.6,
          "legitimacy": 1.0,
          "public_facility_bonus": 0.0,
          "in_district_walk_15_cvap": 636
        },
        "priority_rank": 72
      }
    },
    {
      "type": "Feature",
      "geometry": {
        "type": "Point",
        "coordinates": [
          -121.8400799,
          39.7283496
        ]
      },
      "properties": {
        "osm_id": "node/11916913730",
        "name": "The Rawbar",
        "category": "restaurant",
        "amenity": "restaurant",
        "leisure": null,
        "tourism": null,
        "shop": null,
        "craft": null,
        "office": null,
        "club": null,
        "address": null,
        "website": "http://www.rawbarchico.com/",
        "phone": "(530) 897-0626",
        "capacity": null,
        "wheelchair": null,
        "operator": null,
        "hosting_status": "needs_verification",
        "notes": null,
        "in_district": false,
        "google_place_id": "ChIJtwysurAng4ARGi7ELhAJwQA",
        "google_types": [
          "sushi_restaurant",
          "japanese_restaurant",
          "restaurant",
          "point_of_interest",
          "food",
          "establishment"
        ],
        "google_primary_type": "sushi_restaurant",
        "google_business_status": "OPERATIONAL",
        "google_rating": 4.4,
        "google_user_ratings_count": 511,
        "google_editorial_summary": "Vibrant sushi house providing a range of rolls, Pan-Asian dishes & sakes in a warm, modern space.",
        "google_formatted_address": "346 Broadway St, Chico, CA 95928, USA",
        "priority_score": 0.6196,
        "priority_tier": "high",
        "priority_components": {
          "audience": 0.674,
          "confidence": 0.4,
          "fit": 0.6,
          "legitimacy": 1.0,
          "public_facility_bonus": 0.0,
          "in_district_walk_15_cvap": 487
        },
        "priority_rank": 87
      }
    },
    {
      "type": "Feature",
      "geometry": {
        "type": "Point",
        "coordinates": [
          -121.8483118,
          39.7305107
        ]
      },
      "properties": {
        "osm_id": "node/12013138513",
        "name": "Wildcat Den",
        "category": "cafe",
        "amenity": "cafe",
        "leisure": null,
        "tourism": null,
        "shop": null,
        "craft": null,
        "office": null,
        "club": null,
        "address": null,
        "website": "https://www.csuchico.edu/housing/food/wildcat-den.shtml",
        "phone": null,
        "capacity": null,
        "wheelchair": "yes",
        "operator": null,
        "hosting_status": "needs_verification",
        "notes": null,
        "in_district": false,
        "google_place_id": "ChIJq79wCbEng4ARsafBBP-Ubug",
        "google_types": [
          "coffee_shop",
          "cafe",
          "point_of_interest",
          "food_store",
          "food",
          "store",
          "establishment"
        ],
        "google_primary_type": "coffee_shop",
        "google_business_status": "OPERATIONAL",
        "google_rating": 3.8,
        "google_user_ratings_count": 5,
        "google_editorial_summary": null,
        "google_formatted_address": "521 Legion Ave, Chico, CA 95926, USA",
        "priority_score": 0.609,
        "priority_tier": "high",
        "priority_components": {
          "audience": 0.785,
          "confidence": 0.4,
          "fit": 0.5,
          "legitimacy": 0.7,
          "public_facility_bonus": 0.0,
          "in_district_walk_15_cvap": 1369
        },
        "priority_rank": 99
      }
    },
    {
      "type": "Feature",
      "geometry": {
        "type": "Point",
        "coordinates": [
          -121.8455588,
          39.7275114
        ]
      },
      "properties": {
        "osm_id": "node/12027848862",
        "name": "Hungry Wildcat Food Pantry",
        "category": "social_facility",
        "amenity": "social_facility",
        "leisure": null,
        "tourism": null,
        "shop": null,
        "craft": null,
        "office": null,
        "club": null,
        "address": null,
        "website": "https://www.csuchico.edu/basic-needs/resources/pantry.shtml",
        "phone": "+1-530-898-4098",
        "capacity": null,
        "wheelchair": null,
        "operator": "Chico State Basic Needs Project",
        "hosting_status": "needs_verification",
        "notes": null,
        "in_district": false,
        "google_place_id": "ChIJKXSuKGkng4ARRLzjb4k1M8Q",
        "google_types": [
          "point_of_interest",
          "service",
          "food",
          "association_or_organization",
          "establishment"
        ],
        "google_primary_type": "association_or_organization",
        "google_business_status": "OPERATIONAL",
        "google_rating": 4.9,
        "google_user_ratings_count": 7,
        "google_editorial_summary": null,
        "google_formatted_address": "400 W 1st St, Chico, CA 95929, USA",
        "priority_score": 0.4974,
        "priority_tier": "medium",
        "priority_components": {
          "audience": 0.569,
          "confidence": 0.4,
          "fit": 0.4,
          "legitimacy": 0.7,
          "public_facility_bonus": 0.0,
          "in_district_walk_15_cvap": 178
        },
        "priority_rank": 127
      }
    },
    {
      "type": "Feature",
      "geometry": {
        "type": "Point",
        "coordinates": [
          -121.8423069,
          39.7280959
        ]
      },
      "properties": {
        "osm_id": "node/12041413616",
        "name": "Pho Bonsa",
        "category": "restaurant",
        "amenity": "restaurant",
        "leisure": null,
        "tourism": null,
        "shop": null,
        "craft": null,
        "office": null,
        "club": null,
        "address": "221 Normal Avenue Chico",
        "website": "https://www.phobonsa.com/",
        "phone": "+1-530-965-5129",
        "capacity": null,
        "wheelchair": null,
        "operator": null,
        "hosting_status": "needs_verification",
        "notes": null,
        "in_district": false,
        "google_place_id": "ChIJAWrn6I4ng4ARy9QKz4TNZ-s",
        "google_types": [
          "asian_restaurant",
          "restaurant",
          "point_of_interest",
          "food",
          "establishment"
        ],
        "google_primary_type": "restaurant",
        "google_business_status": "OPERATIONAL",
        "google_rating": 4.7,
        "google_user_ratings_count": 193,
        "google_editorial_summary": null,
        "google_formatted_address": "221 Normal Ave B, Chico, CA 95928, USA",
        "priority_score": 0.595,
        "priority_tier": "high",
        "priority_components": {
          "audience": 0.613,
          "confidence": 0.4,
          "fit": 0.6,
          "legitimacy": 1.0,
          "public_facility_bonus": 0.0,
          "in_district_walk_15_cvap": 272
        },
        "priority_rank": 107
      }
    },
    {
      "type": "Feature",
      "geometry": {
        "type": "Point",
        "coordinates": [
          -121.8434481,
          39.7293457
        ]
      },
      "properties": {
        "osm_id": "node/12062315885",
        "name": "Janet Turner Print Museum",
        "category": "tourism_museum",
        "amenity": null,
        "leisure": null,
        "tourism": "museum",
        "shop": null,
        "craft": null,
        "office": null,
        "club": null,
        "address": "400 West 1st Street Chico",
        "website": "https://www.csuchico.edu/turner/",
        "phone": "(530) 898-4476",
        "capacity": null,
        "wheelchair": null,
        "operator": "California State University, Chico",
        "hosting_status": "needs_verification",
        "notes": null,
        "in_district": false,
        "google_place_id": "ChIJoTzc868ng4ARrrHYswOH2-w",
        "google_types": [
          "museum",
          "tourist_attraction",
          "point_of_interest",
          "establishment"
        ],
        "google_primary_type": "museum",
        "google_business_status": "OPERATIONAL",
        "google_rating": 4.8,
        "google_user_ratings_count": 13,
        "google_editorial_summary": "University museum exhibiting a former professor's collection of prints by renowned global artists.",
        "google_formatted_address": "400 W 1st St, Chico, CA 95929, USA",
        "priority_score": 0.6471,
        "priority_tier": "high",
        "priority_components": {
          "audience": 0.599,
          "confidence": 0.4,
          "fit": 0.75,
          "legitimacy": 0.7,
          "public_facility_bonus": 0.05,
          "in_district_walk_15_cvap": 239
        },
        "priority_rank": 52
      }
    },
    {
      "type": "Feature",
      "geometry": {
        "type": "Point",
        "coordinates": [
          -121.8464099,
          39.7236035
        ]
      },
      "properties": {
        "osm_id": "node/12069029331",
        "name": "Chico Art Center",
        "category": "arts_centre",
        "amenity": "arts_centre",
        "leisure": null,
        "tourism": null,
        "shop": null,
        "craft": null,
        "office": null,
        "club": null,
        "address": "450 Orange Street Chico",
        "website": "https://chicoartcenter.com",
        "phone": "+1-530-895-8726",
        "capacity": null,
        "wheelchair": null,
        "operator": null,
        "hosting_status": "needs_verification",
        "notes": null,
        "in_district": false,
        "google_place_id": "ChIJB37tFq4ng4ARozXE69s1eG8",
        "google_types": [
          "art_gallery",
          "gift_shop",
          "point_of_interest",
          "store",
          "establishment"
        ],
        "google_primary_type": "art_gallery",
        "google_business_status": "OPERATIONAL",
        "google_rating": 4.5,
        "google_user_ratings_count": 67,
        "google_editorial_summary": null,
        "google_formatted_address": "450 Orange St STE 6, Chico, CA 95928, USA",
        "priority_score": 0.126,
        "priority_tier": "low",
        "priority_components": {
          "audience": 0.0,
          "confidence": 0.4,
          "fit": 1.0,
          "legitimacy": 0.7,
          "public_facility_bonus": 0.0,
          "in_district_walk_15_cvap": 0
        },
        "priority_rank": 132
      }
    },
    {
      "type": "Feature",
      "geometry": {
        "type": "Point",
        "coordinates": [
          -121.8443078,
          39.7366566
        ]
      },
      "properties": {
        "osm_id": "node/12069469640",
        "name": "Museum of Northern California Art",
        "category": "tourism_museum",
        "amenity": null,
        "leisure": null,
        "tourism": "museum",
        "shop": null,
        "craft": null,
        "office": null,
        "club": null,
        "address": "900 Esplanade Chico",
        "website": "https://monca.org/",
        "phone": "+1-530-487-7272",
        "capacity": null,
        "wheelchair": null,
        "operator": null,
        "hosting_status": "needs_verification",
        "notes": null,
        "in_district": false,
        "google_place_id": "ChIJ7ZFxTr0ng4ARKKPPaR_Iefo",
        "google_types": [
          "art_museum",
          "tourist_attraction",
          "museum",
          "point_of_interest",
          "non_profit_organization",
          "association_or_organization",
          "establishment"
        ],
        "google_primary_type": "art_museum",
        "google_business_status": "OPERATIONAL",
        "google_rating": 4.7,
        "google_user_ratings_count": 156,
        "google_editorial_summary": null,
        "google_formatted_address": "900 Esplanade, Chico, CA 95926, USA",
        "priority_score": 0.7189,
        "priority_tier": "high",
        "priority_components": {
          "audience": 0.829,
          "confidence": 0.4,
          "fit": 0.75,
          "legitimacy": 1.0,
          "public_facility_bonus": 0.0,
          "in_district_walk_15_cvap": 2051
        },
        "priority_rank": 13
      }
    },
    {
      "type": "Feature",
      "geometry": {
        "type": "Point",
        "coordinates": [
          -121.8405803,
          39.7284965
        ]
      },
      "properties": {
        "osm_id": "node/12069477602",
        "name": "National Yo-Yo Museum",
        "category": "tourism_museum",
        "amenity": null,
        "leisure": null,
        "tourism": "museum",
        "shop": null,
        "craft": null,
        "office": null,
        "club": null,
        "address": "320 Broadway Street Chico",
        "website": "https://nationalyoyo.org/",
        "phone": "(530) 893-0545",
        "capacity": null,
        "wheelchair": null,
        "operator": null,
        "hosting_status": "needs_verification",
        "notes": null,
        "in_district": false,
        "google_place_id": "ChIJu9ZhFLcng4ARTfOtY6VnxF0",
        "google_types": [
          "museum",
          "tourist_attraction",
          "point_of_interest",
          "establishment"
        ],
        "google_primary_type": "museum",
        "google_business_status": "OPERATIONAL",
        "google_rating": 4.5,
        "google_user_ratings_count": 236,
        "google_editorial_summary": "Museum dedicated to the namesake toy with memorabilia displays & a working, 256-pound wooden yo-yo.",
        "google_formatted_address": "320 Broadway St, Chico, CA 95928, USA",
        "priority_score": 0.6606,
        "priority_tier": "high",
        "priority_components": {
          "audience": 0.683,
          "confidence": 0.4,
          "fit": 0.75,
          "legitimacy": 1.0,
          "public_facility_bonus": 0.0,
          "in_district_walk_15_cvap": 528
        },
        "priority_rank": 44
      }
    },
    {
      "type": "Feature",
      "geometry": {
        "type": "Point",
        "coordinates": [
          -121.8475013,
          39.7227769
        ]
      },
      "properties": {
        "osm_id": "node/12074445953",
        "name": "Taps Bar & Grill",
        "category": "bar",
        "amenity": "bar",
        "leisure": null,
        "tourism": null,
        "shop": null,
        "craft": null,
        "office": null,
        "club": null,
        "address": "407 Walnut Street Chico",
        "website": "+1-530-636-4341",
        "phone": "(530) 636-4341",
        "capacity": null,
        "wheelchair": null,
        "operator": null,
        "hosting_status": "needs_verification",
        "notes": null,
        "in_district": false,
        "google_place_id": "ChIJi71XYq4ng4AR6e88BXnopqo",
        "google_types": [
          "bar_and_grill",
          "bar",
          "restaurant",
          "point_of_interest",
          "food",
          "establishment"
        ],
        "google_primary_type": "bar_and_grill",
        "google_business_status": "CLOSED_PERMANENTLY",
        "google_rating": 4.2,
        "google_user_ratings_count": 192,
        "google_editorial_summary": null,
        "google_formatted_address": "407 Walnut St, Chico, CA 95928, USA",
        "priority_score": 0.0713,
        "priority_tier": "low",
        "priority_components": {
          "audience": 0.0,
          "confidence": 0.4,
          "fit": 0.55,
          "legitimacy": 0.0,
          "public_facility_bonus": 0.0,
          "in_district_walk_15_cvap": 0
        },
        "priority_rank": 157
      }
    },
    {
      "type": "Feature",
      "geometry": {
        "type": "Point",
        "coordinates": [
          -121.8531799,
          39.7269274
        ]
      },
      "properties": {
        "osm_id": "node/12101758328",
        "name": "Tacos Ramirez",
        "category": "restaurant",
        "amenity": "restaurant",
        "leisure": null,
        "tourism": null,
        "shop": null,
        "craft": null,
        "office": null,
        "club": null,
        "address": null,
        "website": null,
        "phone": "+1-530-354-0446",
        "capacity": null,
        "wheelchair": null,
        "operator": null,
        "hosting_status": "needs_verification",
        "notes": null,
        "in_district": false,
        "google_place_id": "ChIJZ_ewU6Yng4ARcybhtgnn7Y8",
        "google_types": [
          "mexican_restaurant",
          "restaurant",
          "point_of_interest",
          "food",
          "establishment"
        ],
        "google_primary_type": "mexican_restaurant",
        "google_business_status": "OPERATIONAL",
        "google_rating": 4.4,
        "google_user_ratings_count": 164,
        "google_editorial_summary": null,
        "google_formatted_address": "409 Nord Ave, Chico, CA 95926, USA",
        "priority_score": 0.5952,
        "priority_tier": "high",
        "priority_components": {
          "audience": 0.613,
          "confidence": 0.4,
          "fit": 0.6,
          "legitimacy": 1.0,
          "public_facility_bonus": 0.0,
          "in_district_walk_15_cvap": 273
        },
        "priority_rank": 106
      }
    },
    {
      "type": "Feature",
      "geometry": {
        "type": "Point",
        "coordinates": [
          -121.8653322,
          39.7554474
        ]
      },
      "properties": {
        "osm_id": "node/12111919201",
        "name": "Teriyaki House",
        "category": "restaurant",
        "amenity": "restaurant",
        "leisure": null,
        "tourism": null,
        "shop": null,
        "craft": null,
        "office": null,
        "club": null,
        "address": "236B West East Avenue",
        "website": "https://topusadetails.com/details/teriyaki-house-east-ave-ChIJ1Re",
        "phone": "(530) 894-6127",
        "capacity": null,
        "wheelchair": "yes",
        "operator": null,
        "hosting_status": "needs_verification",
        "notes": null,
        "in_district": false,
        "google_place_id": "ChIJ1Rew9oTYgoARgwMbaossXKw",
        "google_types": [
          "japanese_restaurant",
          "asian_restaurant",
          "fast_food_restaurant",
          "restaurant",
          "point_of_interest",
          "food",
          "establishment"
        ],
        "google_primary_type": "japanese_restaurant",
        "google_business_status": "OPERATIONAL",
        "google_rating": 4.5,
        "google_user_ratings_count": 220,
        "google_editorial_summary": null,
        "google_formatted_address": "236 W East Ave #B, Chico, CA 95926, USA",
        "priority_score": 0.6444,
        "priority_tier": "high",
        "priority_components": {
          "audience": 0.736,
          "confidence": 0.4,
          "fit": 0.6,
          "legitimacy": 1.0,
          "public_facility_bonus": 0.0,
          "in_district_walk_15_cvap": 869
        },
        "priority_rank": 57
      }
    },
    {
      "type": "Feature",
      "geometry": {
        "type": "Point",
        "coordinates": [
          -121.8355153,
          39.7397045
        ]
      },
      "properties": {
        "osm_id": "node/12117897001",
        "name": "ABC Books",
        "category": "shop_books",
        "amenity": null,
        "leisure": null,
        "tourism": null,
        "shop": "books",
        "craft": null,
        "office": null,
        "club": null,
        "address": null,
        "website": "https://www.facebook.com/ChicoABCBooks/",
        "phone": "(530) 893-4342",
        "capacity": null,
        "wheelchair": null,
        "operator": null,
        "hosting_status": "needs_verification",
        "notes": null,
        "in_district": true,
        "google_place_id": "ChIJh1Ks2b8ng4ARcFAZZiheB3o",
        "google_types": [
          "book_store",
          "point_of_interest",
          "store",
          "establishment"
        ],
        "google_primary_type": "book_store",
        "google_business_status": "OPERATIONAL",
        "google_rating": 4.5,
        "google_user_ratings_count": 72,
        "google_editorial_summary": null,
        "google_formatted_address": "950 Mangrove Ave, Chico, CA 95926, USA",
        "priority_score": 0.6432,
        "priority_tier": "high",
        "priority_components": {
          "audience": 0.839,
          "confidence": 0.4,
          "fit": 0.55,
          "legitimacy": 0.7,
          "public_facility_bonus": 0.0,
          "in_district_walk_15_cvap": 2266
        },
        "priority_rank": 59
      }
    },
    {
      "type": "Feature",
      "geometry": {
        "type": "Point",
        "coordinates": [
          -121.8464949,
          39.7396292
        ]
      },
      "properties": {
        "osm_id": "node/12141569693",
        "name": "Red Tavern",
        "category": "restaurant",
        "amenity": "restaurant",
        "leisure": null,
        "tourism": null,
        "shop": null,
        "craft": null,
        "office": null,
        "club": null,
        "address": "1250 Esplanade Chico",
        "website": "https://www.redtavern.com/",
        "phone": "+1-530-894-3463",
        "capacity": null,
        "wheelchair": null,
        "operator": null,
        "hosting_status": "needs_verification",
        "notes": null,
        "in_district": true,
        "google_place_id": "ChIJh8_VvZkng4ARv7wiaZNsW_I",
        "google_types": [
          "restaurant",
          "point_of_interest",
          "food",
          "establishment"
        ],
        "google_primary_type": "restaurant",
        "google_business_status": "OPERATIONAL",
        "google_rating": 4.6,
        "google_user_ratings_count": 409,
        "google_editorial_summary": "Wines & a seasonal American & Mediterranean menu in a garden bistro with weekly live music.",
        "google_formatted_address": "1250 Esplanade, Chico, CA 95926, USA",
        "priority_score": 0.7097,
        "priority_tier": "high",
        "priority_components": {
          "audience": 0.899,
          "confidence": 0.4,
          "fit": 0.6,
          "legitimacy": 1.0,
          "public_facility_bonus": 0.0,
          "in_district_walk_15_cvap": 3945
        },
        "priority_rank": 15
      }
    },
    {
      "type": "Feature",
      "geometry": {
        "type": "Point",
        "coordinates": [
          -121.8448811,
          39.7281197
        ]
      },
      "properties": {
        "osm_id": "node/12156758647",
        "name": "Chico State Wildcat Store",
        "category": "shop_books",
        "amenity": null,
        "leisure": null,
        "tourism": null,
        "shop": "books",
        "craft": null,
        "office": null,
        "club": null,
        "address": null,
        "website": "https://www.bkstr.com/chicostatewildcatstore/",
        "phone": "+1-530-898-5223",
        "capacity": null,
        "wheelchair": "yes",
        "operator": null,
        "hosting_status": "needs_verification",
        "notes": null,
        "in_district": false,
        "google_place_id": "ChIJ1Wudspgng4ARyTL9UFK2-S4",
        "google_types": [
          "book_store",
          "convenience_store",
          "electronics_store",
          "clothing_store",
          "point_of_interest",
          "food_store",
          "food",
          "store",
          "establishment"
        ],
        "google_primary_type": "book_store",
        "google_business_status": "OPERATIONAL",
        "google_rating": 4.2,
        "google_user_ratings_count": 143,
        "google_editorial_summary": null,
        "google_formatted_address": "Bell Mem Union, 101 Hazel St, Chico, CA 95928, USA",
        "priority_score": 0.5568,
        "priority_tier": "high",
        "priority_components": {
          "audience": 0.548,
          "confidence": 0.4,
          "fit": 0.55,
          "legitimacy": 1.0,
          "public_facility_bonus": 0.0,
          "in_district_walk_15_cvap": 146
        },
        "priority_rank": 114
      }
    },
    {
      "type": "Feature",
      "geometry": {
        "type": "Point",
        "coordinates": [
          -121.8484874,
          39.756705
        ]
      },
      "properties": {
        "osm_id": "node/12209917996",
        "name": "Butte College - Cosmetology & Barbering",
        "category": "college",
        "amenity": "college",
        "leisure": null,
        "tourism": null,
        "shop": null,
        "craft": null,
        "office": null,
        "club": null,
        "address": "2201 Pillsbury Road Chico",
        "website": "https://www.butte.edu/cosmetology/",
        "phone": "(530) 895-2202",
        "capacity": null,
        "wheelchair": null,
        "operator": "Butte College",
        "hosting_status": "needs_verification",
        "notes": null,
        "in_district": false,
        "google_place_id": "ChIJ7dt2VDLZgoAROPE-QStYTNE",
        "google_types": [
          "beauty_salon",
          "school",
          "educational_institution",
          "point_of_interest",
          "service",
          "establishment"
        ],
        "google_primary_type": "educational_institution",
        "google_business_status": "OPERATIONAL",
        "google_rating": 4.4,
        "google_user_ratings_count": 7,
        "google_editorial_summary": null,
        "google_formatted_address": "2201 Pillsbury Rd UNIT 170, Chico, CA 95926, USA",
        "priority_score": 0.6769,
        "priority_tier": "high",
        "priority_components": {
          "audience": 0.642,
          "confidence": 0.4,
          "fit": 0.8,
          "legitimacy": 0.7,
          "public_facility_bonus": 0.05,
          "in_district_walk_15_cvap": 361
        },
        "priority_rank": 32
      }
    },
    {
      "type": "Feature",
      "geometry": {
        "type": "Point",
        "coordinates": [
          -121.8455338,
          39.7307911
        ]
      },
      "properties": {
        "osm_id": "node/12212982479",
        "name": "Vertebrate Museum",
        "category": "tourism_museum",
        "amenity": null,
        "leisure": null,
        "tourism": "museum",
        "shop": null,
        "craft": null,
        "office": null,
        "club": null,
        "address": null,
        "website": "https://www.csuchico.edu/turner/",
        "phone": "(530) 898-4476",
        "capacity": null,
        "wheelchair": null,
        "operator": "California State University, Chico",
        "hosting_status": "needs_verification",
        "notes": null,
        "in_district": false,
        "google_place_id": "ChIJoTzc868ng4ARrrHYswOH2-w",
        "google_types": [
          "museum",
          "tourist_attraction",
          "point_of_interest",
          "establishment"
        ],
        "google_primary_type": "museum",
        "google_business_status": "OPERATIONAL",
        "google_rating": 4.8,
        "google_user_ratings_count": 13,
        "google_editorial_summary": "University museum exhibiting a former professor's collection of prints by renowned global artists.",
        "google_formatted_address": "400 W 1st St, Chico, CA 95929, USA",
        "priority_score": 0.6699,
        "priority_tier": "high",
        "priority_components": {
          "audience": 0.656,
          "confidence": 0.4,
          "fit": 0.75,
          "legitimacy": 0.7,
          "public_facility_bonus": 0.05,
          "in_district_walk_15_cvap": 411
        },
        "priority_rank": 39
      }
    },
    {
      "type": "Feature",
      "geometry": {
        "type": "Point",
        "coordinates": [
          -121.8492677,
          39.7239797
        ]
      },
      "properties": {
        "osm_id": "node/12272475534",
        "name": "Gyro Express",
        "category": "restaurant",
        "amenity": "restaurant",
        "leisure": null,
        "tourism": null,
        "shop": null,
        "craft": null,
        "office": null,
        "club": null,
        "address": null,
        "website": "http://gayroxpress.square.site/",
        "phone": "(415) 554-0352",
        "capacity": null,
        "wheelchair": null,
        "operator": null,
        "hosting_status": "needs_verification",
        "notes": null,
        "in_district": false,
        "google_place_id": "ChIJxenuMBt-j4AR8DU5-q9118Q",
        "google_types": [
          "mediterranean_restaurant",
          "gyro_restaurant",
          "restaurant",
          "point_of_interest",
          "food",
          "establishment"
        ],
        "google_primary_type": "mediterranean_restaurant",
        "google_business_status": "OPERATIONAL",
        "google_rating": 4,
        "google_user_ratings_count": 665,
        "google_editorial_summary": null,
        "google_formatted_address": "499 Castro St, San Francisco, CA 94114, USA",
        "priority_score": 0.105,
        "priority_tier": "low",
        "priority_components": {
          "audience": 0.0,
          "confidence": 0.4,
          "fit": 0.6,
          "legitimacy": 1.0,
          "public_facility_bonus": 0.0,
          "in_district_walk_15_cvap": 0
        },
        "priority_rank": 144
      }
    },
    {
      "type": "Feature",
      "geometry": {
        "type": "Point",
        "coordinates": [
          -121.843372,
          39.724524
        ]
      },
      "properties": {
        "osm_id": "node/12310566656",
        "name": "Barajas Birrieria",
        "category": "restaurant",
        "amenity": "restaurant",
        "leisure": null,
        "tourism": null,
        "shop": null,
        "craft": null,
        "office": null,
        "club": null,
        "address": null,
        "website": null,
        "phone": null,
        "capacity": null,
        "wheelchair": null,
        "operator": null,
        "hosting_status": "needs_verification",
        "notes": null,
        "in_district": false,
        "google_place_id": "ChIJLSQXbgAng4ARMVbM9sgrZlA",
        "google_types": [
          "mexican_restaurant",
          "restaurant",
          "point_of_interest",
          "food",
          "establishment"
        ],
        "google_primary_type": "mexican_restaurant",
        "google_business_status": "OPERATIONAL",
        "google_rating": 3.6,
        "google_user_ratings_count": 38,
        "google_editorial_summary": null,
        "google_formatted_address": "645 W 5th St, Chico, CA 95928, USA",
        "priority_score": 0.5033,
        "priority_tier": "medium",
        "priority_components": {
          "audience": 0.458,
          "confidence": 0.4,
          "fit": 0.6,
          "legitimacy": 0.7,
          "public_facility_bonus": 0.0,
          "in_district_walk_15_cvap": 58
        },
        "priority_rank": 126
      }
    },
    {
      "type": "Feature",
      "geometry": {
        "type": "Point",
        "coordinates": [
          -121.8414638,
          39.7301793
        ]
      },
      "properties": {
        "osm_id": "node/12324710177",
        "name": "Smokin' Mo's Bbq",
        "category": "restaurant",
        "amenity": "restaurant",
        "leisure": null,
        "tourism": null,
        "shop": null,
        "craft": null,
        "office": null,
        "club": null,
        "address": null,
        "website": "https://kindersbbqchico.com/",
        "phone": "(530) 342-3354",
        "capacity": null,
        "wheelchair": null,
        "operator": null,
        "hosting_status": "needs_verification",
        "notes": null,
        "in_district": false,
        "google_place_id": "ChIJK5Arf7Ang4ARHxs4taoWGUg",
        "google_types": [
          "barbecue_area",
          "point_of_interest",
          "establishment"
        ],
        "google_primary_type": "barbecue_area",
        "google_business_status": "OPERATIONAL",
        "google_rating": 4.3,
        "google_user_ratings_count": 312,
        "google_editorial_summary": "Low-key joint serving hearty hot & cold sandwiches, plus smoked ribs & other BBQ specialties.",
        "google_formatted_address": "1369 East Ave, Chico, CA 95926, USA",
        "priority_score": 0.6336,
        "priority_tier": "high",
        "priority_components": {
          "audience": 0.709,
          "confidence": 0.4,
          "fit": 0.6,
          "legitimacy": 1.0,
          "public_facility_bonus": 0.0,
          "in_district_walk_15_cvap": 676
        },
        "priority_rank": 66
      }
    },
    {
      "type": "Feature",
      "geometry": {
        "type": "Point",
        "coordinates": [
          -121.8519368,
          39.7455769
        ]
      },
      "properties": {
        "osm_id": "node/12327824560",
        "name": "JI BEI CHUAN(RICE NOODLES&RAMEN)",
        "category": "restaurant",
        "amenity": "restaurant",
        "leisure": null,
        "tourism": null,
        "shop": null,
        "craft": null,
        "office": null,
        "club": null,
        "address": "1851 Esplanade Chico",
        "website": "https://jibeichuan-chico.com/",
        "phone": "+1-530-487-8719",
        "capacity": null,
        "wheelchair": "yes",
        "operator": null,
        "hosting_status": "needs_verification",
        "notes": null,
        "in_district": true,
        "google_place_id": "ChIJA3t8bkEng4ARCXqKG8KQOzY",
        "google_types": [
          "restaurant",
          "point_of_interest",
          "food",
          "establishment"
        ],
        "google_primary_type": "restaurant",
        "google_business_status": "CLOSED_PERMANENTLY",
        "google_rating": 4.5,
        "google_user_ratings_count": 287,
        "google_editorial_summary": null,
        "google_formatted_address": "1851 Esplanade, Chico, CA 95926, USA",
        "priority_score": 0.6016,
        "priority_tier": "high",
        "priority_components": {
          "audience": 0.879,
          "confidence": 0.4,
          "fit": 0.6,
          "legitimacy": 0.0,
          "public_facility_bonus": 0.0,
          "in_district_walk_15_cvap": 3272
        },
        "priority_rank": 102
      }
    },
    {
      "type": "Feature",
      "geometry": {
        "type": "Point",
        "coordinates": [
          -121.8398287,
          39.7305275
        ]
      },
      "properties": {
        "osm_id": "node/12329907582",
        "name": "Meze Moon",
        "category": "restaurant",
        "amenity": "restaurant",
        "leisure": null,
        "tourism": null,
        "shop": null,
        "craft": null,
        "office": null,
        "club": null,
        "address": null,
        "website": "http://www.mezemoon.com/",
        "phone": null,
        "capacity": null,
        "wheelchair": null,
        "operator": null,
        "hosting_status": "needs_verification",
        "notes": null,
        "in_district": false,
        "google_place_id": "ChIJTeN4jEwng4ARDQGrcVeugFw",
        "google_types": [
          "mediterranean_restaurant",
          "restaurant",
          "point_of_interest",
          "food",
          "establishment"
        ],
        "google_primary_type": "mediterranean_restaurant",
        "google_business_status": "CLOSED_TEMPORARILY",
        "google_rating": 4.6,
        "google_user_ratings_count": 231,
        "google_editorial_summary": null,
        "google_formatted_address": "163 E 2nd St, Chico, CA 95928, USA",
        "priority_score": 0.6441,
        "priority_tier": "high",
        "priority_components": {
          "audience": 0.735,
          "confidence": 0.4,
          "fit": 0.6,
          "legitimacy": 1.0,
          "public_facility_bonus": 0.0,
          "in_district_walk_15_cvap": 862
        },
        "priority_rank": 58
      }
    },
    {
      "type": "Feature",
      "geometry": {
        "type": "Point",
        "coordinates": [
          -121.8489551,
          39.7242915
        ]
      },
      "properties": {
        "osm_id": "node/12332973152",
        "name": "Taj Indian Cuisine",
        "category": "restaurant",
        "amenity": "restaurant",
        "leisure": null,
        "tourism": null,
        "shop": null,
        "craft": null,
        "office": null,
        "club": null,
        "address": null,
        "website": "https://tajindiancuisine.shop/",
        "phone": "+1-530-592-3395",
        "capacity": null,
        "wheelchair": null,
        "operator": null,
        "hosting_status": "needs_verification",
        "notes": null,
        "in_district": false,
        "google_place_id": "ChIJNSluZi8ng4AREn29nw1MRdg",
        "google_types": [
          "indian_restaurant",
          "restaurant",
          "point_of_interest",
          "food",
          "establishment"
        ],
        "google_primary_type": "indian_restaurant",
        "google_business_status": "OPERATIONAL",
        "google_rating": 4.6,
        "google_user_ratings_count": 619,
        "google_editorial_summary": null,
        "google_formatted_address": "208 Cedar St, Chico, CA 95928, USA",
        "priority_score": 0.105,
        "priority_tier": "low",
        "priority_components": {
          "audience": 0.0,
          "confidence": 0.4,
          "fit": 0.6,
          "legitimacy": 1.0,
          "public_facility_bonus": 0.0,
          "in_district_walk_15_cvap": 0
        },
        "priority_rank": 145
      }
    },
    {
      "type": "Feature",
      "geometry": {
        "type": "Point",
        "coordinates": [
          -121.841551,
          39.7302529
        ]
      },
      "properties": {
        "osm_id": "node/12333349553",
        "name": "Thai Basil",
        "category": "restaurant",
        "amenity": "restaurant",
        "leisure": null,
        "tourism": null,
        "shop": null,
        "craft": null,
        "office": null,
        "club": null,
        "address": null,
        "website": null,
        "phone": "(530) 343-6843",
        "capacity": null,
        "wheelchair": null,
        "operator": null,
        "hosting_status": "needs_verification",
        "notes": null,
        "in_district": false,
        "google_place_id": "ChIJHc4_Wrong4ARR9i8d35RPKg",
        "google_types": [
          "restaurant",
          "point_of_interest",
          "food",
          "establishment"
        ],
        "google_primary_type": "restaurant",
        "google_business_status": "OPERATIONAL",
        "google_rating": 4.4,
        "google_user_ratings_count": 180,
        "google_editorial_summary": null,
        "google_formatted_address": "230 W 3rd St, Chico, CA 95928, USA",
        "priority_score": 0.6325,
        "priority_tier": "high",
        "priority_components": {
          "audience": 0.706,
          "confidence": 0.4,
          "fit": 0.6,
          "legitimacy": 1.0,
          "public_facility_bonus": 0.0,
          "in_district_walk_15_cvap": 658
        },
        "priority_rank": 68
      }
    },
    {
      "type": "Feature",
      "geometry": {
        "type": "Point",
        "coordinates": [
          -121.8412886,
          39.7299608
        ]
      },
      "properties": {
        "osm_id": "node/12333385246",
        "name": "Falafal Corner",
        "category": "restaurant",
        "amenity": "restaurant",
        "leisure": null,
        "tourism": null,
        "shop": null,
        "craft": null,
        "office": null,
        "club": null,
        "address": null,
        "website": null,
        "phone": "(614) 454-1072",
        "capacity": null,
        "wheelchair": null,
        "operator": null,
        "hosting_status": "needs_verification",
        "notes": null,
        "in_district": false,
        "google_place_id": "ChIJT19fWT8ng4ARSXGZ8pXddvw",
        "google_types": [
          "point_of_interest",
          "establishment"
        ],
        "google_primary_type": null,
        "google_business_status": "CLOSED_PERMANENTLY",
        "google_rating": 4.7,
        "google_user_ratings_count": 42,
        "google_editorial_summary": null,
        "google_formatted_address": "146 W 2nd St, Chico, CA 95928, USA",
        "priority_score": 0.5336,
        "priority_tier": "medium",
        "priority_components": {
          "audience": 0.709,
          "confidence": 0.4,
          "fit": 0.6,
          "legitimacy": 0.0,
          "public_facility_bonus": 0.0,
          "in_district_walk_15_cvap": 676
        },
        "priority_rank": 118
      }
    },
    {
      "type": "Feature",
      "geometry": {
        "type": "Point",
        "coordinates": [
          -121.8416538,
          39.7303173
        ]
      },
      "properties": {
        "osm_id": "node/12333396181",
        "name": "Street Public House",
        "category": "bar",
        "amenity": "bar",
        "leisure": null,
        "tourism": null,
        "shop": null,
        "craft": null,
        "office": null,
        "club": null,
        "address": null,
        "website": null,
        "phone": null,
        "capacity": null,
        "wheelchair": null,
        "operator": null,
        "hosting_status": "needs_verification",
        "notes": null,
        "in_district": false,
        "google_place_id": "ChIJG9S1ULong4ARZx7Rm9QMkdM",
        "google_types": [
          "restaurant",
          "breakfast_restaurant",
          "brunch_restaurant",
          "point_of_interest",
          "food",
          "establishment"
        ],
        "google_primary_type": "restaurant",
        "google_business_status": "OPERATIONAL",
        "google_rating": 4.4,
        "google_user_ratings_count": 563,
        "google_editorial_summary": "Rustic-chic locale with a spacious patio offering New American grub, a full bar & weekend brunch.",
        "google_formatted_address": "117 Broadway St, Chico, CA 95928, USA",
        "priority_score": 0.6287,
        "priority_tier": "high",
        "priority_components": {
          "audience": 0.728,
          "confidence": 0.4,
          "fit": 0.55,
          "legitimacy": 1.0,
          "public_facility_bonus": 0.0,
          "in_district_walk_15_cvap": 806
        },
        "priority_rank": 78
      }
    },
    {
      "type": "Feature",
      "geometry": {
        "type": "Point",
        "coordinates": [
          -121.8414638,
          39.7300854
        ]
      },
      "properties": {
        "osm_id": "node/12333402345",
        "name": "Aca Taco",
        "category": "restaurant",
        "amenity": "restaurant",
        "leisure": null,
        "tourism": null,
        "shop": null,
        "craft": null,
        "office": null,
        "club": null,
        "address": null,
        "website": "https://www.acataco.com/",
        "phone": "(530) 894-0191",
        "capacity": null,
        "wheelchair": null,
        "operator": null,
        "hosting_status": "needs_verification",
        "notes": null,
        "in_district": false,
        "google_place_id": "ChIJ3VgNW7ong4ARW_Bli5qnDAQ",
        "google_types": [
          "mexican_restaurant",
          "burrito_restaurant",
          "taco_restaurant",
          "restaurant",
          "point_of_interest",
          "food",
          "establishment"
        ],
        "google_primary_type": "mexican_restaurant",
        "google_business_status": "OPERATIONAL",
        "google_rating": 4.4,
        "google_user_ratings_count": 398,
        "google_editorial_summary": "A menu featuring traditional Mexican dishes & drinks in a casual space with neon signs & sports TV.",
        "google_formatted_address": "133 Broadway St, Chico, CA 95928, USA",
        "priority_score": 0.6336,
        "priority_tier": "high",
        "priority_components": {
          "audience": 0.709,
          "confidence": 0.4,
          "fit": 0.6,
          "legitimacy": 1.0,
          "public_facility_bonus": 0.0,
          "in_district_walk_15_cvap": 676
        },
        "priority_rank": 67
      }
    },
    {
      "type": "Feature",
      "geometry": {
        "type": "Point",
        "coordinates": [
          -121.8466405,
          39.7273233
        ]
      },
      "properties": {
        "osm_id": "node/12340804885",
        "name": "Cafe Muse",
        "category": "cafe",
        "amenity": "cafe",
        "leisure": null,
        "tourism": null,
        "shop": null,
        "craft": null,
        "office": null,
        "club": null,
        "address": null,
        "website": null,
        "phone": "(530) 513-2793",
        "capacity": null,
        "wheelchair": "yes",
        "operator": null,
        "hosting_status": "needs_verification",
        "notes": null,
        "in_district": false,
        "google_place_id": "ChIJOSp5Li4ng4ARqhgNN4kb7dg",
        "google_types": [
          "cafe",
          "point_of_interest",
          "food",
          "establishment"
        ],
        "google_primary_type": "cafe",
        "google_business_status": "OPERATIONAL",
        "google_rating": null,
        "google_user_ratings_count": null,
        "google_editorial_summary": null,
        "google_formatted_address": "642 W 5th St, Chico, CA 95928, USA",
        "priority_score": 0.5094,
        "priority_tier": "medium",
        "priority_components": {
          "audience": 0.586,
          "confidence": 0.4,
          "fit": 0.5,
          "legitimacy": 0.5,
          "public_facility_bonus": 0.0,
          "in_district_walk_15_cvap": 211
        },
        "priority_rank": 125
      }
    },
    {
      "type": "Feature",
      "geometry": {
        "type": "Point",
        "coordinates": [
          -121.8467638,
          39.722644
        ]
      },
      "properties": {
        "osm_id": "node/12357101142",
        "name": "Mi Jalisco",
        "category": "restaurant",
        "amenity": "restaurant",
        "leisure": null,
        "tourism": null,
        "shop": null,
        "craft": null,
        "office": null,
        "club": null,
        "address": null,
        "website": "https://mijaliscomexicangrilleca.com/",
        "phone": "(530) 961-2279",
        "capacity": null,
        "wheelchair": null,
        "operator": null,
        "hosting_status": "needs_verification",
        "notes": null,
        "in_district": false,
        "google_place_id": "ChIJgYZff5wng4AR5woU91KE-vE",
        "google_types": [
          "mexican_restaurant",
          "restaurant",
          "point_of_interest",
          "food",
          "establishment"
        ],
        "google_primary_type": "mexican_restaurant",
        "google_business_status": "OPERATIONAL",
        "google_rating": 4.2,
        "google_user_ratings_count": 280,
        "google_editorial_summary": null,
        "google_formatted_address": "1002 W 5th St, Chico, CA 95928, USA",
        "priority_score": 0.105,
        "priority_tier": "low",
        "priority_components": {
          "audience": 0.0,
          "confidence": 0.4,
          "fit": 0.6,
          "legitimacy": 1.0,
          "public_facility_bonus": 0.0,
          "in_district_walk_15_cvap": 0
        },
        "priority_rank": 146
      }
    },
    {
      "type": "Feature",
      "geometry": {
        "type": "Point",
        "coordinates": [
          -121.8641992,
          39.755368
        ]
      },
      "properties": {
        "osm_id": "node/12434600507",
        "name": "Casa Ramos",
        "category": "restaurant",
        "amenity": "restaurant",
        "leisure": null,
        "tourism": null,
        "shop": null,
        "craft": null,
        "office": null,
        "club": null,
        "address": null,
        "website": "http://www.casaramos.net/",
        "phone": "(530) 894-0119",
        "capacity": null,
        "wheelchair": null,
        "operator": null,
        "hosting_status": "needs_verification",
        "notes": null,
        "in_district": false,
        "google_place_id": "ChIJM5oPXYTYgoARY_nLB7ecAz0",
        "google_types": [
          "mexican_restaurant",
          "restaurant",
          "point_of_interest",
          "food",
          "establishment"
        ],
        "google_primary_type": "mexican_restaurant",
        "google_business_status": "OPERATIONAL",
        "google_rating": 4.3,
        "google_user_ratings_count": 534,
        "google_editorial_summary": "Casual, family-owned chain offering enchiladas, carne asada & other Mexican favorites.",
        "google_formatted_address": "216C W East Ave, Chico, CA 95926, USA",
        "priority_score": 0.6467,
        "priority_tier": "high",
        "priority_components": {
          "audience": 0.742,
          "confidence": 0.4,
          "fit": 0.6,
          "legitimacy": 1.0,
          "public_facility_bonus": 0.0,
          "in_district_walk_15_cvap": 917
        },
        "priority_rank": 54
      }
    },
    {
      "type": "Feature",
      "geometry": {
        "type": "Point",
        "coordinates": [
          -121.8437664,
          39.7248744
        ]
      },
      "properties": {
        "osm_id": "node/12446019065",
        "name": "Tacos Mary",
        "category": "restaurant",
        "amenity": "restaurant",
        "leisure": null,
        "tourism": null,
        "shop": null,
        "craft": null,
        "office": null,
        "club": null,
        "address": "429 Ivy Street Chico",
        "website": "https://www.yelp.com/biz/tacos-mary-chico",
        "phone": "+1-530-892-8176",
        "capacity": null,
        "wheelchair": null,
        "operator": null,
        "hosting_status": "needs_verification",
        "notes": null,
        "in_district": false,
        "google_place_id": "ChIJN_8Fx7Eng4ARzcJIUe6lAN0",
        "google_types": [
          "mexican_restaurant",
          "restaurant",
          "point_of_interest",
          "food",
          "establishment"
        ],
        "google_primary_type": "mexican_restaurant",
        "google_business_status": "OPERATIONAL",
        "google_rating": 4.4,
        "google_user_ratings_count": 551,
        "google_editorial_summary": null,
        "google_formatted_address": "429 Ivy St, Chico, CA 95928, USA",
        "priority_score": 0.5256,
        "priority_tier": "medium",
        "priority_components": {
          "audience": 0.439,
          "confidence": 0.4,
          "fit": 0.6,
          "legitimacy": 1.0,
          "public_facility_bonus": 0.0,
          "in_district_walk_15_cvap": 47
        },
        "priority_rank": 120
      }
    },
    {
      "type": "Feature",
      "geometry": {
        "type": "Point",
        "coordinates": [
          -121.8231539,
          39.7189349
        ]
      },
      "properties": {
        "osm_id": "node/12528251921",
        "name": "Park Avenue Pub",
        "category": "pub",
        "amenity": "pub",
        "leisure": null,
        "tourism": null,
        "shop": null,
        "craft": null,
        "office": null,
        "club": null,
        "address": null,
        "website": null,
        "phone": "(530) 893-3500",
        "capacity": null,
        "wheelchair": null,
        "operator": null,
        "hosting_status": "needs_verification",
        "notes": null,
        "in_district": false,
        "google_place_id": "ChIJ6eSIwTEmg4AR9DWprktoqIQ",
        "google_types": [
          "bar_and_grill",
          "bar",
          "restaurant",
          "point_of_interest",
          "food",
          "establishment"
        ],
        "google_primary_type": "bar_and_grill",
        "google_business_status": "OPERATIONAL",
        "google_rating": 4.5,
        "google_user_ratings_count": 448,
        "google_editorial_summary": null,
        "google_formatted_address": "2010 Park Ave, Chico, CA 95928, USA",
        "priority_score": 0.1013,
        "priority_tier": "low",
        "priority_components": {
          "audience": 0.0,
          "confidence": 0.4,
          "fit": 0.55,
          "legitimacy": 1.0,
          "public_facility_bonus": 0.0,
          "in_district_walk_15_cvap": 0
        },
        "priority_rank": 149
      }
    },
    {
      "type": "Feature",
      "geometry": {
        "type": "Point",
        "coordinates": [
          -121.8349438,
          39.7289341
        ]
      },
      "properties": {
        "osm_id": "node/12535114162",
        "name": "Tender Loving",
        "category": "cafe",
        "amenity": "cafe",
        "leisure": null,
        "tourism": null,
        "shop": null,
        "craft": null,
        "office": null,
        "club": null,
        "address": "365 East 6th Street St. Chico",
        "website": "https://www.tenderlovingcoffee.com/",
        "phone": "+1-530-433-0414",
        "capacity": null,
        "wheelchair": null,
        "operator": null,
        "hosting_status": "needs_verification",
        "notes": null,
        "in_district": false,
        "google_place_id": "ChIJGeGOiv4ng4AR4ZHz6_JgE9A",
        "google_types": [
          "cafe",
          "coffee_shop",
          "point_of_interest",
          "food_store",
          "food",
          "store",
          "establishment"
        ],
        "google_primary_type": "cafe",
        "google_business_status": "OPERATIONAL",
        "google_rating": 4.6,
        "google_user_ratings_count": 191,
        "google_editorial_summary": null,
        "google_formatted_address": "365 E 6th St, Chico, CA 95928, USA",
        "priority_score": 0.6115,
        "priority_tier": "high",
        "priority_components": {
          "audience": 0.716,
          "confidence": 0.4,
          "fit": 0.5,
          "legitimacy": 1.0,
          "public_facility_bonus": 0.0,
          "in_district_walk_15_cvap": 723
        },
        "priority_rank": 95
      }
    },
    {
      "type": "Feature",
      "geometry": {
        "type": "Point",
        "coordinates": [
          -121.843279,
          39.7311628
        ]
      },
      "properties": {
        "osm_id": "node/12542866452",
        "name": "Lovebird Coffee",
        "category": "cafe",
        "amenity": "cafe",
        "leisure": null,
        "tourism": null,
        "shop": null,
        "craft": null,
        "office": null,
        "club": null,
        "address": null,
        "website": "http://www.lovebirdcoffee.net/",
        "phone": "(818) 599-9476",
        "capacity": null,
        "wheelchair": "yes",
        "operator": null,
        "hosting_status": "needs_verification",
        "notes": null,
        "in_district": false,
        "google_place_id": "ChIJzSHB1NMng4ARpvnOIowaxNU",
        "google_types": [
          "coffee_shop",
          "cafe",
          "point_of_interest",
          "food_store",
          "food",
          "store",
          "establishment"
        ],
        "google_primary_type": "coffee_shop",
        "google_business_status": "OPERATIONAL",
        "google_rating": 5,
        "google_user_ratings_count": 21,
        "google_editorial_summary": null,
        "google_formatted_address": "230 W 1st St, Chico, CA 95928, USA",
        "priority_score": 0.5238,
        "priority_tier": "medium",
        "priority_components": {
          "audience": 0.572,
          "confidence": 0.4,
          "fit": 0.5,
          "legitimacy": 0.7,
          "public_facility_bonus": 0.0,
          "in_district_walk_15_cvap": 184
        },
        "priority_rank": 121
      }
    },
    {
      "type": "Feature",
      "geometry": {
        "type": "Point",
        "coordinates": [
          -121.8586689,
          39.7315198
        ]
      },
      "properties": {
        "osm_id": "node/12708333913",
        "name": "Project Tea",
        "category": "cafe",
        "amenity": "cafe",
        "leisure": null,
        "tourism": null,
        "shop": null,
        "craft": null,
        "office": null,
        "club": null,
        "address": "1008 W Sacramento Ave Chico",
        "website": "https://project-tea.com",
        "phone": "+1-530-855-0526",
        "capacity": null,
        "wheelchair": null,
        "operator": null,
        "hosting_status": "needs_verification",
        "notes": null,
        "in_district": false,
        "google_place_id": "ChIJT3sYJF4ng4ARSDgoAOoubiU",
        "google_types": [
          "tea_house",
          "point_of_interest",
          "establishment"
        ],
        "google_primary_type": "tea_house",
        "google_business_status": "OPERATIONAL",
        "google_rating": 4.5,
        "google_user_ratings_count": 94,
        "google_editorial_summary": null,
        "google_formatted_address": "1008 W Sacramento Ave suite h, Chico, CA 95926, USA",
        "priority_score": 0.6256,
        "priority_tier": "high",
        "priority_components": {
          "audience": 0.826,
          "confidence": 0.4,
          "fit": 0.5,
          "legitimacy": 0.7,
          "public_facility_bonus": 0.0,
          "in_district_walk_15_cvap": 2011
        },
        "priority_rank": 82
      }
    },
    {
      "type": "Feature",
      "geometry": {
        "type": "Point",
        "coordinates": [
          -121.8625905,
          39.7570784
        ]
      },
      "properties": {
        "osm_id": "node/12869562597",
        "name": "Las Tapatias Mexican Grille",
        "category": "restaurant",
        "amenity": "restaurant",
        "leisure": null,
        "tourism": null,
        "shop": null,
        "craft": null,
        "office": null,
        "club": null,
        "address": "118 West East Avenue",
        "website": "https://www.lastapatiastaqueria.com/",
        "phone": "+1-530-554-6271",
        "capacity": null,
        "wheelchair": null,
        "operator": null,
        "hosting_status": "needs_verification",
        "notes": null,
        "in_district": false,
        "google_place_id": "ChIJ71Q0vpbZgoARaT73rESpLTM",
        "google_types": [
          "mexican_restaurant",
          "restaurant",
          "point_of_interest",
          "food",
          "establishment"
        ],
        "google_primary_type": "mexican_restaurant",
        "google_business_status": "OPERATIONAL",
        "google_rating": 4.5,
        "google_user_ratings_count": 569,
        "google_editorial_summary": null,
        "google_formatted_address": "118 W East Ave, Chico, CA 95973, USA",
        "priority_score": 0.6572,
        "priority_tier": "high",
        "priority_components": {
          "audience": 0.768,
          "confidence": 0.4,
          "fit": 0.6,
          "legitimacy": 1.0,
          "public_facility_bonus": 0.0,
          "in_district_walk_15_cvap": 1171
        },
        "priority_rank": 46
      }
    },
    {
      "type": "Feature",
      "geometry": {
        "type": "Point",
        "coordinates": [
          -121.8498305,
          39.7529307
        ]
      },
      "properties": {
        "osm_id": "node/12884623681",
        "name": "Chico Creek Coffee",
        "category": "cafe",
        "amenity": "cafe",
        "leisure": null,
        "tourism": null,
        "shop": null,
        "craft": null,
        "office": null,
        "club": null,
        "address": null,
        "website": null,
        "phone": "(530) 330-2888",
        "capacity": null,
        "wheelchair": null,
        "operator": null,
        "hosting_status": "needs_verification",
        "notes": null,
        "in_district": true,
        "google_place_id": "ChIJLdiP_ysng4ARmc9kr7TeAtg",
        "google_types": [
          "coffee_shop",
          "cafe",
          "point_of_interest",
          "food_store",
          "food",
          "store",
          "establishment"
        ],
        "google_primary_type": "coffee_shop",
        "google_business_status": "CLOSED_PERMANENTLY",
        "google_rating": 4.8,
        "google_user_ratings_count": 59,
        "google_editorial_summary": null,
        "google_formatted_address": "107 Parmac Rd, Chico, CA 95926, USA",
        "priority_score": 0.5546,
        "priority_tier": "high",
        "priority_components": {
          "audience": 0.824,
          "confidence": 0.4,
          "fit": 0.5,
          "legitimacy": 0.0,
          "public_facility_bonus": 0.0,
          "in_district_walk_15_cvap": 1969
        },
        "priority_rank": 115
      }
    },
    {
      "type": "Feature",
      "geometry": {
        "type": "Point",
        "coordinates": [
          -121.8590763,
          39.7317614
        ]
      },
      "properties": {
        "osm_id": "node/12998392380",
        "name": "IFish Poke Bar Thai Kitchen",
        "category": "restaurant",
        "amenity": "restaurant",
        "leisure": null,
        "tourism": null,
        "shop": null,
        "craft": null,
        "office": null,
        "club": null,
        "address": null,
        "website": "https://www.ifishpokebar.com/",
        "phone": "(530) 892-1868",
        "capacity": null,
        "wheelchair": null,
        "operator": null,
        "hosting_status": "needs_verification",
        "notes": null,
        "in_district": false,
        "google_place_id": "ChIJxQwx2Qong4ARqYPnXT_Dm3E",
        "google_types": [
          "thai_restaurant",
          "hawaiian_restaurant",
          "sushi_restaurant",
          "american_restaurant",
          "japanese_restaurant",
          "restaurant",
          "point_of_interest",
          "food",
          "establishment"
        ],
        "google_primary_type": "thai_restaurant",
        "google_business_status": "OPERATIONAL",
        "google_rating": 4.3,
        "google_user_ratings_count": 165,
        "google_editorial_summary": null,
        "google_formatted_address": "1008 W Sacramento Ave #2a, Chico, CA 95926, USA",
        "priority_score": 0.6805,
        "priority_tier": "high",
        "priority_components": {
          "audience": 0.826,
          "confidence": 0.4,
          "fit": 0.6,
          "legitimacy": 1.0,
          "public_facility_bonus": 0.0,
          "in_district_walk_15_cvap": 2010
        },
        "priority_rank": 29
      }
    },
    {
      "type": "Feature",
      "geometry": {
        "type": "Point",
        "coordinates": [
          -121.8344401,
          39.7384484
        ]
      },
      "properties": {
        "osm_id": "node/13057181313",
        "name": "Egg Roll King",
        "category": "restaurant",
        "amenity": "restaurant",
        "leisure": null,
        "tourism": null,
        "shop": null,
        "craft": null,
        "office": null,
        "club": null,
        "address": null,
        "website": "https://restoer.com/egg-roll-king",
        "phone": "(530) 893-1838",
        "capacity": null,
        "wheelchair": null,
        "operator": null,
        "hosting_status": "needs_verification",
        "notes": null,
        "in_district": true,
        "google_place_id": "ChIJw3vTkL8ng4ARVqR1_Z9HwEs",
        "google_types": [
          "chinese_restaurant",
          "restaurant",
          "point_of_interest",
          "food",
          "establishment"
        ],
        "google_primary_type": "chinese_restaurant",
        "google_business_status": "OPERATIONAL",
        "google_rating": 3.9,
        "google_user_ratings_count": 475,
        "google_editorial_summary": null,
        "google_formatted_address": "659 Palmetto Ave, Chico, CA 95926, USA",
        "priority_score": 0.6546,
        "priority_tier": "high",
        "priority_components": {
          "audience": 0.836,
          "confidence": 0.4,
          "fit": 0.6,
          "legitimacy": 0.7,
          "public_facility_bonus": 0.0,
          "in_district_walk_15_cvap": 2208
        },
        "priority_rank": 47
      }
    },
    {
      "type": "Feature",
      "geometry": {
        "type": "Point",
        "coordinates": [
          -121.8686686,
          39.763651
        ]
      },
      "properties": {
        "osm_id": "node/13057212458",
        "name": "Ikkyu Japanese Restaurant",
        "category": "restaurant",
        "amenity": "restaurant",
        "leisure": null,
        "tourism": null,
        "shop": null,
        "craft": null,
        "office": null,
        "club": null,
        "address": "2995 Esplanade",
        "website": null,
        "phone": "+1-530-965-5943",
        "capacity": null,
        "wheelchair": null,
        "operator": null,
        "hosting_status": "needs_verification",
        "notes": null,
        "in_district": false,
        "google_place_id": "ChIJUUckl5vZgoARtPxywA3B99o",
        "google_types": [
          "restaurant",
          "point_of_interest",
          "food",
          "establishment"
        ],
        "google_primary_type": "restaurant",
        "google_business_status": "CLOSED_PERMANENTLY",
        "google_rating": 4.4,
        "google_user_ratings_count": 55,
        "google_editorial_summary": null,
        "google_formatted_address": "2995 Esplanade #104, Chico, CA 95973, USA",
        "priority_score": 0.512,
        "priority_tier": "medium",
        "priority_components": {
          "audience": 0.655,
          "confidence": 0.4,
          "fit": 0.6,
          "legitimacy": 0.0,
          "public_facility_bonus": 0.0,
          "in_district_walk_15_cvap": 407
        },
        "priority_rank": 123
      }
    },
    {
      "type": "Feature",
      "geometry": {
        "type": "Point",
        "coordinates": [
          -121.8621685,
          39.7580813
        ]
      },
      "properties": {
        "osm_id": "node/13179822081",
        "name": "Prya Indian Cuisine",
        "category": "restaurant",
        "amenity": "restaurant",
        "leisure": null,
        "tourism": null,
        "shop": null,
        "craft": null,
        "office": null,
        "club": null,
        "address": "2574 Esplanade Chico",
        "website": "http://chicopriya.com",
        "phone": "+1 530 899 1055",
        "capacity": null,
        "wheelchair": null,
        "operator": null,
        "hosting_status": "needs_verification",
        "notes": null,
        "in_district": true,
        "google_place_id": "ChIJ7_9t3oXYgoAR37VDEpdI7JE",
        "google_types": [
          "indian_restaurant",
          "restaurant",
          "point_of_interest",
          "food",
          "establishment"
        ],
        "google_primary_type": "indian_restaurant",
        "google_business_status": "OPERATIONAL",
        "google_rating": 4.6,
        "google_user_ratings_count": 766,
        "google_editorial_summary": "Relaxed Indian restaurant offering a lunch buffet & a traditional menu, plus beer & wine.",
        "google_formatted_address": "2574 Esplanade, Chico, CA 95973, USA",
        "priority_score": 0.6585,
        "priority_tier": "high",
        "priority_components": {
          "audience": 0.771,
          "confidence": 0.4,
          "fit": 0.6,
          "legitimacy": 1.0,
          "public_facility_bonus": 0.0,
          "in_district_walk_15_cvap": 1206
        },
        "priority_rank": 45
      }
    },
    {
      "type": "Feature",
      "geometry": {
        "type": "Point",
        "coordinates": [
          -121.8357897,
          39.7252429
        ]
      },
      "properties": {
        "osm_id": "node/13246569796",
        "name": "Winchester Goose",
        "category": "bar",
        "amenity": "bar",
        "leisure": null,
        "tourism": null,
        "shop": null,
        "craft": null,
        "office": null,
        "club": null,
        "address": null,
        "website": "https://www.facebook.com/thewinchestergoose",
        "phone": "(530) 895-1350",
        "capacity": null,
        "wheelchair": null,
        "operator": null,
        "hosting_status": "needs_verification",
        "notes": null,
        "in_district": false,
        "google_place_id": "ChIJ77ZygbYng4ARnZ8ntWrq-K4",
        "google_types": [
          "bar",
          "restaurant",
          "point_of_interest",
          "food",
          "establishment"
        ],
        "google_primary_type": "bar",
        "google_business_status": "CLOSED_PERMANENTLY",
        "google_rating": 4.6,
        "google_user_ratings_count": 251,
        "google_editorial_summary": "Many craft brews on tap & elevated pub fare offered in a hip, relaxed space with brick-lined walls.",
        "google_formatted_address": "824 Oroville Ave, Chico, CA 95928, USA",
        "priority_score": 0.4821,
        "priority_tier": "medium",
        "priority_components": {
          "audience": 0.611,
          "confidence": 0.4,
          "fit": 0.55,
          "legitimacy": 0.0,
          "public_facility_bonus": 0.0,
          "in_district_walk_15_cvap": 269
        },
        "priority_rank": 129
      }
    },
    {
      "type": "Feature",
      "geometry": {
        "type": "Point",
        "coordinates": [
          -121.8372673,
          39.7417014
        ]
      },
      "properties": {
        "osm_id": "node/13308770421",
        "name": "Bidwell Perk",
        "category": "cafe",
        "amenity": "cafe",
        "leisure": null,
        "tourism": null,
        "shop": null,
        "craft": null,
        "office": null,
        "club": null,
        "address": "664 East 1st Avenue Chico",
        "website": "http://www.bidwellperk.com/",
        "phone": "(530) 899-1500",
        "capacity": null,
        "wheelchair": null,
        "operator": null,
        "hosting_status": "needs_verification",
        "notes": null,
        "in_district": true,
        "google_place_id": "ChIJB7dxTZQng4AR4OkUvUxQtws",
        "google_types": [
          "coffee_shop",
          "tea_house",
          "cafe",
          "point_of_interest",
          "food_store",
          "food",
          "store",
          "establishment"
        ],
        "google_primary_type": "coffee_shop",
        "google_business_status": "OPERATIONAL",
        "google_rating": 4.6,
        "google_user_ratings_count": 477,
        "google_editorial_summary": null,
        "google_formatted_address": "664 E 1st Ave, Chico, CA 95926, USA",
        "priority_score": 0.6735,
        "priority_tier": "high",
        "priority_components": {
          "audience": 0.871,
          "confidence": 0.4,
          "fit": 0.5,
          "legitimacy": 1.0,
          "public_facility_bonus": 0.0,
          "in_district_walk_15_cvap": 3044
        },
        "priority_rank": 36
      }
    },
    {
      "type": "Feature",
      "geometry": {
        "type": "Point",
        "coordinates": [
          -121.8420263,
          39.7285366
        ]
      },
      "properties": {
        "osm_id": "node/13474953661",
        "name": "Chico Packet Pro",
        "category": "shop_books",
        "amenity": null,
        "leisure": null,
        "tourism": null,
        "shop": "books",
        "craft": null,
        "office": null,
        "club": null,
        "address": null,
        "website": "https://www.chicopacketpro.com/",
        "phone": null,
        "capacity": null,
        "wheelchair": null,
        "operator": null,
        "hosting_status": "needs_verification",
        "notes": null,
        "in_district": false,
        "google_place_id": "ChIJL0cxtF0ng4AR1dg8Qqyt8Fw",
        "google_types": [
          "university",
          "educational_institution",
          "point_of_interest",
          "establishment"
        ],
        "google_primary_type": "university",
        "google_business_status": "CLOSED_TEMPORARILY",
        "google_rating": null,
        "google_user_ratings_count": null,
        "google_editorial_summary": null,
        "google_formatted_address": "230 Salem St, Chico, CA 95928, USA",
        "priority_score": 0.5455,
        "priority_tier": "medium",
        "priority_components": {
          "audience": 0.645,
          "confidence": 0.4,
          "fit": 0.55,
          "legitimacy": 0.5,
          "public_facility_bonus": 0.0,
          "in_district_walk_15_cvap": 370
        },
        "priority_rank": 117
      }
    },
    {
      "type": "Feature",
      "geometry": {
        "type": "Point",
        "coordinates": [
          -121.851524,
          39.7381558
        ]
      },
      "properties": {
        "osm_id": "way/28551317",
        "name": "Citrus Avenue Elementary School",
        "category": "school",
        "amenity": "school",
        "leisure": null,
        "tourism": null,
        "shop": null,
        "craft": null,
        "office": null,
        "club": null,
        "address": "1350 Citrus Avenue Chico",
        "website": "http://citrus.chicousd.org/",
        "phone": "(530) 891-3107",
        "capacity": null,
        "wheelchair": null,
        "operator": null,
        "hosting_status": "needs_verification",
        "notes": "Public school auditoriums and hotel meeting rooms typically require an explicit booking arrangement \u2014 confirm with the venue before assuming.",
        "in_district": true,
        "google_place_id": "ChIJSRknx54ng4AR3Iw085HkM3g",
        "google_types": [
          "primary_school",
          "point_of_interest",
          "school",
          "educational_institution",
          "establishment"
        ],
        "google_primary_type": "primary_school",
        "google_business_status": "OPERATIONAL",
        "google_rating": null,
        "google_user_ratings_count": null,
        "google_editorial_summary": null,
        "google_formatted_address": "1350 Citrus Ave, Chico, CA 95926, USA",
        "priority_score": 0.7625,
        "priority_tier": "top",
        "priority_components": {
          "audience": 0.906,
          "confidence": 0.4,
          "fit": 0.8,
          "legitimacy": 0.5,
          "public_facility_bonus": 0.05,
          "in_district_walk_15_cvap": 4207
        },
        "priority_rank": 4
      }
    },
    {
      "type": "Feature",
      "geometry": {
        "type": "Point",
        "coordinates": [
          -121.8494406,
          39.7295278
        ]
      },
      "properties": {
        "osm_id": "way/28551484",
        "name": "California State University, Chico",
        "category": "university",
        "amenity": "university",
        "leisure": null,
        "tourism": null,
        "shop": null,
        "craft": null,
        "office": null,
        "club": null,
        "address": "400 West 1st Street Chico",
        "website": "https://www.csuchico.edu/",
        "phone": "(530) 898-4636",
        "capacity": null,
        "wheelchair": null,
        "operator": null,
        "hosting_status": "needs_verification",
        "notes": null,
        "in_district": false,
        "google_place_id": "ChIJ-ZsOQqUng4AReUcfkwSS-YI",
        "google_types": [
          "university",
          "educational_institution",
          "point_of_interest",
          "establishment"
        ],
        "google_primary_type": "university",
        "google_business_status": "OPERATIONAL",
        "google_rating": 4.4,
        "google_user_ratings_count": 238,
        "google_editorial_summary": null,
        "google_formatted_address": "400 W 1st St, Chico, CA 95929, USA",
        "priority_score": 0.7642,
        "priority_tier": "top",
        "priority_components": {
          "audience": 0.785,
          "confidence": 0.4,
          "fit": 0.8,
          "legitimacy": 1.0,
          "public_facility_bonus": 0.05,
          "in_district_walk_15_cvap": 1376
        },
        "priority_rank": 3
      }
    },
    {
      "type": "Feature",
      "geometry": {
        "type": "Point",
        "coordinates": [
          -121.8436383,
          39.7299278
        ]
      },
      "properties": {
        "osm_id": "way/28551759",
        "name": "Laxson Auditorium",
        "category": "theatre",
        "amenity": "theatre",
        "leisure": null,
        "tourism": null,
        "shop": null,
        "craft": null,
        "office": null,
        "club": null,
        "address": null,
        "website": "https://www.csuchico.edu/boxoffice",
        "phone": "(530) 898-6333",
        "capacity": null,
        "wheelchair": "yes",
        "operator": null,
        "hosting_status": "needs_verification",
        "notes": null,
        "in_district": false,
        "google_place_id": "ChIJOwQs3Long4ARUD3Y_buSLP4",
        "google_types": [
          "auditorium",
          "performing_arts_theater",
          "event_venue",
          "point_of_interest",
          "establishment"
        ],
        "google_primary_type": "auditorium",
        "google_business_status": "OPERATIONAL",
        "google_rating": 4.6,
        "google_user_ratings_count": 268,
        "google_editorial_summary": null,
        "google_formatted_address": "400 W 1st St, Chico, CA 95929, USA",
        "priority_score": 0.685,
        "priority_tier": "high",
        "priority_components": {
          "audience": 0.588,
          "confidence": 0.4,
          "fit": 1.0,
          "legitimacy": 1.0,
          "public_facility_bonus": 0.0,
          "in_district_walk_15_cvap": 214
        },
        "priority_rank": 26
      }
    },
    {
      "type": "Feature",
      "geometry": {
        "type": "Point",
        "coordinates": [
          -121.8403483,
          39.7282773
        ]
      },
      "properties": {
        "osm_id": "way/39453437",
        "name": "Hotel Diamond",
        "category": "tourism_hotel",
        "amenity": null,
        "leisure": null,
        "tourism": "hotel",
        "shop": null,
        "craft": null,
        "office": null,
        "club": null,
        "address": "220 West 4th Street Chico",
        "website": "http://www.hoteldiamondchico.com/",
        "phone": "(530) 893-3100",
        "capacity": null,
        "wheelchair": null,
        "operator": null,
        "hosting_status": "needs_verification",
        "notes": "Hotel meeting rooms vary widely in price and political-event policy \u2014 confirm with sales team.",
        "in_district": false,
        "google_place_id": "ChIJe87BvLAng4ARI632UboHMR0",
        "google_types": [
          "hotel",
          "bar",
          "lodging",
          "event_venue",
          "restaurant",
          "point_of_interest",
          "food",
          "establishment"
        ],
        "google_primary_type": "hotel",
        "google_business_status": "OPERATIONAL",
        "google_rating": 4.6,
        "google_user_ratings_count": 482,
        "google_editorial_summary": "Refined property featuring complimentary breakfast, plus a polished restaurant/bar.",
        "google_formatted_address": "220 W 4th St, Chico, CA 95928, USA",
        "priority_score": 0.6295,
        "priority_tier": "high",
        "priority_components": {
          "audience": 0.668,
          "confidence": 0.4,
          "fit": 0.65,
          "legitimacy": 1.0,
          "public_facility_bonus": 0.0,
          "in_district_walk_15_cvap": 458
        },
        "priority_rank": 76
      }
    },
    {
      "type": "Feature",
      "geometry": {
        "type": "Point",
        "coordinates": [
          -121.8422103,
          39.7301018
        ]
      },
      "properties": {
        "osm_id": "way/39513547",
        "name": "Tr\u00e9s Hombres",
        "category": "restaurant",
        "amenity": "restaurant",
        "leisure": null,
        "tourism": null,
        "shop": null,
        "craft": null,
        "office": null,
        "club": null,
        "address": null,
        "website": "https://treshombreschico.com/",
        "phone": "+1-530-342-0425",
        "capacity": null,
        "wheelchair": null,
        "operator": null,
        "hosting_status": "needs_verification",
        "notes": null,
        "in_district": false,
        "google_place_id": "ChIJgfTT-bong4ARiWmNEQkT3KE",
        "google_types": [
          "mexican_restaurant",
          "bar",
          "restaurant",
          "point_of_interest",
          "food",
          "establishment"
        ],
        "google_primary_type": "mexican_restaurant",
        "google_business_status": "OPERATIONAL",
        "google_rating": 4.1,
        "google_user_ratings_count": 1374,
        "google_editorial_summary": "Modern Mexican eats, inventive margaritas & tequilas are offered at this lively restaurant.",
        "google_formatted_address": "100 Broadway St, Chico, CA 95928, USA",
        "priority_score": 0.6325,
        "priority_tier": "high",
        "priority_components": {
          "audience": 0.706,
          "confidence": 0.4,
          "fit": 0.6,
          "legitimacy": 1.0,
          "public_facility_bonus": 0.0,
          "in_district_walk_15_cvap": 658
        },
        "priority_rank": 69
      }
    },
    {
      "type": "Feature",
      "geometry": {
        "type": "Point",
        "coordinates": [
          -121.858949,
          39.7593217
        ]
      },
      "properties": {
        "osm_id": "way/84968698",
        "name": "Fairview High School",
        "category": "school",
        "amenity": "school",
        "leisure": null,
        "tourism": null,
        "shop": null,
        "craft": null,
        "office": null,
        "club": null,
        "address": null,
        "website": "http://fvhs.chicousd.org/",
        "phone": "(530) 891-3092",
        "capacity": null,
        "wheelchair": null,
        "operator": null,
        "hosting_status": "needs_verification",
        "notes": "Public school auditoriums and hotel meeting rooms typically require an explicit booking arrangement \u2014 confirm with the venue before assuming.",
        "in_district": true,
        "google_place_id": "ChIJg5u-qIfYgoARp6dnx2qUCu8",
        "google_types": [
          "secondary_school",
          "school",
          "educational_institution",
          "point_of_interest",
          "establishment"
        ],
        "google_primary_type": "secondary_school",
        "google_business_status": "OPERATIONAL",
        "google_rating": null,
        "google_user_ratings_count": null,
        "google_editorial_summary": null,
        "google_formatted_address": "290 East Ave, Chico, CA 95926, USA",
        "priority_score": 0.6992,
        "priority_tier": "high",
        "priority_components": {
          "audience": 0.748,
          "confidence": 0.4,
          "fit": 0.8,
          "legitimacy": 0.5,
          "public_facility_bonus": 0.05,
          "in_district_walk_15_cvap": 972
        },
        "priority_rank": 20
      }
    },
    {
      "type": "Feature",
      "geometry": {
        "type": "Point",
        "coordinates": [
          -121.839938,
          39.7618645
        ]
      },
      "properties": {
        "osm_id": "way/85087700",
        "name": "John A. McManus Elementary School",
        "category": "school",
        "amenity": "school",
        "leisure": null,
        "tourism": null,
        "shop": null,
        "craft": null,
        "office": null,
        "club": null,
        "address": null,
        "website": "http://mcmanus.chicousd.org/",
        "phone": "(530) 891-3128",
        "capacity": null,
        "wheelchair": null,
        "operator": "Chico Unified School District",
        "hosting_status": "needs_verification",
        "notes": "Public school auditoriums and hotel meeting rooms typically require an explicit booking arrangement \u2014 confirm with the venue before assuming.",
        "in_district": false,
        "google_place_id": "ChIJ0yhRt3bYgoARRVwzfdg99qI",
        "google_types": [
          "primary_school",
          "point_of_interest",
          "school",
          "educational_institution",
          "establishment"
        ],
        "google_primary_type": "primary_school",
        "google_business_status": "OPERATIONAL",
        "google_rating": null,
        "google_user_ratings_count": null,
        "google_editorial_summary": null,
        "google_formatted_address": "988 East Ave #988, Chico, CA 95926, USA",
        "priority_score": 0.12,
        "priority_tier": "low",
        "priority_components": {
          "audience": 0.0,
          "confidence": 0.4,
          "fit": 0.8,
          "legitimacy": 0.5,
          "public_facility_bonus": 0.05,
          "in_district_walk_15_cvap": 0
        },
        "priority_rank": 134
      }
    },
    {
      "type": "Feature",
      "geometry": {
        "type": "Point",
        "coordinates": [
          -121.813417,
          39.7422998
        ]
      },
      "properties": {
        "osm_id": "way/85243499",
        "name": "Parkview Elementary School",
        "category": "school",
        "amenity": "school",
        "leisure": null,
        "tourism": null,
        "shop": null,
        "craft": null,
        "office": null,
        "club": null,
        "address": null,
        "website": "http://parkview.chicousd.org/",
        "phone": "(530) 891-3114",
        "capacity": null,
        "wheelchair": null,
        "operator": null,
        "hosting_status": "needs_verification",
        "notes": "Public school auditoriums and hotel meeting rooms typically require an explicit booking arrangement \u2014 confirm with the venue before assuming.",
        "in_district": false,
        "google_place_id": "ChIJeRRoKN8ng4ARYP47SlUZq_8",
        "google_types": [
          "primary_school",
          "school",
          "educational_institution",
          "point_of_interest",
          "establishment"
        ],
        "google_primary_type": "primary_school",
        "google_business_status": "OPERATIONAL",
        "google_rating": null,
        "google_user_ratings_count": null,
        "google_editorial_summary": null,
        "google_formatted_address": "1770 E 8th St, Chico, CA 95928, USA",
        "priority_score": 0.12,
        "priority_tier": "low",
        "priority_components": {
          "audience": 0.0,
          "confidence": 0.4,
          "fit": 0.8,
          "legitimacy": 0.5,
          "public_facility_bonus": 0.05,
          "in_district_walk_15_cvap": 0
        },
        "priority_rank": 135
      }
    },
    {
      "type": "Feature",
      "geometry": {
        "type": "Point",
        "coordinates": [
          -121.8523505,
          39.7235866
        ]
      },
      "properties": {
        "osm_id": "way/85318806",
        "name": "Rosedale Elementary School",
        "category": "school",
        "amenity": "school",
        "leisure": null,
        "tourism": null,
        "shop": null,
        "craft": null,
        "office": null,
        "club": null,
        "address": null,
        "website": "http://rosedale.chicousd.org/",
        "phone": "(530) 891-3104",
        "capacity": null,
        "wheelchair": null,
        "operator": null,
        "hosting_status": "needs_verification",
        "notes": "Public school auditoriums and hotel meeting rooms typically require an explicit booking arrangement \u2014 confirm with the venue before assuming.",
        "in_district": false,
        "google_place_id": "ChIJn4pAxqgng4AR-AlW7DNASQ0",
        "google_types": [
          "primary_school",
          "school",
          "educational_institution",
          "point_of_interest",
          "establishment"
        ],
        "google_primary_type": "primary_school",
        "google_business_status": "OPERATIONAL",
        "google_rating": null,
        "google_user_ratings_count": null,
        "google_editorial_summary": null,
        "google_formatted_address": "100 Oak St, Chico, CA 95928, USA",
        "priority_score": 0.12,
        "priority_tier": "low",
        "priority_components": {
          "audience": 0.0,
          "confidence": 0.4,
          "fit": 0.8,
          "legitimacy": 0.5,
          "public_facility_bonus": 0.05,
          "in_district_walk_15_cvap": 0
        },
        "priority_rank": 136
      }
    },
    {
      "type": "Feature",
      "geometry": {
        "type": "Point",
        "coordinates": [
          -121.8142395,
          39.7266713
        ]
      },
      "properties": {
        "osm_id": "way/85465948",
        "name": "Chapman Elementary School",
        "category": "school",
        "amenity": "school",
        "leisure": null,
        "tourism": null,
        "shop": null,
        "craft": null,
        "office": null,
        "club": null,
        "address": null,
        "website": "http://chapman.chicousd.org/",
        "phone": "(530) 891-3100",
        "capacity": null,
        "wheelchair": null,
        "operator": null,
        "hosting_status": "needs_verification",
        "notes": "Public school auditoriums and hotel meeting rooms typically require an explicit booking arrangement \u2014 confirm with the venue before assuming.",
        "in_district": false,
        "google_place_id": "ChIJfULDQismg4ARDPwJSTbXnq4",
        "google_types": [
          "primary_school",
          "school",
          "educational_institution",
          "point_of_interest",
          "establishment"
        ],
        "google_primary_type": "primary_school",
        "google_business_status": "OPERATIONAL",
        "google_rating": null,
        "google_user_ratings_count": null,
        "google_editorial_summary": null,
        "google_formatted_address": "1071 16th St, Chico, CA 95928, USA",
        "priority_score": 0.12,
        "priority_tier": "low",
        "priority_components": {
          "audience": 0.0,
          "confidence": 0.4,
          "fit": 0.8,
          "legitimacy": 0.5,
          "public_facility_bonus": 0.05,
          "in_district_walk_15_cvap": 0
        },
        "priority_rank": 137
      }
    },
    {
      "type": "Feature",
      "geometry": {
        "type": "Point",
        "coordinates": [
          -121.8373601,
          39.7571383
        ]
      },
      "properties": {
        "osm_id": "way/85629476",
        "name": "Bidwell Junior High School",
        "category": "school",
        "amenity": "school",
        "leisure": null,
        "tourism": null,
        "shop": null,
        "craft": null,
        "office": null,
        "club": null,
        "address": "2376 North Avenue Chico",
        "website": "http://bjhs.chicousd.org/",
        "phone": "(530) 891-3080",
        "capacity": null,
        "wheelchair": null,
        "operator": null,
        "hosting_status": "needs_verification",
        "notes": "Public school auditoriums and hotel meeting rooms typically require an explicit booking arrangement \u2014 confirm with the venue before assuming.",
        "in_district": false,
        "google_place_id": "ChIJncEPcoong4ARUIIA0-2X0XI",
        "google_types": [
          "school",
          "educational_institution",
          "point_of_interest",
          "establishment"
        ],
        "google_primary_type": "school",
        "google_business_status": "OPERATIONAL",
        "google_rating": null,
        "google_user_ratings_count": null,
        "google_editorial_summary": null,
        "google_formatted_address": "2376 North Ave, Chico, CA 95926, USA",
        "priority_score": 0.12,
        "priority_tier": "low",
        "priority_components": {
          "audience": 0.0,
          "confidence": 0.4,
          "fit": 0.8,
          "legitimacy": 0.5,
          "public_facility_bonus": 0.05,
          "in_district_walk_15_cvap": 0
        },
        "priority_rank": 138
      }
    },
    {
      "type": "Feature",
      "geometry": {
        "type": "Point",
        "coordinates": [
          -121.8479698,
          39.733743
        ]
      },
      "properties": {
        "osm_id": "way/127243699",
        "name": "Chico Senior High School",
        "category": "school",
        "amenity": "school",
        "leisure": null,
        "tourism": null,
        "shop": null,
        "craft": null,
        "office": null,
        "club": null,
        "address": null,
        "website": "http://chs.chicousd.org/",
        "phone": "(530) 891-3026",
        "capacity": null,
        "wheelchair": null,
        "operator": null,
        "hosting_status": "needs_verification",
        "notes": "Public school auditoriums and hotel meeting rooms typically require an explicit booking arrangement \u2014 confirm with the venue before assuming.",
        "in_district": false,
        "google_place_id": "ChIJdzcGA-gng4ARy96Si8oOD2s",
        "google_types": [
          "secondary_school",
          "school",
          "educational_institution",
          "point_of_interest",
          "establishment"
        ],
        "google_primary_type": "secondary_school",
        "google_business_status": "OPERATIONAL",
        "google_rating": null,
        "google_user_ratings_count": null,
        "google_editorial_summary": null,
        "google_formatted_address": "901 Esplanade, Chico, CA 95926, USA",
        "priority_score": 0.698,
        "priority_tier": "high",
        "priority_components": {
          "audience": 0.745,
          "confidence": 0.4,
          "fit": 0.8,
          "legitimacy": 0.5,
          "public_facility_bonus": 0.05,
          "in_district_walk_15_cvap": 946
        },
        "priority_rank": 21
      }
    },
    {
      "type": "Feature",
      "geometry": {
        "type": "Point",
        "coordinates": [
          -121.8362975,
          39.7437546
        ]
      },
      "properties": {
        "osm_id": "way/186727445",
        "name": "Hooker Oak Elementary School",
        "category": "school",
        "amenity": "school",
        "leisure": null,
        "tourism": null,
        "shop": null,
        "craft": null,
        "office": null,
        "club": null,
        "address": null,
        "website": "https://hookeroak.chicousd.org/",
        "phone": "(530) 891-3119",
        "capacity": null,
        "wheelchair": null,
        "operator": "Chico Unified School District",
        "hosting_status": "needs_verification",
        "notes": "Public school auditoriums and hotel meeting rooms typically require an explicit booking arrangement \u2014 confirm with the venue before assuming.",
        "in_district": true,
        "google_place_id": "ChIJzfAfdJQng4AR_GPnJ9KF6ec",
        "google_types": [
          "primary_school",
          "school",
          "educational_institution",
          "point_of_interest",
          "establishment"
        ],
        "google_primary_type": "primary_school",
        "google_business_status": "OPERATIONAL",
        "google_rating": null,
        "google_user_ratings_count": null,
        "google_editorial_summary": null,
        "google_formatted_address": "1238 Arbutus Ave, Chico, CA 95926, USA",
        "priority_score": 0.7318,
        "priority_tier": "high",
        "priority_components": {
          "audience": 0.83,
          "confidence": 0.4,
          "fit": 0.8,
          "legitimacy": 0.5,
          "public_facility_bonus": 0.05,
          "in_district_walk_15_cvap": 2071
        },
        "priority_rank": 8
      }
    },
    {
      "type": "Feature",
      "geometry": {
        "type": "Point",
        "coordinates": [
          -121.8319426,
          39.7490335
        ]
      },
      "properties": {
        "osm_id": "way/186727450",
        "name": "Neal Dow Elementary School",
        "category": "school",
        "amenity": "school",
        "leisure": null,
        "tourism": null,
        "shop": null,
        "craft": null,
        "office": null,
        "club": null,
        "address": null,
        "website": "http://nealdow.chicousd.org/",
        "phone": "(530) 891-3110",
        "capacity": null,
        "wheelchair": null,
        "operator": null,
        "hosting_status": "needs_verification",
        "notes": "Public school auditoriums and hotel meeting rooms typically require an explicit booking arrangement \u2014 confirm with the venue before assuming.",
        "in_district": false,
        "google_place_id": "ChIJR6D3Tu0ng4AR4H3ymfCVy0E",
        "google_types": [
          "primary_school",
          "school",
          "educational_institution",
          "point_of_interest",
          "establishment"
        ],
        "google_primary_type": "primary_school",
        "google_business_status": "OPERATIONAL",
        "google_rating": null,
        "google_user_ratings_count": null,
        "google_editorial_summary": null,
        "google_formatted_address": "1420 Neal Dow Ave, Chico, CA 95926, USA",
        "priority_score": 0.7148,
        "priority_tier": "high",
        "priority_components": {
          "audience": 0.787,
          "confidence": 0.4,
          "fit": 0.8,
          "legitimacy": 0.5,
          "public_facility_bonus": 0.05,
          "in_district_walk_15_cvap": 1395
        },
        "priority_rank": 14
      }
    },
    {
      "type": "Feature",
      "geometry": {
        "type": "Point",
        "coordinates": [
          -121.8394052,
          39.7306635
        ]
      },
      "properties": {
        "osm_id": "way/269429686",
        "name": "University Bar/The Beach",
        "category": "bar",
        "amenity": "bar",
        "leisure": null,
        "tourism": null,
        "shop": null,
        "craft": null,
        "office": null,
        "club": null,
        "address": "191 East 2nd Street Chico",
        "website": null,
        "phone": "(530) 343-0662",
        "capacity": null,
        "wheelchair": null,
        "operator": null,
        "hosting_status": "needs_verification",
        "notes": null,
        "in_district": false,
        "google_place_id": "ChIJPyQx3YXYgoARjBYuJMrmuwA",
        "google_types": [
          "bar",
          "point_of_interest",
          "establishment"
        ],
        "google_primary_type": "bar",
        "google_business_status": "OPERATIONAL",
        "google_rating": 4.4,
        "google_user_ratings_count": 264,
        "google_editorial_summary": null,
        "google_formatted_address": "2582 Esplanade, Chico, CA 95973, USA",
        "priority_score": 0.6297,
        "priority_tier": "high",
        "priority_components": {
          "audience": 0.73,
          "confidence": 0.4,
          "fit": 0.55,
          "legitimacy": 1.0,
          "public_facility_bonus": 0.0,
          "in_district_walk_15_cvap": 825
        },
        "priority_rank": 75
      }
    },
    {
      "type": "Feature",
      "geometry": {
        "type": "Point",
        "coordinates": [
          -121.8409882,
          39.730583
        ]
      },
      "properties": {
        "osm_id": "way/269472334",
        "name": "The Bookstore",
        "category": "shop_books",
        "amenity": null,
        "leisure": null,
        "tourism": null,
        "shop": "books",
        "craft": null,
        "office": null,
        "club": null,
        "address": "118 Main Street Chico",
        "website": "http://www.chicobooks.com/",
        "phone": "(530) 345-7441",
        "capacity": null,
        "wheelchair": null,
        "operator": null,
        "hosting_status": "needs_verification",
        "notes": null,
        "in_district": false,
        "google_place_id": "ChIJRaDYSLong4AR7ik5FP0CcLE",
        "google_types": [
          "book_store",
          "point_of_interest",
          "store",
          "establishment"
        ],
        "google_primary_type": "book_store",
        "google_business_status": "OPERATIONAL",
        "google_rating": 4.7,
        "google_user_ratings_count": 269,
        "google_editorial_summary": null,
        "google_formatted_address": "118 Main St, Chico, CA 95928, USA",
        "priority_score": 0.6292,
        "priority_tier": "high",
        "priority_components": {
          "audience": 0.729,
          "confidence": 0.4,
          "fit": 0.55,
          "legitimacy": 1.0,
          "public_facility_bonus": 0.0,
          "in_district_walk_15_cvap": 816
        },
        "priority_rank": 77
      }
    },
    {
      "type": "Feature",
      "geometry": {
        "type": "Point",
        "coordinates": [
          -121.8408752,
          39.7304808
        ]
      },
      "properties": {
        "osm_id": "way/269472341",
        "name": "Upper Crust Bakery",
        "category": "cafe",
        "amenity": "cafe",
        "leisure": null,
        "tourism": null,
        "shop": null,
        "craft": null,
        "office": null,
        "club": null,
        "address": "130 Main Street Chico",
        "website": "http://www.uppercrustchico.com/",
        "phone": "(530) 895-3866",
        "capacity": null,
        "wheelchair": null,
        "operator": null,
        "hosting_status": "needs_verification",
        "notes": null,
        "in_district": false,
        "google_place_id": "ChIJg4KGSLong4ARfsop7hcB1Pg",
        "google_types": [
          "bakery",
          "pastry_shop",
          "dessert_shop",
          "confectionery",
          "point_of_interest",
          "food_store",
          "food",
          "store",
          "establishment"
        ],
        "google_primary_type": "bakery",
        "google_business_status": "OPERATIONAL",
        "google_rating": 4.5,
        "google_user_ratings_count": 825,
        "google_editorial_summary": null,
        "google_formatted_address": "130 Main St, Chico, CA 95928, USA",
        "priority_score": 0.6173,
        "priority_tier": "high",
        "priority_components": {
          "audience": 0.731,
          "confidence": 0.4,
          "fit": 0.5,
          "legitimacy": 1.0,
          "public_facility_bonus": 0.0,
          "in_district_walk_15_cvap": 827
        },
        "priority_rank": 90
      }
    },
    {
      "type": "Feature",
      "geometry": {
        "type": "Point",
        "coordinates": [
          -121.8407756,
          39.7304016
        ]
      },
      "properties": {
        "osm_id": "way/269472367",
        "name": "Kona's",
        "category": "restaurant",
        "amenity": "restaurant",
        "leisure": null,
        "tourism": null,
        "shop": null,
        "craft": null,
        "office": null,
        "club": null,
        "address": "138 Main Street chico",
        "website": null,
        "phone": "(530) 894-1635",
        "capacity": null,
        "wheelchair": null,
        "operator": null,
        "hosting_status": "needs_verification",
        "notes": null,
        "in_district": false,
        "google_place_id": "ChIJpbu__Qong4ARmZLAvYTZ1h0",
        "google_types": [
          "sandwich_shop",
          "restaurant",
          "point_of_interest",
          "food",
          "establishment"
        ],
        "google_primary_type": "sandwich_shop",
        "google_business_status": "OPERATIONAL",
        "google_rating": 4.5,
        "google_user_ratings_count": 271,
        "google_editorial_summary": null,
        "google_formatted_address": "965 Nord Ave, Chico, CA 95926, USA",
        "priority_score": 0.6423,
        "priority_tier": "high",
        "priority_components": {
          "audience": 0.731,
          "confidence": 0.4,
          "fit": 0.6,
          "legitimacy": 1.0,
          "public_facility_bonus": 0.0,
          "in_district_walk_15_cvap": 827
        },
        "priority_rank": 60
      }
    },
    {
      "type": "Feature",
      "geometry": {
        "type": "Point",
        "coordinates": [
          -121.8410655,
          39.7301769
        ]
      },
      "properties": {
        "osm_id": "way/269472574",
        "name": "The Naked Lounge",
        "category": "cafe",
        "amenity": "cafe",
        "leisure": null,
        "tourism": null,
        "shop": null,
        "craft": null,
        "office": null,
        "club": null,
        "address": "118 West 2nd Street Chico",
        "website": "https://www.nakedloungechico.com/",
        "phone": "(530) 965-5908",
        "capacity": null,
        "wheelchair": null,
        "operator": null,
        "hosting_status": "needs_verification",
        "notes": null,
        "in_district": false,
        "google_place_id": "ChIJmRQwQbong4ARjBbHXoLz3d8",
        "google_types": [
          "coffee_shop",
          "cafe",
          "live_music_venue",
          "event_venue",
          "point_of_interest",
          "food_store",
          "food",
          "store",
          "establishment"
        ],
        "google_primary_type": "coffee_shop",
        "google_business_status": "OPERATIONAL",
        "google_rating": 4.5,
        "google_user_ratings_count": 437,
        "google_editorial_summary": "Hip, art-lined haunt with brick walls & lounge chairs, espresso drinks & fair trade tea.",
        "google_formatted_address": "118 W 2nd St, Chico, CA 95928, USA",
        "priority_score": 0.6097,
        "priority_tier": "high",
        "priority_components": {
          "audience": 0.712,
          "confidence": 0.4,
          "fit": 0.5,
          "legitimacy": 1.0,
          "public_facility_bonus": 0.0,
          "in_district_walk_15_cvap": 693
        },
        "priority_rank": 98
      }
    },
    {
      "type": "Feature",
      "geometry": {
        "type": "Point",
        "coordinates": [
          -121.8411699,
          39.730108
        ]
      },
      "properties": {
        "osm_id": "way/269472736",
        "name": "The Banshee",
        "category": "restaurant",
        "amenity": "restaurant",
        "leisure": null,
        "tourism": null,
        "shop": null,
        "craft": null,
        "office": null,
        "club": null,
        "address": "134 West 2nd Street Chico",
        "website": "https://thebanshee.shop/",
        "phone": null,
        "capacity": null,
        "wheelchair": null,
        "operator": null,
        "hosting_status": "needs_verification",
        "notes": null,
        "in_district": false,
        "google_place_id": "ChIJfb5sQrong4ARxVsAiu9CN2Y",
        "google_types": [
          "bar_and_grill",
          "pub",
          "bar",
          "restaurant",
          "point_of_interest",
          "food",
          "establishment"
        ],
        "google_primary_type": "bar_and_grill",
        "google_business_status": "OPERATIONAL",
        "google_rating": 4.6,
        "google_user_ratings_count": 1248,
        "google_editorial_summary": "Dark-wood bar with English flair, build-your-own burgers & pub fare served along with sports on TV.",
        "google_formatted_address": "134 W 2nd St, Chico, CA 95928, USA",
        "priority_score": 0.6347,
        "priority_tier": "high",
        "priority_components": {
          "audience": 0.712,
          "confidence": 0.4,
          "fit": 0.6,
          "legitimacy": 1.0,
          "public_facility_bonus": 0.0,
          "in_district_walk_15_cvap": 693
        },
        "priority_rank": 65
      }
    },
    {
      "type": "Feature",
      "geometry": {
        "type": "Point",
        "coordinates": [
          -121.8110505,
          39.7246294
        ]
      },
      "properties": {
        "osm_id": "way/298977105",
        "name": "Hibachi Grill Buffet",
        "category": "restaurant",
        "amenity": "restaurant",
        "leisure": null,
        "tourism": null,
        "shop": null,
        "craft": null,
        "office": null,
        "club": null,
        "address": "2021 Doctor Martin Luther King Junior Parkway Chico",
        "website": "http://hibachigrillbuffetchico.com/",
        "phone": "(530) 891-1144",
        "capacity": null,
        "wheelchair": null,
        "operator": null,
        "hosting_status": "needs_verification",
        "notes": null,
        "in_district": false,
        "google_place_id": "ChIJpW8xDyomg4ARyDYhOeHI32M",
        "google_types": [
          "buffet_restaurant",
          "restaurant",
          "point_of_interest",
          "food",
          "establishment"
        ],
        "google_primary_type": "buffet_restaurant",
        "google_business_status": "CLOSED_PERMANENTLY",
        "google_rating": 3.4,
        "google_user_ratings_count": 276,
        "google_editorial_summary": null,
        "google_formatted_address": "2021 Dr Martin Luther King Jr Pkwy, Chico, CA 95928, USA",
        "priority_score": 0.075,
        "priority_tier": "low",
        "priority_components": {
          "audience": 0.0,
          "confidence": 0.4,
          "fit": 0.6,
          "legitimacy": 0.0,
          "public_facility_bonus": 0.0,
          "in_district_walk_15_cvap": 0
        },
        "priority_rank": 156
      }
    },
    {
      "type": "Feature",
      "geometry": {
        "type": "Point",
        "coordinates": [
          -121.8418634,
          39.7289966
        ]
      },
      "properties": {
        "osm_id": "way/298977717",
        "name": "Mom's",
        "category": "restaurant",
        "amenity": "restaurant",
        "leisure": null,
        "tourism": null,
        "shop": null,
        "craft": null,
        "office": null,
        "club": null,
        "address": "209 Salem Street Chico",
        "website": "https://momschico.com/",
        "phone": "+1-530-893-3447",
        "capacity": null,
        "wheelchair": null,
        "operator": null,
        "hosting_status": "needs_verification",
        "notes": null,
        "in_district": false,
        "google_place_id": "ChIJZ2Atfbong4ARCZo8HeKey8w",
        "google_types": [
          "brunch_restaurant",
          "breakfast_restaurant",
          "restaurant",
          "point_of_interest",
          "food",
          "establishment"
        ],
        "google_primary_type": "brunch_restaurant",
        "google_business_status": "OPERATIONAL",
        "google_rating": 4.5,
        "google_user_ratings_count": 1613,
        "google_editorial_summary": "Folksy venue with a bar & patio whipping up homestyle American meals & unique breakfasts.",
        "google_formatted_address": "209 Salem St, Chico, CA 95928, USA",
        "priority_score": 0.6111,
        "priority_tier": "high",
        "priority_components": {
          "audience": 0.653,
          "confidence": 0.4,
          "fit": 0.6,
          "legitimacy": 1.0,
          "public_facility_bonus": 0.0,
          "in_district_walk_15_cvap": 398
        },
        "priority_rank": 96
      }
    },
    {
      "type": "Feature",
      "geometry": {
        "type": "Point",
        "coordinates": [
          -121.84361,
          39.7241414
        ]
      },
      "properties": {
        "osm_id": "way/301858956",
        "name": "Frankys",
        "category": "restaurant",
        "amenity": "restaurant",
        "leisure": null,
        "tourism": null,
        "shop": null,
        "craft": null,
        "office": null,
        "club": null,
        "address": "506 Ivy Street",
        "website": "http://www.frankyschico.com/?y_source=1_MTU0NDc4NTUtNzE1LWxvY2F0aW9uLndlYnNpdGU%3D",
        "phone": "(530) 898-9948",
        "capacity": null,
        "wheelchair": null,
        "operator": null,
        "hosting_status": "needs_verification",
        "notes": null,
        "in_district": false,
        "google_place_id": "ChIJNbiN67Eng4ARpmnOVdaHCxk",
        "google_types": [
          "italian_restaurant",
          "restaurant",
          "point_of_interest",
          "food",
          "establishment"
        ],
        "google_primary_type": "italian_restaurant",
        "google_business_status": "OPERATIONAL",
        "google_rating": 4.4,
        "google_user_ratings_count": 532,
        "google_editorial_summary": "Locally-owned joint offering pizza & Italian mains such as pasta & chicken piccata, plus cocktails.",
        "google_formatted_address": "506 Ivy St, Chico, CA 95928, USA",
        "priority_score": 0.4842,
        "priority_tier": "medium",
        "priority_components": {
          "audience": 0.336,
          "confidence": 0.4,
          "fit": 0.6,
          "legitimacy": 1.0,
          "public_facility_bonus": 0.0,
          "in_district_walk_15_cvap": 12
        },
        "priority_rank": 128
      }
    },
    {
      "type": "Feature",
      "geometry": {
        "type": "Point",
        "coordinates": [
          -121.843991,
          39.7245613
        ]
      },
      "properties": {
        "osm_id": "way/301858957",
        "name": "Riley's Bar & Grill",
        "category": "bar",
        "amenity": "bar",
        "leisure": null,
        "tourism": null,
        "shop": null,
        "craft": null,
        "office": null,
        "club": null,
        "address": null,
        "website": "http://www.rileysbar.com/?y_source=1_MTcxNDYxMzctNzE1LWxvY2F0aW9uLndlYnNpdGU%3D",
        "phone": "(530) 343-7459",
        "capacity": null,
        "wheelchair": null,
        "operator": null,
        "hosting_status": "needs_verification",
        "notes": null,
        "in_district": false,
        "google_place_id": "ChIJ2wcRw7Eng4ARd5aaINoMauo",
        "google_types": [
          "bar",
          "bar_and_grill",
          "restaurant",
          "point_of_interest",
          "food",
          "establishment"
        ],
        "google_primary_type": "bar",
        "google_business_status": "OPERATIONAL",
        "google_rating": 3.9,
        "google_user_ratings_count": 269,
        "google_editorial_summary": "Longtime sports-centric haunt with a collegial vibe & happy hours, plus finger foods & a pool table.",
        "google_formatted_address": "702 W 5th St, Chico, CA 95928, USA",
        "priority_score": 0.4473,
        "priority_tier": "medium",
        "priority_components": {
          "audience": 0.349,
          "confidence": 0.4,
          "fit": 0.55,
          "legitimacy": 0.7,
          "public_facility_bonus": 0.0,
          "in_district_walk_15_cvap": 15
        },
        "priority_rank": 130
      }
    },
    {
      "type": "Feature",
      "geometry": {
        "type": "Point",
        "coordinates": [
          -121.8427021,
          39.7257168
        ]
      },
      "properties": {
        "osm_id": "way/302144588",
        "name": "Notre Dame School",
        "category": "school",
        "amenity": "school",
        "leisure": null,
        "tourism": null,
        "shop": null,
        "craft": null,
        "office": null,
        "club": null,
        "address": null,
        "website": "http://ndschico.org/",
        "phone": "(530) 342-2502",
        "capacity": null,
        "wheelchair": null,
        "operator": null,
        "hosting_status": "needs_verification",
        "notes": "Public school auditoriums and hotel meeting rooms typically require an explicit booking arrangement \u2014 confirm with the venue before assuming.",
        "in_district": false,
        "google_place_id": "ChIJ507CAbEng4ARRjz4P1jq9PI",
        "google_types": [
          "secondary_school",
          "point_of_interest",
          "school",
          "educational_institution",
          "establishment"
        ],
        "google_primary_type": "school",
        "google_business_status": "OPERATIONAL",
        "google_rating": null,
        "google_user_ratings_count": null,
        "google_editorial_summary": null,
        "google_formatted_address": "435 Hazel St, Chico, CA 95928, USA",
        "priority_score": 0.6068,
        "priority_tier": "high",
        "priority_components": {
          "audience": 0.517,
          "confidence": 0.4,
          "fit": 0.8,
          "legitimacy": 0.5,
          "public_facility_bonus": 0.05,
          "in_district_walk_15_cvap": 107
        },
        "priority_rank": 100
      }
    },
    {
      "type": "Feature",
      "geometry": {
        "type": "Point",
        "coordinates": [
          -121.8418997,
          39.7285542
        ]
      },
      "properties": {
        "osm_id": "way/302144592",
        "name": "Gogi's Cafe",
        "category": "restaurant",
        "amenity": "restaurant",
        "leisure": null,
        "tourism": null,
        "shop": null,
        "craft": null,
        "office": null,
        "club": null,
        "address": null,
        "website": "https://www.gogiscafetogo.com/",
        "phone": "+1-530-891-3570",
        "capacity": null,
        "wheelchair": null,
        "operator": null,
        "hosting_status": "needs_verification",
        "notes": null,
        "in_district": false,
        "google_place_id": "ChIJQXkHf7ong4AR2K0xG1T3A-o",
        "google_types": [
          "indian_restaurant",
          "north_indian_restaurant",
          "meal_takeaway",
          "restaurant",
          "point_of_interest",
          "food",
          "establishment"
        ],
        "google_primary_type": "indian_restaurant",
        "google_business_status": "OPERATIONAL",
        "google_rating": 4.3,
        "google_user_ratings_count": 232,
        "google_editorial_summary": null,
        "google_formatted_address": "230 Salem St, Chico, CA 95928, USA",
        "priority_score": 0.6131,
        "priority_tier": "high",
        "priority_components": {
          "audience": 0.658,
          "confidence": 0.4,
          "fit": 0.6,
          "legitimacy": 1.0,
          "public_facility_bonus": 0.0,
          "in_district_walk_15_cvap": 418
        },
        "priority_rank": 94
      }
    },
    {
      "type": "Feature",
      "geometry": {
        "type": "Point",
        "coordinates": [
          -121.8592211,
          39.7550742
        ]
      },
      "properties": {
        "osm_id": "way/460969400",
        "name": "Kalico Kitchen",
        "category": "restaurant",
        "amenity": "restaurant",
        "leisure": null,
        "tourism": null,
        "shop": null,
        "craft": null,
        "office": null,
        "club": null,
        "address": "2396 Esplanade",
        "website": "https://kalicokitchenchico.com/",
        "phone": "(530) 343-3968",
        "capacity": null,
        "wheelchair": null,
        "operator": null,
        "hosting_status": "needs_verification",
        "notes": null,
        "in_district": true,
        "google_place_id": "ChIJTzkB2IDYgoAR-YpRQUC9hJA",
        "google_types": [
          "american_restaurant",
          "breakfast_restaurant",
          "restaurant",
          "point_of_interest",
          "food",
          "establishment"
        ],
        "google_primary_type": "american_restaurant",
        "google_business_status": "OPERATIONAL",
        "google_rating": 4.2,
        "google_user_ratings_count": 902,
        "google_editorial_summary": null,
        "google_formatted_address": "2396 Esplanade, Chico, CA 95926, USA",
        "priority_score": 0.6759,
        "priority_tier": "high",
        "priority_components": {
          "audience": 0.815,
          "confidence": 0.4,
          "fit": 0.6,
          "legitimacy": 1.0,
          "public_facility_bonus": 0.0,
          "in_district_walk_15_cvap": 1805
        },
        "priority_rank": 35
      }
    },
    {
      "type": "Feature",
      "geometry": {
        "type": "Point",
        "coordinates": [
          -121.8566906,
          39.7525479
        ]
      },
      "properties": {
        "osm_id": "way/460969402",
        "name": "Sin of Cortez",
        "category": "restaurant",
        "amenity": "restaurant",
        "leisure": null,
        "tourism": null,
        "shop": null,
        "craft": null,
        "office": null,
        "club": null,
        "address": "2290 Esplanade",
        "website": "https://www.sinofcortezchico.com/",
        "phone": "+1-530-879-9200",
        "capacity": null,
        "wheelchair": null,
        "operator": null,
        "hosting_status": "needs_verification",
        "notes": null,
        "in_district": true,
        "google_place_id": "ChIJWbvTDoDYgoARimV8VpSCuPA",
        "google_types": [
          "breakfast_restaurant",
          "restaurant",
          "point_of_interest",
          "food",
          "establishment"
        ],
        "google_primary_type": "breakfast_restaurant",
        "google_business_status": "OPERATIONAL",
        "google_rating": 4.3,
        "google_user_ratings_count": 873,
        "google_editorial_summary": null,
        "google_formatted_address": "2290 Esplanade, Chico, CA 95926, USA",
        "priority_score": 0.6821,
        "priority_tier": "high",
        "priority_components": {
          "audience": 0.83,
          "confidence": 0.4,
          "fit": 0.6,
          "legitimacy": 1.0,
          "public_facility_bonus": 0.0,
          "in_district_walk_15_cvap": 2083
        },
        "priority_rank": 27
      }
    },
    {
      "type": "Feature",
      "geometry": {
        "type": "Point",
        "coordinates": [
          -121.855223,
          39.7513221
        ]
      },
      "properties": {
        "osm_id": "way/460969403",
        "name": "Italian Cottage",
        "category": "restaurant",
        "amenity": "restaurant",
        "leisure": null,
        "tourism": null,
        "shop": null,
        "craft": null,
        "office": null,
        "club": null,
        "address": "2234 Esplanade",
        "website": "http://theItaliancottage.com",
        "phone": "+1-530-343-7000",
        "capacity": null,
        "wheelchair": null,
        "operator": null,
        "hosting_status": "needs_verification",
        "notes": null,
        "in_district": true,
        "google_place_id": "ChIJ-9PYE4Ang4ARks4aGTSdeXk",
        "google_types": [
          "italian_restaurant",
          "breakfast_restaurant",
          "brunch_restaurant",
          "pizza_restaurant",
          "european_restaurant",
          "american_restaurant",
          "restaurant",
          "point_of_interest",
          "food",
          "establishment"
        ],
        "google_primary_type": "italian_restaurant",
        "google_business_status": "OPERATIONAL",
        "google_rating": 4.3,
        "google_user_ratings_count": 1549,
        "google_editorial_summary": "Established in 1965, this family-owned trattoria dispenses Italian comfort food & breakfast fare.",
        "google_formatted_address": "2234 Esplanade, Chico, CA 95926, USA",
        "priority_score": 0.6881,
        "priority_tier": "high",
        "priority_components": {
          "audience": 0.845,
          "confidence": 0.4,
          "fit": 0.6,
          "legitimacy": 1.0,
          "public_facility_bonus": 0.0,
          "in_district_walk_15_cvap": 2395
        },
        "priority_rank": 22
      }
    },
    {
      "type": "Feature",
      "geometry": {
        "type": "Point",
        "coordinates": [
          -121.842552,
          39.7509498
        ]
      },
      "properties": {
        "osm_id": "way/460969405",
        "name": "Roses & Ivy Elder Care",
        "category": "social_facility",
        "amenity": "social_facility",
        "leisure": null,
        "tourism": null,
        "shop": null,
        "craft": null,
        "office": null,
        "club": null,
        "address": "853 Manzanita Court Chico",
        "website": "http://www.rosesandivy.com/",
        "phone": "+1-530-894-7836",
        "capacity": null,
        "wheelchair": null,
        "operator": null,
        "hosting_status": "needs_verification",
        "notes": null,
        "in_district": true,
        "google_place_id": "ChIJn5H9Lo8ng4ARo5V8jvti6Qs",
        "google_types": [
          "health",
          "point_of_interest",
          "service",
          "establishment"
        ],
        "google_primary_type": "health",
        "google_business_status": "OPERATIONAL",
        "google_rating": 5,
        "google_user_ratings_count": 6,
        "google_editorial_summary": null,
        "google_formatted_address": "853 Manzanita Ct, Chico, CA 95926, USA",
        "priority_score": 0.5903,
        "priority_tier": "high",
        "priority_components": {
          "audience": 0.801,
          "confidence": 0.4,
          "fit": 0.4,
          "legitimacy": 0.7,
          "public_facility_bonus": 0.0,
          "in_district_walk_15_cvap": 1587
        },
        "priority_rank": 108
      }
    },
    {
      "type": "Feature",
      "geometry": {
        "type": "Point",
        "coordinates": [
          -121.8426906,
          39.7470417
        ]
      },
      "properties": {
        "osm_id": "way/460975277",
        "name": "Cozy Diner",
        "category": "restaurant",
        "amenity": "restaurant",
        "leisure": null,
        "tourism": null,
        "shop": null,
        "craft": null,
        "office": null,
        "club": null,
        "address": "1695 Mangrove Avenue",
        "website": "https://www.cozydinerchico.com/",
        "phone": "+1-530-895-1195",
        "capacity": null,
        "wheelchair": null,
        "operator": null,
        "hosting_status": "needs_verification",
        "notes": null,
        "in_district": true,
        "google_place_id": "ChIJX-gw148ng4AR8hBqZPvDtMM",
        "google_types": [
          "restaurant",
          "diner",
          "point_of_interest",
          "food",
          "establishment"
        ],
        "google_primary_type": "restaurant",
        "google_business_status": "OPERATIONAL",
        "google_rating": 4.2,
        "google_user_ratings_count": 1777,
        "google_editorial_summary": "Straightforward venue for down-home American comfort food like chicken-fried steak & burgers.",
        "google_formatted_address": "1695 Mangrove Ave, Chico, CA 95926, USA",
        "priority_score": 0.7025,
        "priority_tier": "high",
        "priority_components": {
          "audience": 0.881,
          "confidence": 0.4,
          "fit": 0.6,
          "legitimacy": 1.0,
          "public_facility_bonus": 0.0,
          "in_district_walk_15_cvap": 3338
        },
        "priority_rank": 18
      }
    },
    {
      "type": "Feature",
      "geometry": {
        "type": "Point",
        "coordinates": [
          -121.8356937,
          39.739634
        ]
      },
      "properties": {
        "osm_id": "way/460975281",
        "name": "La Comida",
        "category": "restaurant",
        "amenity": "restaurant",
        "leisure": null,
        "tourism": null,
        "shop": null,
        "craft": null,
        "office": null,
        "club": null,
        "address": null,
        "website": "http://lacomidarestaurants.com/",
        "phone": "(530) 345-2254",
        "capacity": null,
        "wheelchair": null,
        "operator": null,
        "hosting_status": "needs_verification",
        "notes": null,
        "in_district": true,
        "google_place_id": "ChIJtbQzsb8ng4ARsv5K3gQ3xKI",
        "google_types": [
          "mexican_restaurant",
          "family_restaurant",
          "vegetarian_restaurant",
          "restaurant",
          "point_of_interest",
          "food",
          "establishment"
        ],
        "google_primary_type": "mexican_restaurant",
        "google_business_status": "OPERATIONAL",
        "google_rating": 4.3,
        "google_user_ratings_count": 1112,
        "google_editorial_summary": "Unfussy outlet serving Mexican basics in a relaxed, shopping center setting.",
        "google_formatted_address": "954 Mangrove Ave, Chico, CA 95926, USA",
        "priority_score": 0.6857,
        "priority_tier": "high",
        "priority_components": {
          "audience": 0.839,
          "confidence": 0.4,
          "fit": 0.6,
          "legitimacy": 1.0,
          "public_facility_bonus": 0.0,
          "in_district_walk_15_cvap": 2266
        },
        "priority_rank": 25
      }
    },
    {
      "type": "Feature",
      "geometry": {
        "type": "Point",
        "coordinates": [
          -121.8402675,
          39.7355056
        ]
      },
      "properties": {
        "osm_id": "way/460975283",
        "name": "Chico Junior High School",
        "category": "school",
        "amenity": "school",
        "leisure": null,
        "tourism": null,
        "shop": null,
        "craft": null,
        "office": null,
        "club": null,
        "address": null,
        "website": "http://cjhs.chicousd.org/",
        "phone": "(530) 891-3066",
        "capacity": null,
        "wheelchair": null,
        "operator": "Chico Unified School District",
        "hosting_status": "needs_verification",
        "notes": "Public school auditoriums and hotel meeting rooms typically require an explicit booking arrangement \u2014 confirm with the venue before assuming.",
        "in_district": true,
        "google_place_id": "ChIJj7ArN7wng4ARg-og5NZCYR4",
        "google_types": [
          "school",
          "educational_institution",
          "point_of_interest",
          "establishment"
        ],
        "google_primary_type": "school",
        "google_business_status": "OPERATIONAL",
        "google_rating": null,
        "google_user_ratings_count": null,
        "google_editorial_summary": null,
        "google_formatted_address": "280 Memorial Way, Chico, CA 95926, USA",
        "priority_score": 0.7249,
        "priority_tier": "high",
        "priority_components": {
          "audience": 0.812,
          "confidence": 0.4,
          "fit": 0.8,
          "legitimacy": 0.5,
          "public_facility_bonus": 0.05,
          "in_district_walk_15_cvap": 1765
        },
        "priority_rank": 9
      }
    },
    {
      "type": "Feature",
      "geometry": {
        "type": "Point",
        "coordinates": [
          -121.8377359,
          39.7332128
        ]
      },
      "properties": {
        "osm_id": "way/460975284",
        "name": "Morning Thunder Cafe",
        "category": "restaurant",
        "amenity": "restaurant",
        "leisure": null,
        "tourism": null,
        "shop": null,
        "craft": null,
        "office": null,
        "club": null,
        "address": null,
        "website": "https://morningthundercafe.com/",
        "phone": "(530) 342-9717",
        "capacity": null,
        "wheelchair": null,
        "operator": null,
        "hosting_status": "needs_verification",
        "notes": null,
        "in_district": true,
        "google_place_id": "ChIJib-zarkng4ARPGsICTn3j5A",
        "google_types": [
          "breakfast_restaurant",
          "brunch_restaurant",
          "cafe",
          "restaurant",
          "point_of_interest",
          "food",
          "establishment"
        ],
        "google_primary_type": "breakfast_restaurant",
        "google_business_status": "OPERATIONAL",
        "google_rating": 4.6,
        "google_user_ratings_count": 1058,
        "google_editorial_summary": "Relaxed family-owned eatery serving sizable plates of breakfast & lunch fare in a comfy space.",
        "google_formatted_address": "352 Vallombrosa Ave, Chico, CA 95926, USA",
        "priority_score": 0.6657,
        "priority_tier": "high",
        "priority_components": {
          "audience": 0.789,
          "confidence": 0.4,
          "fit": 0.6,
          "legitimacy": 1.0,
          "public_facility_bonus": 0.0,
          "in_district_walk_15_cvap": 1426
        },
        "priority_rank": 42
      }
    },
    {
      "type": "Feature",
      "geometry": {
        "type": "Point",
        "coordinates": [
          -121.8420977,
          39.7295565
        ]
      },
      "properties": {
        "osm_id": "way/460975286",
        "name": "El Rey Theater",
        "category": "theatre",
        "amenity": "theatre",
        "leisure": null,
        "tourism": null,
        "shop": null,
        "craft": null,
        "office": null,
        "club": null,
        "address": "230 West 2nd Street Chico",
        "website": "https://elreychico.com/",
        "phone": "+1-530-570-8575",
        "capacity": null,
        "wheelchair": null,
        "operator": null,
        "hosting_status": "needs_verification",
        "notes": null,
        "in_district": false,
        "google_place_id": "ChIJgTihYbong4ARr4em3l6BEvg",
        "google_types": [
          "live_music_venue",
          "performing_arts_theater",
          "movie_theater",
          "event_venue",
          "point_of_interest",
          "establishment"
        ],
        "google_primary_type": "live_music_venue",
        "google_business_status": "CLOSED_PERMANENTLY",
        "google_rating": 4.2,
        "google_user_ratings_count": 193,
        "google_editorial_summary": "Art deco theater hosting film screenings & midsize concerts of national bands amid vibrant murals.",
        "google_formatted_address": "230 W 2nd St, Chico, CA 95928, USA",
        "priority_score": 0.6244,
        "priority_tier": "high",
        "priority_components": {
          "audience": 0.686,
          "confidence": 0.4,
          "fit": 1.0,
          "legitimacy": 0.0,
          "public_facility_bonus": 0.0,
          "in_district_walk_15_cvap": 545
        },
        "priority_rank": 83
      }
    },
    {
      "type": "Feature",
      "geometry": {
        "type": "Point",
        "coordinates": [
          -121.8380829,
          39.7288846
        ]
      },
      "properties": {
        "osm_id": "way/460975640",
        "name": "Chico City Council Chambers",
        "category": "townhall",
        "amenity": "townhall",
        "leisure": null,
        "tourism": null,
        "shop": null,
        "craft": null,
        "office": null,
        "club": null,
        "address": null,
        "website": "http://www.chicoca.gov/",
        "phone": "(530) 896-7200",
        "capacity": null,
        "wheelchair": null,
        "operator": "City of Chico",
        "hosting_status": "needs_verification",
        "notes": null,
        "in_district": false,
        "google_place_id": "ChIJIeLGT7cng4ARckeklanZUtI",
        "google_types": [
          "government_office",
          "point_of_interest",
          "establishment"
        ],
        "google_primary_type": "government_office",
        "google_business_status": "OPERATIONAL",
        "google_rating": 5,
        "google_user_ratings_count": 1,
        "google_editorial_summary": null,
        "google_formatted_address": "421 Main St, Chico, CA 95928, USA",
        "priority_score": 0.7229,
        "priority_tier": "high",
        "priority_components": {
          "audience": 0.695,
          "confidence": 0.4,
          "fit": 0.9,
          "legitimacy": 0.7,
          "public_facility_bonus": 0.05,
          "in_district_walk_15_cvap": 591
        },
        "priority_rank": 11
      }
    },
    {
      "type": "Feature",
      "geometry": {
        "type": "Point",
        "coordinates": [
          -121.8376516,
          39.7291287
        ]
      },
      "properties": {
        "osm_id": "way/460975643",
        "name": "Chico City Hall",
        "category": "townhall",
        "amenity": "townhall",
        "leisure": null,
        "tourism": null,
        "shop": null,
        "craft": null,
        "office": null,
        "club": null,
        "address": null,
        "website": "http://www.chico.ca.us/",
        "phone": "(530) 896-7200",
        "capacity": null,
        "wheelchair": null,
        "operator": "City of Chico",
        "hosting_status": "needs_verification",
        "notes": null,
        "in_district": false,
        "google_place_id": "ChIJIxrYUbcng4ARBvwYvngW65I",
        "google_types": [
          "local_government_office",
          "government_office",
          "point_of_interest",
          "service",
          "establishment"
        ],
        "google_primary_type": "local_government_office",
        "google_business_status": "OPERATIONAL",
        "google_rating": 2.6,
        "google_user_ratings_count": 19,
        "google_editorial_summary": null,
        "google_formatted_address": "411 Main St, Chico, CA 95928, USA",
        "priority_score": 0.7062,
        "priority_tier": "high",
        "priority_components": {
          "audience": 0.703,
          "confidence": 0.4,
          "fit": 0.9,
          "legitimacy": 0.5,
          "public_facility_bonus": 0.05,
          "in_district_walk_15_cvap": 639
        },
        "priority_rank": 17
      }
    },
    {
      "type": "Feature",
      "geometry": {
        "type": "Point",
        "coordinates": [
          -121.837473,
          39.7282788
        ]
      },
      "properties": {
        "osm_id": "way/460976024",
        "name": "Senator Theater",
        "category": "theatre",
        "amenity": "theatre",
        "leisure": null,
        "tourism": null,
        "shop": null,
        "craft": null,
        "office": null,
        "club": null,
        "address": null,
        "website": null,
        "phone": "(530) 898-1497",
        "capacity": null,
        "wheelchair": null,
        "operator": null,
        "hosting_status": "needs_verification",
        "notes": null,
        "in_district": false,
        "google_place_id": "ChIJowjZGbcng4AR3DvND_XmNvQ",
        "google_types": [
          "live_music_venue",
          "event_venue",
          "point_of_interest",
          "establishment"
        ],
        "google_primary_type": "live_music_venue",
        "google_business_status": "OPERATIONAL",
        "google_rating": 4,
        "google_user_ratings_count": 317,
        "google_editorial_summary": null,
        "google_formatted_address": "517 Main St, Chico, CA 95928, USA",
        "priority_score": 0.7244,
        "priority_tier": "high",
        "priority_components": {
          "audience": 0.686,
          "confidence": 0.4,
          "fit": 1.0,
          "legitimacy": 1.0,
          "public_facility_bonus": 0.0,
          "in_district_walk_15_cvap": 544
        },
        "priority_rank": 10
      }
    },
    {
      "type": "Feature",
      "geometry": {
        "type": "Point",
        "coordinates": [
          -121.8376006,
          39.7276221
        ]
      },
      "properties": {
        "osm_id": "way/460976025",
        "name": "Jack's Family Restaurant",
        "category": "restaurant",
        "amenity": "restaurant",
        "leisure": null,
        "tourism": null,
        "shop": null,
        "craft": null,
        "office": null,
        "club": null,
        "address": "540 Main Street Chico",
        "website": "http://jacksfamilyrestaurant.com/",
        "phone": "+1-530-343-8383",
        "capacity": null,
        "wheelchair": null,
        "operator": null,
        "hosting_status": "needs_verification",
        "notes": null,
        "in_district": false,
        "google_place_id": "ChIJt7P3Ibcng4ARUgWkILTZPQw",
        "google_types": [
          "diner",
          "breakfast_restaurant",
          "restaurant",
          "point_of_interest",
          "food",
          "establishment"
        ],
        "google_primary_type": "diner",
        "google_business_status": "OPERATIONAL",
        "google_rating": 4.3,
        "google_user_ratings_count": 838,
        "google_editorial_summary": "Fast-food chain serving standard American eats such as burgers, fries & milkshakes.",
        "google_formatted_address": "540 Main St, Chico, CA 95928, USA",
        "priority_score": 0.6199,
        "priority_tier": "high",
        "priority_components": {
          "audience": 0.675,
          "confidence": 0.4,
          "fit": 0.6,
          "legitimacy": 1.0,
          "public_facility_bonus": 0.0,
          "in_district_walk_15_cvap": 490
        },
        "priority_rank": 85
      }
    },
    {
      "type": "Feature",
      "geometry": {
        "type": "Point",
        "coordinates": [
          -121.8341933,
          39.7437809
        ]
      },
      "properties": {
        "osm_id": "way/461041054",
        "name": "Butte County Library - Chico Branch",
        "category": "library",
        "amenity": "library",
        "leisure": null,
        "tourism": null,
        "shop": null,
        "craft": null,
        "office": null,
        "club": null,
        "address": "1108 Sherman Avenue Chico",
        "website": "https://www.buttecounty.net/528/Library",
        "phone": "+1-530-552-5652;",
        "capacity": null,
        "wheelchair": "yes",
        "operator": "Butte County",
        "hosting_status": "needs_verification",
        "notes": null,
        "in_district": true,
        "google_place_id": "ChIJ64SgxpQng4AR7IFArlT072k",
        "google_types": [
          "library",
          "point_of_interest",
          "service",
          "establishment"
        ],
        "google_primary_type": "library",
        "google_business_status": "OPERATIONAL",
        "google_rating": 4.7,
        "google_user_ratings_count": 163,
        "google_editorial_summary": null,
        "google_formatted_address": "1108 Sherman Ave, Chico, CA 95926, USA",
        "priority_score": 0.8085,
        "priority_tier": "top",
        "priority_components": {
          "audience": 0.834,
          "confidence": 0.4,
          "fit": 0.9,
          "legitimacy": 1.0,
          "public_facility_bonus": 0.05,
          "in_district_walk_15_cvap": 2154
        },
        "priority_rank": 1
      }
    },
    {
      "type": "Feature",
      "geometry": {
        "type": "Point",
        "coordinates": [
          -121.8565212,
          39.7506221
        ]
      },
      "properties": {
        "osm_id": "way/474802431",
        "name": "Town House Motel",
        "category": "tourism_motel",
        "amenity": null,
        "leisure": null,
        "tourism": "motel",
        "shop": null,
        "craft": null,
        "office": null,
        "club": null,
        "address": "2231 Esplanade Chico",
        "website": "https://rapidhotels.xyz/town-house-motel",
        "phone": "(530) 343-1621",
        "capacity": null,
        "wheelchair": null,
        "operator": null,
        "hosting_status": "needs_verification",
        "notes": "Hotel meeting rooms vary widely in price and political-event policy \u2014 confirm with sales team.",
        "in_district": false,
        "google_place_id": "ChIJNd6iGIAng4ARMypWH-K8PeQ",
        "google_types": [
          "motel",
          "lodging",
          "point_of_interest",
          "establishment"
        ],
        "google_primary_type": "motel",
        "google_business_status": "OPERATIONAL",
        "google_rating": 2.2,
        "google_user_ratings_count": 223,
        "google_editorial_summary": "Standard rooms with coffeemakers, cable TVs, a/c & free WiFi, outdoor pool & free parking.",
        "google_formatted_address": "2231 Esplanade, Chico, CA 95926, USA",
        "priority_score": 0.632,
        "priority_tier": "high",
        "priority_components": {
          "audience": 0.842,
          "confidence": 0.4,
          "fit": 0.5,
          "legitimacy": 0.7,
          "public_facility_bonus": 0.0,
          "in_district_walk_15_cvap": 2332
        },
        "priority_rank": 71
      }
    },
    {
      "type": "Feature",
      "geometry": {
        "type": "Point",
        "coordinates": [
          -121.8399787,
          39.7296117
        ]
      },
      "properties": {
        "osm_id": "way/478323674",
        "name": "Woodstock's Pizza Chico",
        "category": "restaurant",
        "amenity": "restaurant",
        "leisure": null,
        "tourism": null,
        "shop": null,
        "craft": null,
        "office": null,
        "club": null,
        "address": "240 Main Street Chico",
        "website": "https://woodstockschico.com",
        "phone": "+1-530-893-1500",
        "capacity": null,
        "wheelchair": null,
        "operator": null,
        "hosting_status": "needs_verification",
        "notes": null,
        "in_district": false,
        "google_place_id": "ChIJwUmGOrong4ARhjhtlnaA2l0",
        "google_types": [
          "restaurant",
          "pizza_delivery",
          "beer_garden",
          "salad_shop",
          "pizza_restaurant",
          "chicken_wings_restaurant",
          "vegetarian_restaurant",
          "catering_service",
          "bar",
          "meal_delivery",
          "food_delivery",
          "point_of_interest",
          "service",
          "food",
          "establishment"
        ],
        "google_primary_type": "restaurant",
        "google_business_status": "OPERATIONAL",
        "google_rating": 4.4,
        "google_user_ratings_count": 1481,
        "google_editorial_summary": "Creative pizzas, salads & sandwiches, plus pitchers of beer, turned out in easygoing surrounds.",
        "google_formatted_address": "240 Main St, Chico, CA 95928, USA",
        "priority_score": 0.637,
        "priority_tier": "high",
        "priority_components": {
          "audience": 0.718,
          "confidence": 0.4,
          "fit": 0.6,
          "legitimacy": 1.0,
          "public_facility_bonus": 0.0,
          "in_district_walk_15_cvap": 732
        },
        "priority_rank": 64
      }
    },
    {
      "type": "Feature",
      "geometry": {
        "type": "Point",
        "coordinates": [
          -121.8401305,
          39.7290131
        ]
      },
      "properties": {
        "osm_id": "way/478323677",
        "name": "Burgers 'n Brew",
        "category": "restaurant",
        "amenity": "restaurant",
        "leisure": null,
        "tourism": null,
        "shop": null,
        "craft": null,
        "office": null,
        "club": null,
        "address": null,
        "website": "https://www.burgersnbrew.com/",
        "phone": "(530) 879-9100",
        "capacity": null,
        "wheelchair": null,
        "operator": null,
        "hosting_status": "needs_verification",
        "notes": null,
        "in_district": false,
        "google_place_id": "ChIJQ2h3a7ong4ARru30LQgnACQ",
        "google_types": [
          "hamburger_restaurant",
          "gastropub",
          "bar",
          "american_restaurant",
          "restaurant",
          "point_of_interest",
          "food",
          "establishment"
        ],
        "google_primary_type": "hamburger_restaurant",
        "google_business_status": "OPERATIONAL",
        "google_rating": 4.4,
        "google_user_ratings_count": 1903,
        "google_editorial_summary": "Sleek local brewpub chain featuring craft beers on tap & a menu of burgers & sandwiches.",
        "google_formatted_address": "301 Broadway St, Chico, CA 95928, USA",
        "priority_score": 0.628,
        "priority_tier": "high",
        "priority_components": {
          "audience": 0.695,
          "confidence": 0.4,
          "fit": 0.6,
          "legitimacy": 1.0,
          "public_facility_bonus": 0.0,
          "in_district_walk_15_cvap": 592
        },
        "priority_rank": 79
      }
    },
    {
      "type": "Feature",
      "geometry": {
        "type": "Point",
        "coordinates": [
          -121.8409048,
          39.7296602
        ]
      },
      "properties": {
        "osm_id": "way/478323834",
        "name": "Crush",
        "category": "restaurant",
        "amenity": "restaurant",
        "leisure": null,
        "tourism": null,
        "shop": null,
        "craft": null,
        "office": null,
        "club": null,
        "address": "303 Main St",
        "website": "https://www.crushmenu.com/",
        "phone": "(530) 342-7000",
        "capacity": null,
        "wheelchair": null,
        "operator": null,
        "hosting_status": "needs_verification",
        "notes": null,
        "in_district": false,
        "google_place_id": "ChIJQ2h3a7ong4ARhJa2CjUl6_c",
        "google_types": [
          "italian_restaurant",
          "wine_bar",
          "lounge_bar",
          "night_club",
          "bar",
          "event_venue",
          "restaurant",
          "point_of_interest",
          "food",
          "establishment"
        ],
        "google_primary_type": "italian_restaurant",
        "google_business_status": "OPERATIONAL",
        "google_rating": 4.5,
        "google_user_ratings_count": 810,
        "google_editorial_summary": "Contemporary restaurant with Italian cuisine & brick-oven pizzas, plus a lounge & sizable wine list.",
        "google_formatted_address": "201 Broadway St #200, Chico, CA 95928, USA",
        "priority_score": 0.6323,
        "priority_tier": "high",
        "priority_components": {
          "audience": 0.706,
          "confidence": 0.4,
          "fit": 0.6,
          "legitimacy": 1.0,
          "public_facility_bonus": 0.0,
          "in_district_walk_15_cvap": 655
        },
        "priority_rank": 70
      }
    },
    {
      "type": "Feature",
      "geometry": {
        "type": "Point",
        "coordinates": [
          -121.8387257,
          39.7292513
        ]
      },
      "properties": {
        "osm_id": "way/488731794",
        "name": "Duffy's Tavern",
        "category": "restaurant",
        "amenity": "restaurant",
        "leisure": null,
        "tourism": null,
        "shop": null,
        "craft": null,
        "office": null,
        "club": null,
        "address": null,
        "website": "https://www.facebook.com/duffschico/",
        "phone": "(530) 343-7718",
        "capacity": null,
        "wheelchair": null,
        "operator": null,
        "hosting_status": "needs_verification",
        "notes": null,
        "in_district": false,
        "google_place_id": "ChIJqy9IALong4ARs46gIQXLc5Q",
        "google_types": [
          "cocktail_bar",
          "bar",
          "point_of_interest",
          "establishment"
        ],
        "google_primary_type": "cocktail_bar",
        "google_business_status": "OPERATIONAL",
        "google_rating": 4.5,
        "google_user_ratings_count": 375,
        "google_editorial_summary": null,
        "google_formatted_address": "337 Main St, Chico, CA 95928, USA",
        "priority_score": 0.6302,
        "priority_tier": "high",
        "priority_components": {
          "audience": 0.701,
          "confidence": 0.4,
          "fit": 0.6,
          "legitimacy": 1.0,
          "public_facility_bonus": 0.0,
          "in_district_walk_15_cvap": 624
        },
        "priority_rank": 73
      }
    },
    {
      "type": "Feature",
      "geometry": {
        "type": "Point",
        "coordinates": [
          -121.8207443,
          39.725262
        ]
      },
      "properties": {
        "osm_id": "way/539691268",
        "name": "Dorothy F. Johnson Center",
        "category": "community_centre",
        "amenity": "community_centre",
        "leisure": null,
        "tourism": null,
        "shop": null,
        "craft": null,
        "office": null,
        "club": null,
        "address": null,
        "website": "https://www.chicorec.gov/dorothy-f-johnson-center",
        "phone": "(530) 895-4711",
        "capacity": null,
        "wheelchair": null,
        "operator": null,
        "hosting_status": "needs_verification",
        "notes": null,
        "in_district": false,
        "google_place_id": "ChIJtVw1TS0mg4ARuitOrt1u0g4",
        "google_types": [
          "sports_activity_location",
          "point_of_interest",
          "establishment"
        ],
        "google_primary_type": "sports_activity_location",
        "google_business_status": "OPERATIONAL",
        "google_rating": 4.5,
        "google_user_ratings_count": 73,
        "google_editorial_summary": null,
        "google_formatted_address": "775 E 16th St, Chico, CA 95928, USA",
        "priority_score": 0.5792,
        "priority_tier": "high",
        "priority_components": {
          "audience": 0.336,
          "confidence": 0.4,
          "fit": 0.9,
          "legitimacy": 0.7,
          "public_facility_bonus": 0.05,
          "in_district_walk_15_cvap": 12
        },
        "priority_rank": 111
      }
    },
    {
      "type": "Feature",
      "geometry": {
        "type": "Point",
        "coordinates": [
          -121.84258,
          39.7291348
        ]
      },
      "properties": {
        "osm_id": "way/544435575",
        "name": "Madison Bear Garden",
        "category": "bar",
        "amenity": "bar",
        "leisure": null,
        "tourism": null,
        "shop": null,
        "craft": null,
        "office": null,
        "club": null,
        "address": "316 West 2nd Street chico",
        "website": "https://www.madisonbeargarden.com/",
        "phone": "+1-530-891-1639",
        "capacity": null,
        "wheelchair": null,
        "operator": null,
        "hosting_status": "needs_verification",
        "notes": null,
        "in_district": false,
        "google_place_id": "ChIJawuFjbong4ARTAl0O7nb6k4",
        "google_types": [
          "bar_and_grill",
          "bar",
          "restaurant",
          "point_of_interest",
          "food",
          "establishment"
        ],
        "google_primary_type": "bar_and_grill",
        "google_business_status": "OPERATIONAL",
        "google_rating": 4.4,
        "google_user_ratings_count": 2341,
        "google_editorial_summary": "Enduring sports bar & eatery offering hefty burgers & sides in a playful atmosphere.",
        "google_formatted_address": "316 W 2nd St, Chico, CA 95928, USA",
        "priority_score": 0.6002,
        "priority_tier": "high",
        "priority_components": {
          "audience": 0.657,
          "confidence": 0.4,
          "fit": 0.55,
          "legitimacy": 1.0,
          "public_facility_bonus": 0.0,
          "in_district_walk_15_cvap": 414
        },
        "priority_rank": 104
      }
    },
    {
      "type": "Feature",
      "geometry": {
        "type": "Point",
        "coordinates": [
          -121.8711866,
          39.7340657
        ]
      },
      "properties": {
        "osm_id": "way/545148263",
        "name": "Emma Wilson Elementary School",
        "category": "school",
        "amenity": "school",
        "leisure": null,
        "tourism": null,
        "shop": null,
        "craft": null,
        "office": null,
        "club": null,
        "address": null,
        "website": "http://emmawilson.chicousd.org/",
        "phone": "(530) 891-3297",
        "capacity": null,
        "wheelchair": null,
        "operator": null,
        "hosting_status": "needs_verification",
        "notes": "Public school auditoriums and hotel meeting rooms typically require an explicit booking arrangement \u2014 confirm with the venue before assuming.",
        "in_district": false,
        "google_place_id": "ChIJFWen1m0ng4ARlgUARN0ZJuE",
        "google_types": [
          "primary_school",
          "school",
          "educational_institution",
          "point_of_interest",
          "establishment"
        ],
        "google_primary_type": "primary_school",
        "google_business_status": "OPERATIONAL",
        "google_rating": null,
        "google_user_ratings_count": null,
        "google_editorial_summary": null,
        "google_formatted_address": "1530 W 8th Ave, Chico, CA 95926, USA",
        "priority_score": 0.6543,
        "priority_tier": "high",
        "priority_components": {
          "audience": 0.636,
          "confidence": 0.4,
          "fit": 0.8,
          "legitimacy": 0.5,
          "public_facility_bonus": 0.05,
          "in_district_walk_15_cvap": 339
        },
        "priority_rank": 48
      }
    },
    {
      "type": "Feature",
      "geometry": {
        "type": "Point",
        "coordinates": [
          -121.8388098,
          39.72943
        ]
      },
      "properties": {
        "osm_id": "way/546739177",
        "name": "Chico Children's Museum",
        "category": "tourism_museum",
        "amenity": null,
        "leisure": null,
        "tourism": "museum",
        "shop": null,
        "craft": null,
        "office": null,
        "club": null,
        "address": null,
        "website": "http://www.chicochildrensmuseum.org/",
        "phone": "(530) 809-1492",
        "capacity": null,
        "wheelchair": null,
        "operator": null,
        "hosting_status": "needs_verification",
        "notes": null,
        "in_district": false,
        "google_place_id": "ChIJZbLgD7ong4ARV6YG0b0FeYQ",
        "google_types": [
          "museum",
          "point_of_interest",
          "establishment"
        ],
        "google_primary_type": "museum",
        "google_business_status": "OPERATIONAL",
        "google_rating": 4.5,
        "google_user_ratings_count": 184,
        "google_editorial_summary": null,
        "google_formatted_address": "325 Main St, Chico, CA 95928, USA",
        "priority_score": 0.6655,
        "priority_tier": "high",
        "priority_components": {
          "audience": 0.695,
          "confidence": 0.4,
          "fit": 0.75,
          "legitimacy": 1.0,
          "public_facility_bonus": 0.0,
          "in_district_walk_15_cvap": 593
        },
        "priority_rank": 43
      }
    },
    {
      "type": "Feature",
      "geometry": {
        "type": "Point",
        "coordinates": [
          -121.8396157,
          39.7300448
        ]
      },
      "properties": {
        "osm_id": "way/546739181",
        "name": "Bella's Sports Pub",
        "category": "bar",
        "amenity": "bar",
        "leisure": null,
        "tourism": null,
        "shop": null,
        "craft": null,
        "office": null,
        "club": null,
        "address": null,
        "website": "https://www.bellassportspub.com/",
        "phone": "(530) 893-5253",
        "capacity": null,
        "wheelchair": null,
        "operator": null,
        "hosting_status": "needs_verification",
        "notes": null,
        "in_district": false,
        "google_place_id": "ChIJy5uoXrong4AR3wyrIh57goc",
        "google_types": [
          "sports_bar",
          "pub",
          "bar",
          "restaurant",
          "point_of_interest",
          "food",
          "establishment"
        ],
        "google_primary_type": "sports_bar",
        "google_business_status": "OPERATIONAL",
        "google_rating": 4.4,
        "google_user_ratings_count": 275,
        "google_editorial_summary": "Easygoing game-day spot offering burgers, wings & other pub fare, plus a full bar with beer on tap.",
        "google_formatted_address": "231 Main St, Chico, CA 95928, USA",
        "priority_score": 0.6267,
        "priority_tier": "high",
        "priority_components": {
          "audience": 0.723,
          "confidence": 0.4,
          "fit": 0.55,
          "legitimacy": 1.0,
          "public_facility_bonus": 0.0,
          "in_district_walk_15_cvap": 769
        },
        "priority_rank": 81
      }
    },
    {
      "type": "Feature",
      "geometry": {
        "type": "Point",
        "coordinates": [
          -121.8427237,
          39.7297711
        ]
      },
      "properties": {
        "osm_id": "way/546937676",
        "name": "Celestino's New York Pizza",
        "category": "restaurant",
        "amenity": "restaurant",
        "leisure": null,
        "tourism": null,
        "shop": null,
        "craft": null,
        "office": null,
        "club": null,
        "address": "101 Salem Street Chico",
        "website": "http://www.celestinosnypizza.com/",
        "phone": "+1-530-896-1234",
        "capacity": null,
        "wheelchair": null,
        "operator": null,
        "hosting_status": "needs_verification",
        "notes": null,
        "in_district": false,
        "google_place_id": "ChIJVyVJ8Long4ARImKNEeIRHZw",
        "google_types": [
          "pizza_restaurant",
          "italian_restaurant",
          "restaurant",
          "point_of_interest",
          "food",
          "establishment"
        ],
        "google_primary_type": "pizza_restaurant",
        "google_business_status": "OPERATIONAL",
        "google_rating": 4.5,
        "google_user_ratings_count": 901,
        "google_editorial_summary": "Relaxed pizzeria offering specialty thin-crust pies & slices along with pasta, salads, beer & wine.",
        "google_formatted_address": "101 Salem St #100, Chico, CA 95928, USA",
        "priority_score": 0.6139,
        "priority_tier": "high",
        "priority_components": {
          "audience": 0.66,
          "confidence": 0.4,
          "fit": 0.6,
          "legitimacy": 1.0,
          "public_facility_bonus": 0.0,
          "in_district_walk_15_cvap": 426
        },
        "priority_rank": 93
      }
    },
    {
      "type": "Feature",
      "geometry": {
        "type": "Point",
        "coordinates": [
          -121.8422748,
          39.7294631
        ]
      },
      "properties": {
        "osm_id": "way/546937678",
        "name": "Chico Museum",
        "category": "tourism_museum",
        "amenity": null,
        "leisure": null,
        "tourism": "museum",
        "shop": null,
        "craft": null,
        "office": null,
        "club": null,
        "address": "141 Salem Street Chico",
        "website": "https://chicohistorymuseum.org/",
        "phone": "+1-530-891-4336",
        "capacity": null,
        "wheelchair": "yes",
        "operator": null,
        "hosting_status": "needs_verification",
        "notes": null,
        "in_district": false,
        "google_place_id": "ChIJV62N8rong4ARVKe9PYpWoD8",
        "google_types": [
          "museum",
          "historical_landmark",
          "historical_place",
          "point_of_interest",
          "establishment"
        ],
        "google_primary_type": "museum",
        "google_business_status": "OPERATIONAL",
        "google_rating": 4.7,
        "google_user_ratings_count": 76,
        "google_editorial_summary": "Small museum featuring ever-changing exhibits on Chico, ranging from its history to its agriculture.",
        "google_formatted_address": "141 Salem St, Chico, CA 95928, USA",
        "priority_score": 0.6191,
        "priority_tier": "high",
        "priority_components": {
          "audience": 0.654,
          "confidence": 0.4,
          "fit": 0.75,
          "legitimacy": 0.7,
          "public_facility_bonus": 0.0,
          "in_district_walk_15_cvap": 403
        },
        "priority_rank": 88
      }
    },
    {
      "type": "Feature",
      "geometry": {
        "type": "Point",
        "coordinates": [
          -121.843741,
          39.7336523
        ]
      },
      "properties": {
        "osm_id": "way/546953163",
        "name": "Gateway Science Museum",
        "category": "tourism_museum",
        "amenity": null,
        "leisure": null,
        "tourism": "museum",
        "shop": null,
        "craft": null,
        "office": null,
        "club": null,
        "address": "625 Esplanade Chico",
        "website": "https://www.csuchico.edu/gateway/",
        "phone": "+1-530-898-4121",
        "capacity": null,
        "wheelchair": null,
        "operator": "California State University, Chico",
        "hosting_status": "needs_verification",
        "notes": null,
        "in_district": false,
        "google_place_id": "ChIJm-V-67wng4AR2ag6v7Ir2ks",
        "google_types": [
          "tourist_attraction",
          "museum",
          "point_of_interest",
          "establishment"
        ],
        "google_primary_type": "museum",
        "google_business_status": "OPERATIONAL",
        "google_rating": 4.4,
        "google_user_ratings_count": 163,
        "google_editorial_summary": "Part of CSU Chico, a small, kid-oriented museum with hands-on science activities & exhibitions.",
        "google_formatted_address": "625 Esplanade, Chico, CA 95926, USA",
        "priority_score": 0.7483,
        "priority_tier": "high",
        "priority_components": {
          "audience": 0.777,
          "confidence": 0.4,
          "fit": 0.75,
          "legitimacy": 1.0,
          "public_facility_bonus": 0.05,
          "in_district_walk_15_cvap": 1271
        },
        "priority_rank": 6
      }
    },
    {
      "type": "Feature",
      "geometry": {
        "type": "Point",
        "coordinates": [
          -121.8367313,
          39.7261426
        ]
      },
      "properties": {
        "osm_id": "way/624162448",
        "name": "Heritage Inn Express Chico",
        "category": "tourism_motel",
        "amenity": null,
        "leisure": null,
        "tourism": "motel",
        "shop": null,
        "craft": null,
        "office": null,
        "club": null,
        "address": "725 Broadway Street Chico",
        "website": "https://www.heritagechico.com/",
        "phone": "(530) 343-4527",
        "capacity": null,
        "wheelchair": null,
        "operator": null,
        "hosting_status": "needs_verification",
        "notes": "Hotel meeting rooms vary widely in price and political-event policy \u2014 confirm with sales team.",
        "in_district": false,
        "google_place_id": "ChIJs3najrYng4ARJFQAkNIaTBU",
        "google_types": [
          "hotel",
          "lodging",
          "point_of_interest",
          "establishment"
        ],
        "google_primary_type": "hotel",
        "google_business_status": "OPERATIONAL",
        "google_rating": 3.2,
        "google_user_ratings_count": 442,
        "google_editorial_summary": "Modest rooms & suites in a no-nonsense hotel, plus an outdoor pool & free continental breakfast.",
        "google_formatted_address": "725 Broadway St, Chico, CA 95928, USA",
        "priority_score": 0.5516,
        "priority_tier": "high",
        "priority_components": {
          "audience": 0.641,
          "confidence": 0.4,
          "fit": 0.5,
          "legitimacy": 0.7,
          "public_facility_bonus": 0.0,
          "in_district_walk_15_cvap": 358
        },
        "priority_rank": 116
      }
    },
    {
      "type": "Feature",
      "geometry": {
        "type": "Point",
        "coordinates": [
          -121.837183,
          39.7269931
        ]
      },
      "properties": {
        "osm_id": "way/624163774",
        "name": "University Inn",
        "category": "tourism_hotel",
        "amenity": null,
        "leisure": null,
        "tourism": "hotel",
        "shop": null,
        "craft": null,
        "office": null,
        "club": null,
        "address": "630 Main Street Chico",
        "website": "https://www.wyndhamhotels.com/days-inn/chico-california/days-inn-chico/overview",
        "phone": "(530) 895-1323",
        "capacity": null,
        "wheelchair": null,
        "operator": null,
        "hosting_status": "needs_verification",
        "notes": "Hotel meeting rooms vary widely in price and political-event policy \u2014 confirm with sales team.",
        "in_district": false,
        "google_place_id": "ChIJEXcn-7Yng4AR_qff9IxygzI",
        "google_types": [
          "hotel",
          "motel",
          "extended_stay_hotel",
          "lodging",
          "point_of_interest",
          "establishment"
        ],
        "google_primary_type": "hotel",
        "google_business_status": "OPERATIONAL",
        "google_rating": 2.8,
        "google_user_ratings_count": 457,
        "google_editorial_summary": null,
        "google_formatted_address": "630 Main St, Chico, CA 95928, USA",
        "priority_score": 0.5985,
        "priority_tier": "high",
        "priority_components": {
          "audience": 0.665,
          "confidence": 0.4,
          "fit": 0.65,
          "legitimacy": 0.7,
          "public_facility_bonus": 0.0,
          "in_district_walk_15_cvap": 447
        },
        "priority_rank": 105
      }
    },
    {
      "type": "Feature",
      "geometry": {
        "type": "Point",
        "coordinates": [
          -121.8127912,
          39.7509189
        ]
      },
      "properties": {
        "osm_id": "way/640343883",
        "name": "Sierra View Elementary",
        "category": "school",
        "amenity": "school",
        "leisure": null,
        "tourism": null,
        "shop": null,
        "craft": null,
        "office": null,
        "club": null,
        "address": "1598 Hooker Oak Avenue Chico",
        "website": "http://sierraview.chicousd.org/",
        "phone": "(530) 891-3117",
        "capacity": null,
        "wheelchair": null,
        "operator": "Chico Unified Schools",
        "hosting_status": "needs_verification",
        "notes": "Public school auditoriums and hotel meeting rooms typically require an explicit booking arrangement \u2014 confirm with the venue before assuming.",
        "in_district": false,
        "google_place_id": "ChIJnfmH4OEng4ARPkM5BCLxQC4",
        "google_types": [
          "primary_school",
          "school",
          "educational_institution",
          "point_of_interest",
          "establishment"
        ],
        "google_primary_type": "primary_school",
        "google_business_status": "OPERATIONAL",
        "google_rating": null,
        "google_user_ratings_count": null,
        "google_editorial_summary": null,
        "google_formatted_address": "1598 Hooker Oak Ave, Chico, CA 95926, USA",
        "priority_score": 0.12,
        "priority_tier": "low",
        "priority_components": {
          "audience": 0.0,
          "confidence": 0.4,
          "fit": 0.8,
          "legitimacy": 0.5,
          "public_facility_bonus": 0.05,
          "in_district_walk_15_cvap": 0
        },
        "priority_rank": 139
      }
    },
    {
      "type": "Feature",
      "geometry": {
        "type": "Point",
        "coordinates": [
          -121.863934,
          39.7586579
        ]
      },
      "properties": {
        "osm_id": "way/745127244",
        "name": "La Hacienda",
        "category": "restaurant",
        "amenity": "restaurant",
        "leisure": null,
        "tourism": null,
        "shop": null,
        "craft": null,
        "office": null,
        "club": null,
        "address": "2635 Esplanade",
        "website": "http://lahacienda-chico.com/",
        "phone": "+1-530-893-8270",
        "capacity": null,
        "wheelchair": null,
        "operator": null,
        "hosting_status": "needs_verification",
        "notes": null,
        "in_district": false,
        "google_place_id": "ChIJzTGOiIXYgoAR1aHNeIyHAiI",
        "google_types": [
          "mexican_restaurant",
          "bar_and_grill",
          "family_restaurant",
          "bar",
          "restaurant",
          "point_of_interest",
          "food",
          "establishment"
        ],
        "google_primary_type": "mexican_restaurant",
        "google_business_status": "OPERATIONAL",
        "google_rating": 4.2,
        "google_user_ratings_count": 912,
        "google_editorial_summary": "Longtime haunt serving Michoacan-style tacos, salads & other Mexican fare with signature margaritas.",
        "google_formatted_address": "2635 Esplanade, Chico, CA 95973, USA",
        "priority_score": 0.6468,
        "priority_tier": "high",
        "priority_components": {
          "audience": 0.742,
          "confidence": 0.4,
          "fit": 0.6,
          "legitimacy": 1.0,
          "public_facility_bonus": 0.0,
          "in_district_walk_15_cvap": 918
        },
        "priority_rank": 53
      }
    },
    {
      "type": "Feature",
      "geometry": {
        "type": "Point",
        "coordinates": [
          -121.8417931,
          39.7290424
        ]
      },
      "properties": {
        "osm_id": "way/752914961",
        "name": "Gnarly Deli",
        "category": "restaurant",
        "amenity": "restaurant",
        "leisure": null,
        "tourism": null,
        "shop": null,
        "craft": null,
        "office": null,
        "club": null,
        "address": "243 Salem Street Chico",
        "website": "https://gnarlydeli.square.site/",
        "phone": "(530) 519-1488",
        "capacity": null,
        "wheelchair": null,
        "operator": null,
        "hosting_status": "needs_verification",
        "notes": null,
        "in_district": false,
        "google_place_id": "ChIJjaXpgpwng4ARUtMpOKH9x38",
        "google_types": [
          "american_restaurant",
          "restaurant",
          "point_of_interest",
          "food",
          "establishment"
        ],
        "google_primary_type": "american_restaurant",
        "google_business_status": "CLOSED_PERMANENTLY",
        "google_rating": 4.5,
        "google_user_ratings_count": 56,
        "google_editorial_summary": null,
        "google_formatted_address": "243 W 2nd St, Chico, CA 95928, USA",
        "priority_score": 0.5111,
        "priority_tier": "medium",
        "priority_components": {
          "audience": 0.653,
          "confidence": 0.4,
          "fit": 0.6,
          "legitimacy": 0.0,
          "public_facility_bonus": 0.0,
          "in_district_walk_15_cvap": 398
        },
        "priority_rank": 124
      }
    },
    {
      "type": "Feature",
      "geometry": {
        "type": "Point",
        "coordinates": [
          -121.8417853,
          39.7296349
        ]
      },
      "properties": {
        "osm_id": "way/752914965",
        "name": "Argus Bar",
        "category": "bar",
        "amenity": "bar",
        "leisure": null,
        "tourism": null,
        "shop": null,
        "craft": null,
        "office": null,
        "club": null,
        "address": null,
        "website": "https://www.argusvenue.com/",
        "phone": "(530) 809-2025",
        "capacity": null,
        "wheelchair": null,
        "operator": null,
        "hosting_status": "needs_verification",
        "notes": null,
        "in_district": false,
        "google_place_id": "ChIJnQD9Zrong4ARD4gSXRcn5Dw",
        "google_types": [
          "cocktail_bar",
          "bar",
          "point_of_interest",
          "establishment"
        ],
        "google_primary_type": "cocktail_bar",
        "google_business_status": "OPERATIONAL",
        "google_rating": 4.6,
        "google_user_ratings_count": 341,
        "google_editorial_summary": null,
        "google_formatted_address": "212 W 2nd St, Chico, CA 95928, USA",
        "priority_score": 0.6152,
        "priority_tier": "high",
        "priority_components": {
          "audience": 0.694,
          "confidence": 0.4,
          "fit": 0.55,
          "legitimacy": 1.0,
          "public_facility_bonus": 0.0,
          "in_district_walk_15_cvap": 589
        },
        "priority_rank": 92
      }
    },
    {
      "type": "Feature",
      "geometry": {
        "type": "Point",
        "coordinates": [
          -121.8418171,
          39.7298067
        ]
      },
      "properties": {
        "osm_id": "way/752914968",
        "name": "Bella's Sports Pub",
        "category": "pub",
        "amenity": "pub",
        "leisure": null,
        "tourism": null,
        "shop": null,
        "craft": null,
        "office": null,
        "club": null,
        "address": null,
        "website": "https://www.bellassportspub.com/",
        "phone": "(530) 893-5253",
        "capacity": null,
        "wheelchair": null,
        "operator": null,
        "hosting_status": "needs_verification",
        "notes": null,
        "in_district": false,
        "google_place_id": "ChIJy5uoXrong4AR3wyrIh57goc",
        "google_types": [
          "sports_bar",
          "pub",
          "bar",
          "restaurant",
          "point_of_interest",
          "food",
          "establishment"
        ],
        "google_primary_type": "sports_bar",
        "google_business_status": "OPERATIONAL",
        "google_rating": 4.4,
        "google_user_ratings_count": 275,
        "google_editorial_summary": "Easygoing game-day spot offering burgers, wings & other pub fare, plus a full bar with beer on tap.",
        "google_formatted_address": "231 Main St, Chico, CA 95928, USA",
        "priority_score": 0.6185,
        "priority_tier": "high",
        "priority_components": {
          "audience": 0.703,
          "confidence": 0.4,
          "fit": 0.55,
          "legitimacy": 1.0,
          "public_facility_bonus": 0.0,
          "in_district_walk_15_cvap": 636
        },
        "priority_rank": 89
      }
    },
    {
      "type": "Feature",
      "geometry": {
        "type": "Point",
        "coordinates": [
          -121.8435236,
          39.7315169
        ]
      },
      "properties": {
        "osm_id": "way/824751953",
        "name": "Bidwell Bowl",
        "category": "theatre",
        "amenity": "theatre",
        "leisure": null,
        "tourism": null,
        "shop": null,
        "craft": null,
        "office": null,
        "club": null,
        "address": null,
        "website": null,
        "phone": "(530) 896-7800",
        "capacity": null,
        "wheelchair": null,
        "operator": null,
        "hosting_status": "needs_verification",
        "notes": null,
        "in_district": false,
        "google_place_id": "ChIJ4Vaiarsng4ARH5M6u5qkNOQ",
        "google_types": [
          "performing_arts_theater",
          "event_venue",
          "point_of_interest",
          "establishment"
        ],
        "google_primary_type": "performing_arts_theater",
        "google_business_status": "OPERATIONAL",
        "google_rating": 4.3,
        "google_user_ratings_count": 13,
        "google_editorial_summary": null,
        "google_formatted_address": "400 W 1st St, Chico, CA 95929, USA",
        "priority_score": 0.6379,
        "priority_tier": "high",
        "priority_components": {
          "audience": 0.545,
          "confidence": 0.4,
          "fit": 1.0,
          "legitimacy": 0.7,
          "public_facility_bonus": 0.0,
          "in_district_walk_15_cvap": 141
        },
        "priority_rank": 63
      }
    },
    {
      "type": "Feature",
      "geometry": {
        "type": "Point",
        "coordinates": [
          -121.8513943,
          39.7245893
        ]
      },
      "properties": {
        "osm_id": "way/1050882808",
        "name": "Chico Creek Dance Center",
        "category": "dance",
        "amenity": null,
        "leisure": "dance",
        "tourism": null,
        "shop": null,
        "craft": null,
        "office": null,
        "club": null,
        "address": "1144 West 1st Street Chico",
        "website": "https://www.chicocreekdance.com/",
        "phone": "(530) 829-1832",
        "capacity": null,
        "wheelchair": null,
        "operator": null,
        "hosting_status": "needs_verification",
        "notes": null,
        "in_district": false,
        "google_place_id": "ChIJD_82o6gng4AR_yqS23GSnxg",
        "google_types": [
          "point_of_interest",
          "sports_school",
          "establishment"
        ],
        "google_primary_type": "sports_school",
        "google_business_status": "OPERATIONAL",
        "google_rating": 4.4,
        "google_user_ratings_count": 56,
        "google_editorial_summary": null,
        "google_formatted_address": "1144 W 1st St, Chico, CA 95928, USA",
        "priority_score": 0.0848,
        "priority_tier": "low",
        "priority_components": {
          "audience": 0.0,
          "confidence": 0.4,
          "fit": 0.45,
          "legitimacy": 0.7,
          "public_facility_bonus": 0.0,
          "in_district_walk_15_cvap": 0
        },
        "priority_rank": 155
      }
    },
    {
      "type": "Feature",
      "geometry": {
        "type": "Point",
        "coordinates": [
          -121.8493462,
          39.723238
        ]
      },
      "properties": {
        "osm_id": "way/1050886676",
        "name": "Tacos Tonaya #2",
        "category": "restaurant",
        "amenity": "restaurant",
        "leisure": null,
        "tourism": null,
        "shop": null,
        "craft": null,
        "office": null,
        "club": null,
        "address": "244 Walnut Street Chico",
        "website": null,
        "phone": "+1-530-893-8972",
        "capacity": null,
        "wheelchair": null,
        "operator": null,
        "hosting_status": "needs_verification",
        "notes": null,
        "in_district": false,
        "google_place_id": "ChIJJ7bY3K4ng4ARwbQrWHakGLk",
        "google_types": [
          "mexican_restaurant",
          "latin_american_restaurant",
          "restaurant",
          "point_of_interest",
          "food",
          "establishment"
        ],
        "google_primary_type": "mexican_restaurant",
        "google_business_status": "OPERATIONAL",
        "google_rating": 4.5,
        "google_user_ratings_count": 363,
        "google_editorial_summary": null,
        "google_formatted_address": "244 Walnut St, Chico, CA 95928, USA",
        "priority_score": 0.105,
        "priority_tier": "low",
        "priority_components": {
          "audience": 0.0,
          "confidence": 0.4,
          "fit": 0.6,
          "legitimacy": 1.0,
          "public_facility_bonus": 0.0,
          "in_district_walk_15_cvap": 0
        },
        "priority_rank": 147
      }
    },
    {
      "type": "Feature",
      "geometry": {
        "type": "Point",
        "coordinates": [
          -121.8462921,
          39.730917
        ]
      },
      "properties": {
        "osm_id": "way/1106265308",
        "name": "Albert E. Warrens Reception Center",
        "category": "events_venue",
        "amenity": "events_venue",
        "leisure": null,
        "tourism": null,
        "shop": null,
        "craft": null,
        "office": null,
        "club": null,
        "address": "341 Mansion Avenue Chico",
        "website": "https://www.csuchico.edu/fres/aewc-page.shtml",
        "phone": null,
        "capacity": null,
        "wheelchair": "no",
        "operator": null,
        "hosting_status": "needs_verification",
        "notes": null,
        "in_district": false,
        "google_place_id": "ChIJyYnJvaQng4ARCTcOHUTfN_8",
        "google_types": [
          "university",
          "educational_institution",
          "point_of_interest",
          "establishment"
        ],
        "google_primary_type": "university",
        "google_business_status": "OPERATIONAL",
        "google_rating": null,
        "google_user_ratings_count": null,
        "google_editorial_summary": null,
        "google_formatted_address": "Mansion Ave, Chico, CA 95926, USA",
        "priority_score": 0.672,
        "priority_tier": "high",
        "priority_components": {
          "audience": 0.68,
          "confidence": 0.4,
          "fit": 1.0,
          "legitimacy": 0.5,
          "public_facility_bonus": 0.0,
          "in_district_walk_15_cvap": 515
        },
        "priority_rank": 37
      }
    },
    {
      "type": "Feature",
      "geometry": {
        "type": "Point",
        "coordinates": [
          -121.8646482,
          39.7349705
        ]
      },
      "properties": {
        "osm_id": "way/1106265370",
        "name": "Chico Gleaners",
        "category": "social_facility",
        "amenity": "social_facility",
        "leisure": null,
        "tourism": null,
        "shop": null,
        "craft": null,
        "office": null,
        "club": null,
        "address": "1436 Nord Avenue Chico",
        "website": null,
        "phone": "(530) 895-3006",
        "capacity": null,
        "wheelchair": null,
        "operator": null,
        "hosting_status": "needs_verification",
        "notes": null,
        "in_district": false,
        "google_place_id": "ChIJ3Zb90nMng4ARgzDWmgCFuck",
        "google_types": [
          "point_of_interest",
          "association_or_organization",
          "service",
          "establishment"
        ],
        "google_primary_type": "association_or_organization",
        "google_business_status": "OPERATIONAL",
        "google_rating": 4.4,
        "google_user_ratings_count": 10,
        "google_editorial_summary": null,
        "google_formatted_address": "1436 Nord Ave # D, Chico, CA 95926, USA",
        "priority_score": 0.5186,
        "priority_tier": "medium",
        "priority_components": {
          "audience": 0.621,
          "confidence": 0.4,
          "fit": 0.4,
          "legitimacy": 0.7,
          "public_facility_bonus": 0.0,
          "in_district_walk_15_cvap": 296
        },
        "priority_rank": 122
      }
    },
    {
      "type": "Feature",
      "geometry": {
        "type": "Point",
        "coordinates": [
          -121.8535697,
          39.733362
        ]
      },
      "properties": {
        "osm_id": "way/1107616018",
        "name": "Monstro Pizza",
        "category": "restaurant",
        "amenity": "restaurant",
        "leisure": null,
        "tourism": null,
        "shop": null,
        "craft": null,
        "office": null,
        "club": null,
        "address": null,
        "website": "https://www.facebook.com/MonstrosPizzaChico/",
        "phone": "(530) 342-1111",
        "capacity": null,
        "wheelchair": null,
        "operator": null,
        "hosting_status": "needs_verification",
        "notes": null,
        "in_district": false,
        "google_place_id": "ChIJy78Ag2Qng4ARnQdxXRLEDC0",
        "google_types": [
          "meal_takeaway",
          "restaurant",
          "point_of_interest",
          "food",
          "establishment"
        ],
        "google_primary_type": "meal_takeaway",
        "google_business_status": "OPERATIONAL",
        "google_rating": 4,
        "google_user_ratings_count": 27,
        "google_editorial_summary": null,
        "google_formatted_address": "628 W Sacramento Ave, Chico, CA 95926, USA",
        "priority_score": 0.6706,
        "priority_tier": "high",
        "priority_components": {
          "audience": 0.876,
          "confidence": 0.4,
          "fit": 0.6,
          "legitimacy": 0.7,
          "public_facility_bonus": 0.0,
          "in_district_walk_15_cvap": 3195
        },
        "priority_rank": 38
      }
    },
    {
      "type": "Feature",
      "geometry": {
        "type": "Point",
        "coordinates": [
          -121.8358123,
          39.7282531
        ]
      },
      "properties": {
        "osm_id": "way/1138547215",
        "name": "Boys & Girls Clubs of the North Valley",
        "category": "community_centre",
        "amenity": "community_centre",
        "leisure": null,
        "tourism": null,
        "shop": null,
        "craft": null,
        "office": null,
        "club": null,
        "address": null,
        "website": "http://www.bgcnv.org/",
        "phone": "(530) 899-0335",
        "capacity": null,
        "wheelchair": null,
        "operator": null,
        "hosting_status": "needs_verification",
        "notes": null,
        "in_district": false,
        "google_place_id": "ChIJbze6VbYng4AR4uMaP5-5BoU",
        "google_types": [
          "child_care_agency",
          "point_of_interest",
          "service",
          "non_profit_organization",
          "association_or_organization",
          "establishment"
        ],
        "google_primary_type": "association_or_organization",
        "google_business_status": "OPERATIONAL",
        "google_rating": 4.5,
        "google_user_ratings_count": 8,
        "google_editorial_summary": null,
        "google_formatted_address": "601 Wall St, Chico, CA 95928, USA",
        "priority_score": 0.72,
        "priority_tier": "high",
        "priority_components": {
          "audience": 0.687,
          "confidence": 0.4,
          "fit": 0.9,
          "legitimacy": 0.7,
          "public_facility_bonus": 0.05,
          "in_district_walk_15_cvap": 552
        },
        "priority_rank": 12
      }
    },
    {
      "type": "Feature",
      "geometry": {
        "type": "Point",
        "coordinates": [
          -121.8259243,
          39.750001
        ]
      },
      "properties": {
        "osm_id": "way/1138555627",
        "name": "Coffee Ranch",
        "category": "cafe",
        "amenity": "cafe",
        "leisure": null,
        "tourism": null,
        "shop": null,
        "craft": null,
        "office": null,
        "club": null,
        "address": null,
        "website": "http://www.coffeeranchchico.com/",
        "phone": "(530) 809-9338",
        "capacity": null,
        "wheelchair": null,
        "operator": null,
        "hosting_status": "needs_verification",
        "notes": null,
        "in_district": false,
        "google_place_id": "ChIJVyeoRO4ng4ARt9Sg2MUrHsQ",
        "google_types": [
          "coffee_shop",
          "cafe",
          "point_of_interest",
          "food_store",
          "food",
          "store",
          "establishment"
        ],
        "google_primary_type": "coffee_shop",
        "google_business_status": "OPERATIONAL",
        "google_rating": 4.3,
        "google_user_ratings_count": 285,
        "google_editorial_summary": null,
        "google_formatted_address": "1288 E 1st Ave #120, Chico, CA 95926, USA",
        "priority_score": 0.5604,
        "priority_tier": "high",
        "priority_components": {
          "audience": 0.589,
          "confidence": 0.4,
          "fit": 0.5,
          "legitimacy": 1.0,
          "public_facility_bonus": 0.0,
          "in_district_walk_15_cvap": 216
        },
        "priority_rank": 113
      }
    },
    {
      "type": "Feature",
      "geometry": {
        "type": "Point",
        "coordinates": [
          -121.8761476,
          39.771158
        ]
      },
      "properties": {
        "osm_id": "way/1138556996",
        "name": "Deja Vu Breakfast Company",
        "category": "restaurant",
        "amenity": "restaurant",
        "leisure": null,
        "tourism": null,
        "shop": null,
        "craft": null,
        "office": null,
        "club": null,
        "address": null,
        "website": "https://m.facebook.com/profile.php?id=100069458241902",
        "phone": "(530) 287-5660",
        "capacity": null,
        "wheelchair": null,
        "operator": null,
        "hosting_status": "needs_verification",
        "notes": null,
        "in_district": false,
        "google_place_id": "ChIJvwZYGmvZgoARflZWKTbAmts",
        "google_types": [
          "breakfast_restaurant",
          "restaurant",
          "point_of_interest",
          "food",
          "establishment"
        ],
        "google_primary_type": "breakfast_restaurant",
        "google_business_status": "OPERATIONAL",
        "google_rating": 4.7,
        "google_user_ratings_count": 378,
        "google_editorial_summary": null,
        "google_formatted_address": "3221 Esplanade, Chico, CA 95973, USA",
        "priority_score": 0.105,
        "priority_tier": "low",
        "priority_components": {
          "audience": 0.0,
          "confidence": 0.4,
          "fit": 0.6,
          "legitimacy": 1.0,
          "public_facility_bonus": 0.0,
          "in_district_walk_15_cvap": 0
        },
        "priority_rank": 148
      }
    },
    {
      "type": "Feature",
      "geometry": {
        "type": "Point",
        "coordinates": [
          -121.847369,
          39.7409507
        ]
      },
      "properties": {
        "osm_id": "way/1138560355",
        "name": "Goodman House Bed & Breakfast",
        "category": "tourism_hotel",
        "amenity": null,
        "leisure": null,
        "tourism": "hotel",
        "shop": null,
        "craft": null,
        "office": null,
        "club": null,
        "address": null,
        "website": "https://www.goodmanhouse.net/",
        "phone": "(530) 566-0256",
        "capacity": null,
        "wheelchair": null,
        "operator": null,
        "hosting_status": "needs_verification",
        "notes": "Hotel meeting rooms vary widely in price and political-event policy \u2014 confirm with sales team.",
        "in_district": true,
        "google_place_id": "ChIJ_RBWKZong4AR5PuSwoxsUng",
        "google_types": [
          "bed_and_breakfast",
          "lodging",
          "point_of_interest",
          "establishment"
        ],
        "google_primary_type": "bed_and_breakfast",
        "google_business_status": "OPERATIONAL",
        "google_rating": 4.8,
        "google_user_ratings_count": 19,
        "google_editorial_summary": "Refined B&B in a circa-1906 home featuring antiques-filled rooms, gourmet breakfast & free Wi-Fi.",
        "google_formatted_address": "1362 Esplanade, Chico, CA 95926, USA",
        "priority_score": 0.6866,
        "priority_tier": "high",
        "priority_components": {
          "audience": 0.885,
          "confidence": 0.4,
          "fit": 0.65,
          "legitimacy": 0.7,
          "public_facility_bonus": 0.0,
          "in_district_walk_15_cvap": 3467
        },
        "priority_rank": 24
      }
    },
    {
      "type": "Feature",
      "geometry": {
        "type": "Point",
        "coordinates": [
          -121.8764388,
          39.7709617
        ]
      },
      "properties": {
        "osm_id": "way/1138563498",
        "name": "Hotel James",
        "category": "tourism_hotel",
        "amenity": null,
        "leisure": null,
        "tourism": "hotel",
        "shop": null,
        "craft": null,
        "office": null,
        "club": null,
        "address": null,
        "website": "http://hoteljameschico.com/",
        "phone": "(530) 894-5743",
        "capacity": null,
        "wheelchair": null,
        "operator": null,
        "hosting_status": "needs_verification",
        "notes": "Hotel meeting rooms vary widely in price and political-event policy \u2014 confirm with sales team.",
        "in_district": false,
        "google_place_id": "ChIJhWL6uOnYgoARWUiPsTU3pFc",
        "google_types": [
          "hotel",
          "lodging",
          "point_of_interest",
          "establishment"
        ],
        "google_primary_type": "hotel",
        "google_business_status": "OPERATIONAL",
        "google_rating": 4.6,
        "google_user_ratings_count": 44,
        "google_editorial_summary": "Boutique hotel featuring streamlined guestrooms & suites with Wi-Fi, plus a wine bar/restaurant.",
        "google_formatted_address": "10 Lost Dutchman Dr, Chico, CA 95973, USA",
        "priority_score": 0.0998,
        "priority_tier": "low",
        "priority_components": {
          "audience": 0.0,
          "confidence": 0.4,
          "fit": 0.65,
          "legitimacy": 0.7,
          "public_facility_bonus": 0.0,
          "in_district_walk_15_cvap": 0
        },
        "priority_rank": 151
      }
    },
    {
      "type": "Feature",
      "geometry": {
        "type": "Point",
        "coordinates": [
          -121.8336637,
          39.7261692
        ]
      },
      "properties": {
        "osm_id": "way/1138564280",
        "name": "La Cocina Economica",
        "category": "restaurant",
        "amenity": "restaurant",
        "leisure": null,
        "tourism": null,
        "shop": null,
        "craft": null,
        "office": null,
        "club": null,
        "address": null,
        "website": "https://lacocinaeco.com/?utm_source=google",
        "phone": "(530) 809-0370",
        "capacity": null,
        "wheelchair": null,
        "operator": null,
        "hosting_status": "needs_verification",
        "notes": null,
        "in_district": false,
        "google_place_id": "ChIJX0SL_rUng4ARWwWKbsgZ9KU",
        "google_types": [
          "mexican_restaurant",
          "family_restaurant",
          "burrito_restaurant",
          "fast_food_restaurant",
          "catering_service",
          "taco_restaurant",
          "breakfast_restaurant",
          "food_delivery",
          "restaurant",
          "point_of_interest",
          "service",
          "food",
          "establishment"
        ],
        "google_primary_type": "mexican_restaurant",
        "google_business_status": "OPERATIONAL",
        "google_rating": 4.4,
        "google_user_ratings_count": 658,
        "google_editorial_summary": null,
        "google_formatted_address": "905 Wall St, Chico, CA 95928, USA",
        "priority_score": 0.6103,
        "priority_tier": "high",
        "priority_components": {
          "audience": 0.651,
          "confidence": 0.4,
          "fit": 0.6,
          "legitimacy": 1.0,
          "public_facility_bonus": 0.0,
          "in_district_walk_15_cvap": 391
        },
        "priority_rank": 97
      }
    },
    {
      "type": "Feature",
      "geometry": {
        "type": "Point",
        "coordinates": [
          -121.876787,
          39.7704089
        ]
      },
      "properties": {
        "osm_id": "way/1138567388",
        "name": "The Lost Dutchman Taproom",
        "category": "bar",
        "amenity": "bar",
        "leisure": null,
        "tourism": null,
        "shop": null,
        "craft": null,
        "office": null,
        "club": null,
        "address": "25 Lost Dutchman Drive",
        "website": "http://www.lostdutchmantaproom.com/",
        "phone": "+1-530-809-1797",
        "capacity": null,
        "wheelchair": null,
        "operator": null,
        "hosting_status": "needs_verification",
        "notes": null,
        "in_district": false,
        "google_place_id": "ChIJtx73pOnYgoARtWANeW6VCSM",
        "google_types": [
          "bar",
          "point_of_interest",
          "establishment"
        ],
        "google_primary_type": "bar",
        "google_business_status": "OPERATIONAL",
        "google_rating": 4.7,
        "google_user_ratings_count": 193,
        "google_editorial_summary": null,
        "google_formatted_address": "25 Lost Dutchman Dr, Chico, CA 95973, USA",
        "priority_score": 0.1013,
        "priority_tier": "low",
        "priority_components": {
          "audience": 0.0,
          "confidence": 0.4,
          "fit": 0.55,
          "legitimacy": 1.0,
          "public_facility_bonus": 0.0,
          "in_district_walk_15_cvap": 0
        },
        "priority_rank": 150
      }
    },
    {
      "type": "Feature",
      "geometry": {
        "type": "Point",
        "coordinates": [
          -121.858633,
          39.7535125
        ]
      },
      "properties": {
        "osm_id": "way/1139081099",
        "name": "Pueblito #2 Mexican Restaurant",
        "category": "restaurant",
        "amenity": "restaurant",
        "leisure": null,
        "tourism": null,
        "shop": null,
        "craft": null,
        "office": null,
        "club": null,
        "address": "2365 Esplanade",
        "website": "http://mipueblitochico.com",
        "phone": "(530) 895-9607",
        "capacity": null,
        "wheelchair": null,
        "operator": null,
        "hosting_status": "needs_verification",
        "notes": null,
        "in_district": false,
        "google_place_id": "ChIJ07NZwpXZgoARCs9mEILf27c",
        "google_types": [
          "mexican_restaurant",
          "bar_and_grill",
          "burrito_restaurant",
          "seafood_restaurant",
          "cocktail_bar",
          "catering_service",
          "taco_restaurant",
          "bar",
          "food_delivery",
          "meal_takeaway",
          "restaurant",
          "point_of_interest",
          "service",
          "food",
          "establishment"
        ],
        "google_primary_type": "mexican_restaurant",
        "google_business_status": "OPERATIONAL",
        "google_rating": 4.5,
        "google_user_ratings_count": 264,
        "google_editorial_summary": null,
        "google_formatted_address": "2365 Esplanade, Chico, CA 95926, USA",
        "priority_score": 0.6794,
        "priority_tier": "high",
        "priority_components": {
          "audience": 0.824,
          "confidence": 0.4,
          "fit": 0.6,
          "legitimacy": 1.0,
          "public_facility_bonus": 0.0,
          "in_district_walk_15_cvap": 1958
        },
        "priority_rank": 30
      }
    },
    {
      "type": "Feature",
      "geometry": {
        "type": "Point",
        "coordinates": [
          -121.8619049,
          39.7576763
        ]
      },
      "properties": {
        "osm_id": "way/1139083879",
        "name": "Regency Inn",
        "category": "tourism_hotel",
        "amenity": null,
        "leisure": null,
        "tourism": "hotel",
        "shop": null,
        "craft": null,
        "office": null,
        "club": null,
        "address": null,
        "website": null,
        "phone": "(530) 898-0134",
        "capacity": null,
        "wheelchair": null,
        "operator": null,
        "hosting_status": "needs_verification",
        "notes": "Hotel meeting rooms vary widely in price and political-event policy \u2014 confirm with sales team.",
        "in_district": true,
        "google_place_id": "ChIJAW4s1oXYgoARLYmAUpCJVKg",
        "google_types": [
          "motel",
          "lodging",
          "point_of_interest",
          "establishment"
        ],
        "google_primary_type": "motel",
        "google_business_status": "OPERATIONAL",
        "google_rating": 2.9,
        "google_user_ratings_count": 83,
        "google_editorial_summary": null,
        "google_formatted_address": "2566 Esplanade, Chico, CA 95973, USA",
        "priority_score": 0.6466,
        "priority_tier": "high",
        "priority_components": {
          "audience": 0.785,
          "confidence": 0.4,
          "fit": 0.65,
          "legitimacy": 0.7,
          "public_facility_bonus": 0.0,
          "in_district_walk_15_cvap": 1373
        },
        "priority_rank": 55
      }
    },
    {
      "type": "Feature",
      "geometry": {
        "type": "Point",
        "coordinates": [
          -121.8398864,
          39.7266695
        ]
      },
      "properties": {
        "osm_id": "way/1139163240",
        "name": "Stansbury Home",
        "category": "tourism_museum",
        "amenity": null,
        "leisure": null,
        "tourism": "museum",
        "shop": null,
        "craft": null,
        "office": null,
        "club": null,
        "address": null,
        "website": "https://thestansburyhome.com/",
        "phone": "(530) 342-3037",
        "capacity": null,
        "wheelchair": null,
        "operator": null,
        "hosting_status": "needs_verification",
        "notes": null,
        "in_district": false,
        "google_place_id": "ChIJ1a_G2bAng4ARxiI15K4cdJ4",
        "google_types": [
          "museum",
          "tourist_attraction",
          "point_of_interest",
          "establishment"
        ],
        "google_primary_type": "museum",
        "google_business_status": "OPERATIONAL",
        "google_rating": 4.8,
        "google_user_ratings_count": 28,
        "google_editorial_summary": "1883 Victorian home of a local doctor, with guided tours of its period rooms offered on Sat & Sun.",
        "google_formatted_address": "307 W 5th St #5505, Chico, CA 95928, USA",
        "priority_score": 0.6201,
        "priority_tier": "high",
        "priority_components": {
          "audience": 0.657,
          "confidence": 0.4,
          "fit": 0.75,
          "legitimacy": 0.7,
          "public_facility_bonus": 0.0,
          "in_district_walk_15_cvap": 413
        },
        "priority_rank": 84
      }
    },
    {
      "type": "Feature",
      "geometry": {
        "type": "Point",
        "coordinates": [
          -121.8350865,
          39.7288297
        ]
      },
      "properties": {
        "osm_id": "way/1139185361",
        "name": "Pageant Theater",
        "category": "cinema",
        "amenity": "cinema",
        "leisure": null,
        "tourism": null,
        "shop": null,
        "craft": null,
        "office": null,
        "club": null,
        "address": "351 East 6th Street Chico",
        "website": "http://www.pageantchico.com/",
        "phone": "(530) 343-0663",
        "capacity": null,
        "wheelchair": null,
        "operator": null,
        "hosting_status": "needs_verification",
        "notes": null,
        "in_district": false,
        "google_place_id": "ChIJ7Zn_t7cng4ARJZ10sdVboeQ",
        "google_types": [
          "movie_theater",
          "point_of_interest",
          "establishment"
        ],
        "google_primary_type": "movie_theater",
        "google_business_status": "OPERATIONAL",
        "google_rating": 4.8,
        "google_user_ratings_count": 180,
        "google_editorial_summary": "Revered independent movie theater screening art-house films in intimate surrounds.",
        "google_formatted_address": "351 E 6th St, Chico, CA 95928, USA",
        "priority_score": 0.7066,
        "priority_tier": "high",
        "priority_components": {
          "audience": 0.704,
          "confidence": 0.4,
          "fit": 0.9,
          "legitimacy": 1.0,
          "public_facility_bonus": 0.0,
          "in_district_walk_15_cvap": 644
        },
        "priority_rank": 16
      }
    },
    {
      "type": "Feature",
      "geometry": {
        "type": "Point",
        "coordinates": [
          -121.8361462,
          39.72692
        ]
      },
      "properties": {
        "osm_id": "way/1257304624",
        "name": "Big Hot Crab",
        "category": "restaurant",
        "amenity": "restaurant",
        "leisure": null,
        "tourism": null,
        "shop": null,
        "craft": null,
        "office": null,
        "club": null,
        "address": "701 Main Street Chico",
        "website": "https://bighotcrab.com",
        "phone": "+1-530-879-1822",
        "capacity": null,
        "wheelchair": null,
        "operator": null,
        "hosting_status": "needs_verification",
        "notes": null,
        "in_district": false,
        "google_place_id": "ChIJtS3tPrcng4ARw6hKxTZlbU4",
        "google_types": [
          "cajun_restaurant",
          "seafood_restaurant",
          "american_restaurant",
          "restaurant",
          "point_of_interest",
          "food",
          "establishment"
        ],
        "google_primary_type": "restaurant",
        "google_business_status": "OPERATIONAL",
        "google_rating": 4.3,
        "google_user_ratings_count": 741,
        "google_editorial_summary": "No-frills eatery specializing in traditional Cajun seafood boils, served hands-on style.",
        "google_formatted_address": "701 Main St, Chico, CA 95928, USA",
        "priority_score": 0.6159,
        "priority_tier": "high",
        "priority_components": {
          "audience": 0.665,
          "confidence": 0.4,
          "fit": 0.6,
          "legitimacy": 1.0,
          "public_facility_bonus": 0.0,
          "in_district_walk_15_cvap": 446
        },
        "priority_rank": 91
      }
    },
    {
      "type": "Feature",
      "geometry": {
        "type": "Point",
        "coordinates": [
          -121.8223909,
          39.7184613
        ]
      },
      "properties": {
        "osm_id": "way/1286961257",
        "name": "Arc Pavilion",
        "category": "events_venue",
        "amenity": "events_venue",
        "leisure": null,
        "tourism": null,
        "shop": null,
        "craft": null,
        "office": null,
        "club": null,
        "address": "2040 Park Avenue Chico",
        "website": "https://arcbutte.org/arc-pavilion/",
        "phone": "(530) 891-5865",
        "capacity": null,
        "wheelchair": null,
        "operator": "The Arc of Butte County",
        "hosting_status": "needs_verification",
        "notes": null,
        "in_district": false,
        "google_place_id": "ChIJKcl01zEmg4ARCBCNkX4vQvk",
        "google_types": [
          "event_venue",
          "point_of_interest",
          "establishment"
        ],
        "google_primary_type": "event_venue",
        "google_business_status": "OPERATIONAL",
        "google_rating": 4.3,
        "google_user_ratings_count": 73,
        "google_editorial_summary": null,
        "google_formatted_address": "2040 Park Ave, Chico, CA 95928, USA",
        "priority_score": 0.126,
        "priority_tier": "low",
        "priority_components": {
          "audience": 0.0,
          "confidence": 0.4,
          "fit": 1.0,
          "legitimacy": 0.7,
          "public_facility_bonus": 0.0,
          "in_district_walk_15_cvap": 0
        },
        "priority_rank": 133
      }
    },
    {
      "type": "Feature",
      "geometry": {
        "type": "Point",
        "coordinates": [
          -121.8359466,
          39.7257288
        ]
      },
      "properties": {
        "osm_id": "way/1297328554",
        "name": "Juice Unwind Caribbean Barbeque",
        "category": "restaurant",
        "amenity": "restaurant",
        "leisure": null,
        "tourism": null,
        "shop": null,
        "craft": null,
        "office": null,
        "club": null,
        "address": null,
        "website": "https://juice-unwind-caribbean-barbeque.square.site/",
        "phone": "(530) 693-4812",
        "capacity": null,
        "wheelchair": null,
        "operator": null,
        "hosting_status": "needs_verification",
        "notes": null,
        "in_district": false,
        "google_place_id": "ChIJE4DGOAAng4AR6xJ3reUmLHc",
        "google_types": [
          "restaurant",
          "point_of_interest",
          "food",
          "establishment"
        ],
        "google_primary_type": "restaurant",
        "google_business_status": "OPERATIONAL",
        "google_rating": 4.7,
        "google_user_ratings_count": 82,
        "google_editorial_summary": null,
        "google_formatted_address": "809 Oroville Ave, Chico, CA 95928, USA",
        "priority_score": 0.576,
        "priority_tier": "high",
        "priority_components": {
          "audience": 0.64,
          "confidence": 0.4,
          "fit": 0.6,
          "legitimacy": 0.7,
          "public_facility_bonus": 0.0,
          "in_district_walk_15_cvap": 353
        },
        "priority_rank": 112
      }
    },
    {
      "type": "Feature",
      "geometry": {
        "type": "Point",
        "coordinates": [
          -121.8547931,
          39.7506245
        ]
      },
      "properties": {
        "osm_id": "way/1314978354",
        "name": "Sushi Burrito King",
        "category": "restaurant",
        "amenity": "restaurant",
        "leisure": null,
        "tourism": null,
        "shop": null,
        "craft": null,
        "office": null,
        "club": null,
        "address": "2190 Esplanade Chico",
        "website": "https://www.sushikingchicoca.com/",
        "phone": "+1-530-892-8688",
        "capacity": null,
        "wheelchair": null,
        "operator": null,
        "hosting_status": "needs_verification",
        "notes": null,
        "in_district": true,
        "google_place_id": "ChIJ4_I-N4Ang4AR5pphpUp4pRs",
        "google_types": [
          "japanese_restaurant",
          "sushi_restaurant",
          "restaurant",
          "point_of_interest",
          "food",
          "establishment"
        ],
        "google_primary_type": "japanese_restaurant",
        "google_business_status": "CLOSED_PERMANENTLY",
        "google_rating": 4.1,
        "google_user_ratings_count": 525,
        "google_editorial_summary": null,
        "google_formatted_address": "2190 Esplanade, Chico, CA 95926, USA",
        "priority_score": 0.5893,
        "priority_tier": "high",
        "priority_components": {
          "audience": 0.848,
          "confidence": 0.4,
          "fit": 0.6,
          "legitimacy": 0.0,
          "public_facility_bonus": 0.0,
          "in_district_walk_15_cvap": 2460
        },
        "priority_rank": 109
      }
    },
    {
      "type": "Feature",
      "geometry": {
        "type": "Point",
        "coordinates": [
          -121.8310342,
          39.7230312
        ]
      },
      "properties": {
        "osm_id": "way/1381883955",
        "name": "1200 Park Avenue",
        "category": "social_facility",
        "amenity": "social_facility",
        "leisure": null,
        "tourism": null,
        "shop": null,
        "craft": null,
        "office": null,
        "club": null,
        "address": "1200 Park Avenue Chico",
        "website": null,
        "phone": null,
        "capacity": null,
        "wheelchair": null,
        "operator": null,
        "hosting_status": "needs_verification",
        "notes": null,
        "in_district": false,
        "google_place_id": "ChIJB6220Mong4AR3x_s8jgUNnw",
        "google_types": [
          "premise",
          "street_address"
        ],
        "google_primary_type": null,
        "google_business_status": null,
        "google_rating": null,
        "google_user_ratings_count": null,
        "google_editorial_summary": null,
        "google_formatted_address": "1200 Park Ave, Chico, CA 95928, USA",
        "priority_score": 0.4454,
        "priority_tier": "medium",
        "priority_components": {
          "audience": 0.489,
          "confidence": 0.4,
          "fit": 0.4,
          "legitimacy": 0.5,
          "public_facility_bonus": 0.0,
          "in_district_walk_15_cvap": 80
        },
        "priority_rank": 131
      }
    },
    {
      "type": "Feature",
      "geometry": {
        "type": "Point",
        "coordinates": [
          -121.833301,
          39.7340607
        ]
      },
      "properties": {
        "osm_id": "way/1392880190",
        "name": "CARD Community Center",
        "category": "community_centre",
        "amenity": "community_centre",
        "leisure": null,
        "tourism": null,
        "shop": null,
        "craft": null,
        "office": null,
        "club": null,
        "address": "545 Vallombrosa Avenue Chico",
        "website": "http://www.chicorec.com/",
        "phone": "(530) 895-4711",
        "capacity": null,
        "wheelchair": null,
        "operator": null,
        "hosting_status": "needs_verification",
        "notes": null,
        "in_district": true,
        "google_place_id": "ChIJG_PmW8cng4ARoFlOapYaKco",
        "google_types": [
          "community_center",
          "event_venue",
          "point_of_interest",
          "service",
          "establishment"
        ],
        "google_primary_type": "community_center",
        "google_business_status": "OPERATIONAL",
        "google_rating": 4.8,
        "google_user_ratings_count": 12,
        "google_editorial_summary": null,
        "google_formatted_address": "545 Vallombrosa Ave, Chico, CA 95926, USA",
        "priority_score": 0.76,
        "priority_tier": "top",
        "priority_components": {
          "audience": 0.788,
          "confidence": 0.4,
          "fit": 0.9,
          "legitimacy": 0.7,
          "public_facility_bonus": 0.05,
          "in_district_walk_15_cvap": 1404
        },
        "priority_rank": 5
      }
    },
    {
      "type": "Feature",
      "geometry": {
        "type": "Point",
        "coordinates": [
          -121.8335453,
          39.7338387
        ]
      },
      "properties": {
        "osm_id": "way/1416654666",
        "name": "Creekside Rose Garden",
        "category": "events_venue",
        "amenity": "events_venue",
        "leisure": null,
        "tourism": null,
        "shop": null,
        "craft": null,
        "office": null,
        "club": null,
        "address": null,
        "website": "https://www.creeksiderosegarden.com/",
        "phone": "(530) 895-4711",
        "capacity": null,
        "wheelchair": null,
        "operator": null,
        "hosting_status": "needs_verification",
        "notes": null,
        "in_district": true,
        "google_place_id": "ChIJyfAbY8cng4ARkUpcVHUt__A",
        "google_types": [
          "point_of_interest",
          "service",
          "establishment"
        ],
        "google_primary_type": "service",
        "google_business_status": "OPERATIONAL",
        "google_rating": 4.9,
        "google_user_ratings_count": 19,
        "google_editorial_summary": null,
        "google_formatted_address": "545 Vallombrosa Ave, Chico, CA 95926, USA",
        "priority_score": 0.735,
        "priority_tier": "high",
        "priority_components": {
          "audience": 0.788,
          "confidence": 0.4,
          "fit": 1.0,
          "legitimacy": 0.7,
          "public_facility_bonus": 0.0,
          "in_district_walk_15_cvap": 1404
        },
        "priority_rank": 7
      }
    },
    {
      "type": "Feature",
      "geometry": {
        "type": "Point",
        "coordinates": [
          -121.8579747,
          39.7544202
        ]
      },
      "properties": {
        "osm_id": "way/1425966900",
        "name": "Safari Inn - Chico",
        "category": "tourism_hotel",
        "amenity": null,
        "leisure": null,
        "tourism": "hotel",
        "shop": null,
        "craft": null,
        "office": null,
        "club": null,
        "address": "2352 Esplanade",
        "website": "http://www.safarichico.com/",
        "phone": "(530) 343-3201",
        "capacity": null,
        "wheelchair": null,
        "operator": null,
        "hosting_status": "needs_verification",
        "notes": "Hotel meeting rooms vary widely in price and political-event policy \u2014 confirm with sales team.",
        "in_district": true,
        "google_place_id": "ChIJY-Nq5YDYgoARFoAXARSH97Y",
        "google_types": [
          "motel",
          "hotel",
          "lodging",
          "point_of_interest",
          "establishment"
        ],
        "google_primary_type": "motel",
        "google_business_status": "OPERATIONAL",
        "google_rating": 2.9,
        "google_user_ratings_count": 264,
        "google_editorial_summary": "Straightforward property offering unpretentious rooms, some with kitchenettes, plus an outdoor pool.",
        "google_formatted_address": "2352 Esplanade, Chico, CA 95926, USA",
        "priority_score": 0.6456,
        "priority_tier": "high",
        "priority_components": {
          "audience": 0.783,
          "confidence": 0.4,
          "fit": 0.65,
          "legitimacy": 0.7,
          "public_facility_bonus": 0.0,
          "in_district_walk_15_cvap": 1342
        },
        "priority_rank": 56
      }
    },
    {
      "type": "Feature",
      "geometry": {
        "type": "Point",
        "coordinates": [
          -121.8813905,
          39.7455027
        ]
      },
      "properties": {
        "osm_id": "way/1455370729",
        "name": "Chico Family Masonic Center",
        "category": "club_freemasonry",
        "amenity": null,
        "leisure": null,
        "tourism": null,
        "shop": null,
        "craft": null,
        "office": null,
        "club": "freemasonry",
        "address": "1110 West East Avenue Chico",
        "website": "https://www.chicofreemasons.org/",
        "phone": "(530) 342-7143",
        "capacity": null,
        "wheelchair": null,
        "operator": null,
        "hosting_status": "needs_verification",
        "notes": null,
        "in_district": false,
        "google_place_id": "ChIJW8gcbqDYgoARyN1pl3q3T8g",
        "google_types": [
          "banquet_hall",
          "event_venue",
          "point_of_interest",
          "health",
          "service",
          "establishment"
        ],
        "google_primary_type": "health",
        "google_business_status": "OPERATIONAL",
        "google_rating": 4.5,
        "google_user_ratings_count": 64,
        "google_editorial_summary": null,
        "google_formatted_address": "1110 W East Ave, Chico, CA 95926, USA",
        "priority_score": 0.096,
        "priority_tier": "low",
        "priority_components": {
          "audience": 0.0,
          "confidence": 0.4,
          "fit": 0.6,
          "legitimacy": 0.7,
          "public_facility_bonus": 0.0,
          "in_district_walk_15_cvap": 0
        },
        "priority_rank": 153
      }
    },
    {
      "type": "Feature",
      "geometry": {
        "type": "Point",
        "coordinates": [
          -121.8234198,
          39.7249115
        ]
      },
      "properties": {
        "osm_id": "way/1472157351",
        "name": "Salvation Army Chico Corps Community Center",
        "category": "community_centre",
        "amenity": "community_centre",
        "leisure": null,
        "tourism": null,
        "shop": null,
        "craft": null,
        "office": null,
        "club": null,
        "address": null,
        "website": "https://migration.salvationarmy.org/chico/",
        "phone": "(530) 776-1009",
        "capacity": null,
        "wheelchair": null,
        "operator": "The Salvation Army",
        "hosting_status": "needs_verification",
        "notes": null,
        "in_district": false,
        "google_place_id": "ChIJcQ3ctTImg4ARigLrdnIsfsY",
        "google_types": [
          "church",
          "place_of_worship",
          "point_of_interest",
          "association_or_organization",
          "establishment"
        ],
        "google_primary_type": "church",
        "google_business_status": "OPERATIONAL",
        "google_rating": 4.4,
        "google_user_ratings_count": 43,
        "google_editorial_summary": null,
        "google_formatted_address": "567 E 16th St, Chico, CA 95928, USA",
        "priority_score": 0.6698,
        "priority_tier": "high",
        "priority_components": {
          "audience": 0.562,
          "confidence": 0.4,
          "fit": 0.9,
          "legitimacy": 0.7,
          "public_facility_bonus": 0.05,
          "in_district_walk_15_cvap": 167
        },
        "priority_rank": 40
      }
    },
    {
      "type": "Feature",
      "geometry": {
        "type": "Point",
        "coordinates": [
          -121.8208211,
          39.7173598
        ]
      },
      "properties": {
        "osm_id": "way/1524796068",
        "name": "Haven Inn of Chico",
        "category": "tourism_motel",
        "amenity": null,
        "leisure": null,
        "tourism": "motel",
        "shop": null,
        "craft": null,
        "office": null,
        "club": null,
        "address": "2212 Park Avenue Chico",
        "website": "http://www.haveninnofchico.us/",
        "phone": "(530) 342-5704",
        "capacity": null,
        "wheelchair": null,
        "operator": null,
        "hosting_status": "needs_verification",
        "notes": "Hotel meeting rooms vary widely in price and political-event policy \u2014 confirm with sales team.",
        "in_district": false,
        "google_place_id": "ChIJw0L06i8mg4ARlTE_7oUuj_E",
        "google_types": [
          "inn",
          "lodging",
          "point_of_interest",
          "establishment"
        ],
        "google_primary_type": "inn",
        "google_business_status": "OPERATIONAL",
        "google_rating": 2.9,
        "google_user_ratings_count": 264,
        "google_editorial_summary": "Low-rise hotel featuring straightforward rooms & a guest laundry, as well as free parking & Wi-Fi.",
        "google_formatted_address": "2212 Park Ave, Chico, CA 95928, USA",
        "priority_score": 0.0885,
        "priority_tier": "low",
        "priority_components": {
          "audience": 0.0,
          "confidence": 0.4,
          "fit": 0.5,
          "legitimacy": 0.7,
          "public_facility_bonus": 0.0,
          "in_district_walk_15_cvap": 0
        },
        "priority_rank": 154
      }
    },
    {
      "type": "Feature",
      "geometry": {
        "type": "Point",
        "coordinates": [
          -121.8462597,
          39.7281471
        ]
      },
      "properties": {
        "osm_id": "relation/207877",
        "name": "Meriam Library",
        "category": "library",
        "amenity": "library",
        "leisure": null,
        "tourism": null,
        "shop": null,
        "craft": null,
        "office": null,
        "club": null,
        "address": null,
        "website": "https://library.csuchico.edu/",
        "phone": "(530) 898-6501",
        "capacity": null,
        "wheelchair": "yes",
        "operator": null,
        "hosting_status": "needs_verification",
        "notes": null,
        "in_district": false,
        "google_place_id": "ChIJoTzc868ng4AR4s8-6OzZfk0",
        "google_types": [
          "library",
          "point_of_interest",
          "service",
          "establishment"
        ],
        "google_primary_type": "library",
        "google_business_status": "OPERATIONAL",
        "google_rating": 4.4,
        "google_user_ratings_count": 40,
        "google_editorial_summary": null,
        "google_formatted_address": "400 W 1st St, Chico, CA 95929, USA",
        "priority_score": 0.6873,
        "priority_tier": "high",
        "priority_components": {
          "audience": 0.606,
          "confidence": 0.4,
          "fit": 0.9,
          "legitimacy": 0.7,
          "public_facility_bonus": 0.05,
          "in_district_walk_15_cvap": 255
        },
        "priority_rank": 23
      }
    },
    {
      "type": "Feature",
      "geometry": {
        "type": "Point",
        "coordinates": [
          -121.8635252,
          39.7322031
        ]
      },
      "properties": {
        "osm_id": "relation/14723256",
        "name": "University Village",
        "category": "university",
        "amenity": "university",
        "leisure": null,
        "tourism": null,
        "shop": null,
        "craft": null,
        "office": null,
        "club": null,
        "address": "1206 West Sacramento Avenue Chico",
        "website": null,
        "phone": null,
        "capacity": null,
        "wheelchair": null,
        "operator": null,
        "hosting_status": "needs_verification",
        "notes": null,
        "in_district": false,
        "google_place_id": "ChIJ99O6lSYng4ARZwmNdnwD98I",
        "google_types": [
          "apartment_complex",
          "point_of_interest",
          "service",
          "establishment"
        ],
        "google_primary_type": "apartment_complex",
        "google_business_status": "OPERATIONAL",
        "google_rating": 3.4,
        "google_user_ratings_count": 8,
        "google_editorial_summary": null,
        "google_formatted_address": "1206 W Sacramento Ave, Chico, CA 95926, USA",
        "priority_score": 0.668,
        "priority_tier": "high",
        "priority_components": {
          "audience": 0.67,
          "confidence": 0.4,
          "fit": 0.8,
          "legitimacy": 0.5,
          "public_facility_bonus": 0.05,
          "in_district_walk_15_cvap": 469
        },
        "priority_rank": 41
      }
    },
    {
      "type": "Feature",
      "geometry": {
        "type": "Point",
        "coordinates": [
          -121.8484662,
          39.7426033
        ]
      },
      "properties": {
        "osm_id": "relation/18020131",
        "name": "Enloe Conference Center",
        "category": "conference_centre",
        "amenity": "conference_centre",
        "leisure": null,
        "tourism": null,
        "shop": null,
        "craft": null,
        "office": null,
        "club": null,
        "address": "1528 Esplanade Frontage Chico",
        "website": "https://www.enloe.org/locations/locations-profile/?id=141&searchId=4f92955d-57b2-ee11-ad37-dc98402a11c6&sort=11&page=2&pageSize=10",
        "phone": "+1-530-332-7370",
        "capacity": null,
        "wheelchair": null,
        "operator": "Enloe Medical Center",
        "hosting_status": "needs_verification",
        "notes": null,
        "in_district": true,
        "google_place_id": "ChIJ1YuFgpsng4AR0eWRJtjyka8",
        "google_types": [
          "event_venue",
          "point_of_interest",
          "establishment"
        ],
        "google_primary_type": "event_venue",
        "google_business_status": "OPERATIONAL",
        "google_rating": 4.7,
        "google_user_ratings_count": 47,
        "google_editorial_summary": null,
        "google_formatted_address": "1528 Esplanade, Chico, CA 95926, USA",
        "priority_score": 0.7811,
        "priority_tier": "top",
        "priority_components": {
          "audience": 0.903,
          "confidence": 0.4,
          "fit": 1.0,
          "legitimacy": 0.7,
          "public_facility_bonus": 0.0,
          "in_district_walk_15_cvap": 4077
        },
        "priority_rank": 2
      }
    }
  ]
}