{"type":"FeatureCollection","features":[{"type":"Feature","geometry":{"type":"Polygon","coordinates":[[[-121.1925620002494,39.208075000341744],[-121.19262599982351,39.207773999848868],[-121.19247500021076,39.206667000276028],[-121.1924769998606,39.206071999677327],[-121.19240599971549,39.205723999819789],[-121.19224800043004,39.204948999978228],[-121.19178200027471,39.204861999828609],[-121.19038399980877,39.204601999723437],[-121.18991900037666,39.20451600013542],[-121.18737600006305,39.204043999777198],[-121.18508700019262,39.203619999913087],[-121.18420900030866,39.203475999954904],[-121.18332999970147,39.203365000249761],[-121.18183199967638,39.203256000299625],[-121.17968000007333,39.203242000089382],[-121.17937200010175,39.203240000158587],[-121.17709499992691,39.203262999707555],[-121.17700000039066,39.203262999707555],[-121.17671499998532,39.203267000263914],[-121.17662100027397,39.203267999880893],[-121.1763850002724,39.203267999880893],[-121.17567999974251,39.203269999810907],[-121.17544499956587,39.203271000123969],[-121.17441100004629,39.203273000053883],[-121.17193899987777,39.203280999773042],[-121.17131200006396,39.203284000015557],[-121.17027900036931,39.203291000116813],[-121.17013299988113,39.203291999733459],[-121.16969900041116,39.203294999975505],[-121.1695539997479,39.203296000288177],[-121.16856000041128,39.203285000328378],[-121.16764599964398,39.203318000202586],[-121.16695100005811,39.203365999865312],[-121.16641799995566,39.203412999880364],[-121.16560899966868,39.203524999819102],[-121.16493300034936,39.203639000194876],[-121.16431900005605,39.20377399985103],[-121.16331499977537,39.204046999987078],[-121.16149200006029,39.204642999935082],[-121.16068799979615,39.20487800029624],[-121.16033499961875,39.204955999913551],[-121.15931500034287,39.205209999780443],[-121.15807199968759,39.205192999798868],[-121.15675600013573,39.205165000147794],[-121.15529999994342,39.204996999918613],[-121.15370300018415,39.204772999684089],[-121.1526570000707,39.204710000076716],[-121.15201199981523,39.204710000076716],[-121.15077300025622,39.204849999823544],[-121.14989500037227,39.205053000039655],[-121.14821499987399,39.20564099965906],[-121.14663200035842,39.206202999837039],[-121.1450969996251,39.206651999784711],[-121.14243799985883,39.207634999916579],[-121.14132499979821,39.207967999840264],[-121.14007600019349,39.208402000219991],[-121.13932299998299,39.208653999681253],[-121.13927899960207,39.208707999895651],[-121.13914999973061,39.208873000293437],[-121.13910700007293,39.208927999875876],[-121.13891999957688,39.208939999880279],[-121.13880300029929,39.208948999882224],[-121.13862099982613,39.208956000114974],[-121.13841999998466,39.208951999882636],[-121.13836200025837,39.208942000344848],[-121.13817800013533,39.208914000100172],[-121.13785400027022,39.208966000346834],[-121.13776200020872,39.208981000343918],[-121.13714999956522,39.209035000306869],[-121.13687299955579,39.20904499983142],[-121.13654600021594,39.209059000277072],[-121.13653899964494,39.209134000131094],[-121.13651899955345,39.209357999682332],[-121.13651299970566,39.209434000138394],[-121.13648400029166,39.210124999961756],[-121.13642700039028,39.210509000197298],[-121.1364240000172,39.210529999730888],[-121.13634500037449,39.210732000028294],[-121.13595299983901,39.21106399968204],[-121.13579499965529,39.211147999899076],[-121.13567699965449,39.211184000160223],[-121.1355000001025,39.211178999854361],[-121.1349949995891,39.211123999946736],[-121.13487999996138,39.211125999653099],[-121.13480600034153,39.211157999818802],[-121.13433900036131,39.211532000108939],[-121.13371500002224,39.211865000347295],[-121.13313900026206,39.212174000109094],[-121.13279199993241,39.212421999920906],[-121.13277199984094,39.212435999693319],[-121.13259199991587,39.212526000052861],[-121.13232499995219,39.212661000027815],[-121.13205299996565,39.212863999939835],[-121.13202799985127,39.212890000345631],[-121.13193999998772,39.212985999779519],[-121.13189499978189,39.213069000308046],[-121.13181500031426,39.21302400014266],[-121.13178500017702,39.21297499994531],[-121.13155400019835,39.212593999814906],[-121.13152999990889,39.212554000249447],[-121.1314670001597,39.212474999840104],[-121.12972700028529,39.212543000347523],[-121.12630899956244,39.212678999772891],[-121.12452500020538,39.212929999719691],[-121.12280200004942,39.213173999653719],[-121.12161299982083,39.213341000337863],[-121.11971899996064,39.213609000042972],[-121.11803199978968,39.213564000223712],[-121.11683300041366,39.213531999762388],[-121.11614999962504,39.213514000235961],[-121.11559700032939,39.213710000011915],[-121.11200999955213,39.214989000218544],[-121.11141700007352,39.215200000113882],[-121.11144200018788,39.217211999672251],[-121.11145999973122,39.21881499993308],[-121.11148700039372,39.221149000341278],[-121.11156000018865,39.222129999966477],[-121.11144700021072,39.22207000005951],[-121.11142000044656,39.222061000347452],[-121.11097299965951,39.221925999656001],[-121.11092400015403,39.221911000336412],[-121.11088899999392,39.22189400022215],[-121.11082500041981,39.221882999695744],[-121.11075500009962,39.221910000288894],[-121.1106560003654,39.221949000044788],[-121.11056199975576,39.222023000003816],[-121.11050400002944,39.22207000005951],[-121.11046800004443,39.222097999929687],[-121.1103659999372,39.222180000081785],[-121.11033800034809,39.222220999773889],[-121.11030300018801,39.222272999909158],[-121.11027499970058,39.22235599989795],[-121.1102680000279,39.222521000238288],[-121.11030999986069,39.22264700014847],[-121.1108260002447,39.223508999653212],[-121.11100600016977,39.223861999854712],[-121.11104499962951,39.223936999903458],[-121.11113699969104,39.224084999727438],[-121.11130699957035,39.224276999861615],[-121.11154000009718,39.224480000287691],[-121.11161600026516,39.224527000090127],[-121.11172400022019,39.224596000068736],[-121.11194199978007,39.224678000086286],[-121.1120840000703,39.224715999688478],[-121.11218299980449,39.224760000007997],[-121.11235900042989,39.224897000130269],[-121.11247200040779,39.225001999880412],[-121.11259899973109,39.225139000226193],[-121.1127829998541,39.225472999948607],[-121.11295299973344,39.225688000320851],[-121.11304399997002,39.225764999795508],[-121.11327800032176,39.225897000090249],[-121.11358100027046,39.226121999735653],[-121.11387099980037,39.226362999799179],[-121.11425300029009,39.226725000071987],[-121.11444300026089,39.226972000005411],[-121.11449299959131,39.227049000159091],[-121.11452799975139,39.227120999666028],[-121.11455000039103,39.227312999845807],[-121.11446500000221,39.227549000159037],[-121.11440800010081,39.227653000151292],[-121.11439300003218,39.227737999970309],[-121.11438700018438,39.227779999859244],[-121.11438700018438,39.227862000332117],[-121.11440200025304,39.227932999739181],[-121.11445800032952,39.228020999796449],[-121.11460700029242,39.228186000041333],[-121.11502300021907,39.228536999778036],[-121.11512199995323,39.228631000180719],[-121.11524199960384,39.228789999990411],[-121.11529900040355,39.228877999668953],[-121.11534100023636,39.228998000317951],[-121.11532699999266,39.229119000010769],[-121.11527799958884,39.229177000266894],[-121.11526900026634,39.229191000177565],[-121.11521599966457,39.229222999764069],[-121.11520700034205,39.22922900011983],[-121.11510100003683,39.229245999849262],[-121.1150359997395,39.229245999849262],[-121.11498899988385,39.229245999849262],[-121.11497499964014,39.229243999963174],[-121.11471299969934,39.229202000254553],[-121.1143880000093,39.229108999865829],[-121.1141980000385,39.229086999681016],[-121.11407800038792,39.229103000195678],[-121.11401399991549,39.229131000043694],[-121.1139929999991,39.22915100032597],[-121.11393199989972,39.229255000031856],[-121.11394299977037,39.229267999984231],[-121.1139720000827,39.229279000049161],[-121.11401599956532,39.229299000289252],[-121.11405200044865,39.229335000289502],[-121.11407900021284,39.229364999927711],[-121.11411199982479,39.229426999742437],[-121.11412400041868,39.229542999697607],[-121.11407599983978,39.229661000031157],[-121.11407099981692,39.229684999909608],[-121.1139789997554,39.229845000049238],[-121.11393699992261,39.229899999904241],[-121.1137750004392,39.229987000346007],[-121.11369000005041,39.229999000230521],[-121.11355600015611,39.229999000230521],[-121.11302600042669,39.229910999870107],[-121.11268699959463,39.229927000196838],[-121.11260899977684,39.229954999716149],[-121.11242600037706,39.230047999679606],[-121.11216500026114,39.230153000073798],[-121.11182600032744,39.230207999687472],[-121.11172000002222,39.230180000269101],[-121.11157199988421,39.230174999924429],[-121.11152199965549,39.230185999847187],[-121.11148700039372,39.230224999875603],[-121.1115149999828,39.230482999892345],[-121.11149400006641,39.230756999793961],[-121.11143100031722,39.230915999657761],[-121.11137500024071,39.230977000271331],[-121.11124800001913,39.231054000205908],[-121.11100000032201,39.231120000281365],[-121.11071800028969,39.231136000332498],[-121.11041399961775,39.231136000332498],[-121.11021699997427,39.231153000295826],[-121.11020000025584,39.231687999862011],[-121.11018699983703,39.232114999737696],[-121.11035900026451,39.232232999921401],[-121.1106839999545,39.232480999849372],[-121.11092699962873,39.23263900008714],[-121.1109939995759,39.232675999659818],[-121.11102799991109,39.232691000158042],[-121.11110300025418,39.232724000129529],[-121.11122799992762,39.232759999764419],[-121.11140000035509,39.23279500018424],[-121.11154099992207,39.232818999686636],[-121.11168400003719,39.232835999938068],[-121.11182600032744,39.232841999984906],[-121.11190099977217,39.232841000093131],[-121.11190300032031,39.233429999997696],[-121.11644400025122,39.233542000071012],[-121.11820800041508,39.233559000147274],[-121.11821000006491,39.233447999984236],[-121.11821900028575,39.233118000192704],[-121.11822199976045,39.233007999917326],[-121.11954900008132,39.233051000020183],[-121.11998099990144,39.233034999709922],[-121.12068499970816,39.232969999933935],[-121.1218000003169,39.232968000153981],[-121.12184100032476,39.232964999788074],[-121.12209300021986,39.232964999788074],[-121.12216099999192,39.233103999673865],[-121.12225700025141,39.233214999685252],[-121.12234900031291,39.233305999732835],[-121.12248200038229,39.233435999993738],[-121.12270400014012,39.233607999893799],[-121.12288999991299,39.233711999952533],[-121.1231250000896,39.233786999912546],[-121.12346099965028,39.233848999995288],[-121.12349699963531,39.234129999784358],[-121.12350500003123,39.234190999691386],[-121.12350500003123,39.234489999917507],[-121.12352199974966,39.234978999917388],[-121.12353299962031,39.2352630003193],[-121.12352900032066,39.235386999908869],[-121.12351900027492,39.235733999711094],[-121.12351900027492,39.235759000145919],[-121.12351699972679,39.235884000098935],[-121.12517600030864,39.236157999784602],[-121.12523099966194,39.236168000316603],[-121.12525499995137,39.236162999702877],[-121.12684400021303,39.235889000036742],[-121.1270020003968,39.235870999980605],[-121.12737399994246,39.235851000221999],[-121.12756100043856,39.235847999979427],[-121.12792600031153,39.235851000221999],[-121.12833499966712,39.235860000253211],[-121.1287210003548,39.235884000098935],[-121.1289670004021,39.235913999720538],[-121.12915200035005,39.235947000263586],[-121.12925100008424,39.235953999891827],[-121.12944899955262,39.235958999824696],[-121.12973099958495,39.235988000263049],[-121.13012499977025,39.236009999675879],[-121.13028600032702,39.236026999849976],[-121.13037500001549,39.236021000075496],[-121.13044399961248,39.236003000053223],[-121.13047600029785,39.235988000263049],[-121.13052399997841,39.235935000004631],[-121.13060500016928,39.235992000346577],[-121.13066000042086,39.236039999939401],[-121.13072999984273,39.23606699995689],[-121.13088899985141,39.236111999962866],[-121.13099900035455,39.236152000021313],[-121.13109899991368,39.236202999732257],[-121.1311430002946,39.23623899966956],[-121.13125000042471,39.236351000129609],[-121.13132599969441,39.236449999704021],[-121.13150200031981,39.236723999962415],[-121.13157099991678,39.236794000308812],[-121.13172400007765,39.236929000232969],[-121.1317910000248,39.236997000013922],[-121.13188800010919,39.237113999810227],[-121.13192800029216,39.237174999906138],[-121.13195099985838,39.237210000210979],[-121.1319800001707,39.237309999792956],[-121.1319800001707,39.237358999703069],[-121.13197000012495,39.23739799991948],[-121.13195199968327,39.237434999765775],[-121.13188499973613,39.237530999727291],[-121.13162799981819,39.23780999973949],[-121.13154300032768,39.237927000267284],[-121.13147499965731,39.238036999788676],[-121.13143500037265,39.238085000069759],[-121.13133200044049,39.238265000309418],[-121.13128100038688,39.238383999704119],[-121.13126600031825,39.238440000331643],[-121.13125899974725,39.238496000218703],[-121.13127100034112,39.238591000310059],[-121.13128600040974,39.238636999897935],[-121.13131399999882,39.238694999940307],[-121.13142399960368,39.238842999951125],[-121.13163799986393,39.239071999742734],[-121.13171200038209,39.239130999923397],[-121.13173499994831,39.23914899983891],[-121.13178500017702,39.239218000052119],[-121.1318189996139,39.239298999883076],[-121.13183600023066,39.239389999693188],[-121.13184000042861,39.23972600005694],[-121.13185100029926,39.239772000292128],[-121.13186999966753,39.239810999862861],[-121.13192400009419,39.239883999982318],[-121.13196099990411,39.239917999840458],[-121.1321080002172,39.24003099978264],[-121.13231400008154,39.240177999970733],[-121.13238799970138,39.240223000122903],[-121.13261200000737,39.240321999799484],[-121.13284100033623,39.240412999674099],[-121.13289400003968,39.240440999879354],[-121.13294099989534,39.240472999901534],[-121.13299799979674,39.240527999774983],[-121.13315400033068,39.240708000008134],[-121.13327800017923,39.240828999684986],[-121.13338199993629,39.240912999769144],[-121.13358699997571,39.241033000013068],[-121.13370599980139,39.241116000079046],[-121.13393699978008,39.241317000259492],[-121.13424200027694,39.241610000041256],[-121.13441499963098,39.241737000231289],[-121.13443999974534,39.241755999938675],[-121.13450599986756,39.241821999687737],[-121.13452299958601,39.241864999954629],[-121.13453900037786,39.241940000243858],[-121.13456000029423,39.242086000150188],[-121.1346129999977,39.242188999710613],[-121.13464999980759,39.242236000175836],[-121.1346919996404,39.242274000010788],[-121.13483499975555,39.242376000235069],[-121.13526699957569,39.242653000259402],[-121.13516799984146,39.242664000313091],[-121.13503399994715,39.242679999818947],[-121.13498399971844,39.242653000259402],[-121.13494899955836,39.242668999767758],[-121.13434199983605,39.242521000175728],[-121.13409499996382,39.242493000104979],[-121.13386900000802,39.242476000106279],[-121.13385700031246,39.242478000310975],[-121.13323999964609,39.242591000303761],[-121.13316199982827,39.242591000303761],[-121.1330780001627,39.242586000147845],[-121.13292199962876,39.24254700003268],[-121.13276699981807,39.242470000187573],[-121.13268399997737,39.242453999938093],[-121.13266100041116,39.242459000103459],[-121.13256900034966,39.242448000017561],[-121.13249900002947,39.242476000106279],[-121.13238600005154,39.24253599996058],[-121.13227999974634,39.242584999699154],[-121.13217400033945,39.242623999793203],[-121.13165100028272,39.242673000166036],[-121.13140400041053,39.242727999706062],[-121.1307890002923,39.242788000040548],[-121.13055599976546,39.242898000288527],[-121.13034400005337,39.242962999911299],[-121.13022400040275,39.243072999884845],[-121.13021000015907,39.243105999843266],[-121.13002699986095,39.243564000066783],[-121.12969299995011,39.244406999684074],[-121.12960900028452,39.244517000175961],[-121.12930499961257,39.244724999799665],[-121.12930499961257,39.244752999675157],[-121.12933999977268,39.244764000095238],[-121.12946699999431,39.24473699994644],[-121.1296789997064,39.244616000053725],[-121.12989100031683,39.244451000179829],[-121.13020900033415,39.244105000090428],[-121.13035099972605,39.243842000004719],[-121.13050600043506,39.243309000068265],[-121.13057699968185,39.243156000319964],[-121.13075400013219,39.243006999921427],[-121.13083899962268,39.24297999979197],[-121.1311070003096,39.242963999658826],[-121.13122799978508,39.24297000023094],[-121.13220199992855,39.243018999666404],[-121.13296400035988,39.243014000236684],[-121.133212000057,39.242987000109977],[-121.1332470002171,39.24300300023787],[-121.13352900024941,39.242976000106879],[-121.13429199960734,39.242877000001513],[-121.13457500036286,39.242932000077303],[-121.13475100008998,39.243069999951125],[-121.13482200023506,39.243235000290809],[-121.13480700016645,39.243262000322062],[-121.13485700039517,39.243344000095661],[-121.13489900022796,39.243564000066783],[-121.13512500018376,39.24381099986352],[-121.13522999976574,39.243986999697789],[-121.13522999976574,39.244123999852086],[-121.13532199982726,39.244234000092085],[-121.13549900027758,39.244382999971265],[-121.13558999961587,39.244426999786363],[-121.13602800018209,39.24450900028512],[-121.1363880000322,39.244756999954632],[-121.13646599985002,39.244777999678782],[-121.13652899959921,39.244794999815277],[-121.13672000029322,39.244806000228778],[-121.13709400038701,39.244779000096145],[-121.13776499968345,39.244822999662823],[-121.13820999992238,39.244708000341909],[-121.138365999558,39.244696999912989],[-121.13872600030642,39.244708000341909],[-121.13885600000278,39.24469800033151],[-121.13932600035605,39.244664000007383],[-121.13971499962015,39.244664999730709],[-121.14023000017927,39.24470900006456],[-121.14079500006878,39.24469300032581],[-121.14139500011844,39.24462100006491],[-121.14173099967908,39.244638999963158],[-121.14191099960415,39.244648999981919],[-121.14210099957494,39.244688000319748],[-121.14272300026418,39.244963000124201],[-121.14341500037531,39.245319999792535],[-121.14404999968673,39.245606000189895],[-121.14465700030736,39.245759999867261],[-121.14480200007232,39.245821000097763],[-121.14481299994297,39.245826000023051],[-121.14498899967006,39.245974000294147],[-121.14504599957149,39.246111000045801],[-121.14511599989167,39.246209999760687],[-121.1454899999855,39.246484999858829],[-121.14562800007774,39.24650299997441],[-121.14575899959901,39.246622000003704],[-121.14601999971492,39.246633000130657],[-121.14622399992942,39.246683000180134],[-121.14635899964861,39.246715999831508],[-121.14642899996882,39.246742999914169],[-121.14667699966594,39.24677099967974],[-121.14683200037496,39.246754000022193],[-121.14740399993718,39.246617000135153],[-121.14754500040249,39.246546000154417],[-121.1479689998267,39.246244000031098],[-121.14847799963971,39.245958999853102],[-121.14918399999455,39.245733999809929],[-121.14932600028477,39.245668000263315],[-121.14966500021848,39.245431999668675],[-121.1497849998691,39.245311000279216],[-121.15005400038093,39.24486699989756],[-121.15024400035171,39.244664000007383],[-121.15047699998023,39.244553999746074],[-121.15072499967735,39.244525999791151],[-121.15095099963315,39.244525999791151],[-121.15112700025857,39.244565000197362],[-121.15164199991936,39.24493300019796],[-121.15171300006448,39.245015000105155],[-121.15179000005737,39.245416000094849],[-121.1521430002348,39.245800999697266],[-121.15242600009201,39.246003999775127],[-121.15276500002571,39.246059000181717],[-121.15291800018659,39.246062999690999],[-121.15315300036323,39.246069999701312],[-121.15362600019125,39.245949999726136],[-121.15410700041519,39.245916999714339],[-121.15442500043251,39.245769000018669],[-121.1546010001596,39.245632000294684],[-121.15467200030471,39.24556000030195],[-121.15484899985672,39.24527500012735],[-121.15496900040563,39.245000000154761],[-121.15502499958382,39.244801999952145],[-121.15510999997264,39.244214999664507],[-121.15523800001915,39.24408900021389],[-121.15542799998995,39.244006000187134],[-121.15583800006877,39.243967999899027],[-121.15620499959159,39.244061000073337],[-121.15629699965309,39.244100000042444],[-121.15650900026351,39.244265000046326],[-121.15661499967041,39.244429999662053],[-121.15664999983052,39.244638000239462],[-121.15663599958678,39.24496800011071],[-121.15656500033998,39.24525300014141],[-121.15655500029425,39.245273999717064],[-121.15644499979111,39.245517000213084],[-121.1564590000348,39.245918000115459],[-121.1565150001113,39.246054999976486],[-121.15688900020511,39.24647799988994],[-121.15760200023264,39.247203000111973],[-121.15775700004333,39.247658999961637],[-121.15791900042504,39.247890000241519],[-121.15816700012216,39.248180999655709],[-121.15863199955425,39.24850500015031],[-121.15880900000457,39.248532000239912],[-121.15910600010548,39.248465999847994],[-121.15990399962352,39.248011000051378],[-121.16025699980094,39.247856999751221],[-121.16126699992938,39.247582999844752],[-121.16145799972509,39.247483999980865],[-121.1617899999861,39.247198999971999],[-121.16185899958309,39.247002999791718],[-121.16191700020772,39.246842000128353],[-121.16205899959962,39.246534000317141],[-121.16212899991982,39.246413999744512],[-121.16228499955542,39.246276000188672],[-121.16235499987562,39.246260000111732],[-121.16262400038745,39.246286999674247],[-121.16311800013189,39.246479999980508],[-121.1632949996839,39.246518000299069],[-121.16357699971618,39.246535000013822],[-121.16378900032662,39.246491000129787],[-121.16395300035813,39.246394999907487],[-121.16402199995511,39.246353999729017],[-121.16414199960572,39.246162000169356],[-121.16414199960572,39.24604500015819],[-121.16414300032896,39.245409000019265],[-121.16405100026745,39.245299000230652],[-121.16379000015154,39.245062999785809],[-121.16376800041022,39.244997000303449],[-121.16378299958052,39.244931000063275],[-121.1638529999007,39.244639999686804],[-121.16387299999221,39.244517999901333],[-121.16390999980213,39.244283000035928],[-121.16390200030452,39.244185999844106],[-121.1638889998857,39.244019999921932],[-121.16400900043466,39.243481999854644],[-121.16413599975793,39.24338799986679],[-121.1642610003297,39.24337199982677],[-121.16459299969242,39.243414999839203],[-121.16471099969318,39.243471999669453],[-121.16477500016563,39.243491000298306],[-121.16485499963325,39.243513999880918],[-121.16484299993768,39.243705999732299],[-121.16542700009379,39.243825000332905],[-121.16579600016472,39.243849999971587],[-121.16649699959837,39.243897000019523],[-121.16689800035466,39.244014999867893],[-121.16734600006832,39.244131000055923],[-121.1681400002867,39.244339000128569],[-121.16881099958314,39.244629999666763],[-121.16905800035366,39.244696000190174],[-121.16933399963986,39.244696000190174],[-121.16957399983939,39.244653000267277],[-121.16974999956648,39.244598000149566],[-121.17024500003411,39.244449000031388],[-121.17063300037162,39.244416999735961],[-121.17126500020829,39.24445199990614],[-121.17140999997325,39.244461000225378],[-121.17176999982335,39.24451599975486],[-121.1719820004338,39.2444990002464],[-121.172229000306,39.244444000007931],[-121.17257699956221,39.244301999749375],[-121.17273800011904,39.244236000246644],[-121.17291399984613,39.244141999877876],[-121.17308200007561,39.244011000241819],[-121.17311200021285,39.243988999859354],[-121.17325399960475,39.243768999829889],[-121.17321299959686,39.243636999759232],[-121.17319699970334,39.243588000059816],[-121.17311200021285,39.243478000198174],[-121.17307700005274,39.243341000173523],[-121.17307000038005,39.243285999722751],[-121.17312700028143,39.243219999959699],[-121.17317599978693,39.243039000164408],[-121.17316200044156,39.24281899993813],[-121.17309100029642,39.242587999653679],[-121.17293999978538,39.242457999652949],[-121.17283699985323,39.24236899985609],[-121.17266100012614,39.242164999934644],[-121.17258699960797,39.241999999860901],[-121.17256200039195,39.241944999750082],[-121.17248700004886,39.241779999854586],[-121.1724629997594,39.241726000032216],[-121.17248000037617,39.241666999946823],[-121.17253300007962,39.241490000088639],[-121.17255099962297,39.241432000269896],[-121.17255499982092,39.24141899978811],[-121.17262599996603,39.241324999818644],[-121.17274599961661,39.241199000046862],[-121.17297900014344,39.241061999745533],[-121.17442699993981,39.240825999655286],[-121.17472999988853,39.240771000015428],[-121.17480100003361,39.240733000061965],[-121.17540100008326,39.240485000079985],[-121.17548099955087,39.240443000142086],[-121.17569800018417,39.240331999737933],[-121.17582500040577,39.240288000137099],[-121.17600100013286,39.240259999870773],[-121.17619899960125,39.240259999870773],[-121.17641799988438,39.240304000184928],[-121.1766580000839,39.240507999952477],[-121.17676400038911,39.240656000312903],[-121.17740600027153,39.241782000079134],[-121.17752599992212,39.241918999670034],[-121.17768900012874,39.24204500023577],[-121.17786499985583,39.242100000268188],[-121.17809900020758,39.242083999934316],[-121.17814799971306,39.242055999689121],[-121.17839499958527,39.241782000079134],[-121.17848699964676,39.241726999797379],[-121.17854400044651,39.241720999814603],[-121.17892500021301,39.241699999870967],[-121.17934899963723,39.241601000051929],[-121.17991400042506,39.241436000043031],[-121.18053500039107,39.241211000101131],[-121.18071199994309,39.241183999976116],[-121.18081800024831,39.241183999976116],[-121.18097999973169,39.241238999987871],[-121.18112100019698,39.241336999851363],[-121.18161499994142,39.241843000290615],[-121.18172100024664,39.241925000331555],[-121.18208100009674,39.242062000338919],[-121.18230799987744,39.242062000338919],[-121.18250500041924,39.242017999736021],[-121.18268199997128,39.241925000331555],[-121.18317599971569,39.24155200032169],[-121.18328600021886,39.241415000014008],[-121.18333200024959,39.241358999674119],[-121.18350799997668,39.241085000124592],[-121.18363500019831,39.240958999921681],[-121.18405899962252,39.240602000320976],[-121.18439099988355,39.240245000294983],[-121.18468799998446,39.239980999861466],[-121.18486399971155,39.239887999843717],[-121.18504799983457,39.239860000113445],[-121.18534400011059,39.239854999762876],[-121.18581500028878,39.239899000331],[-121.18574099977062,39.237204999671526],[-121.18551900001276,39.22912399973481],[-121.1854450003929,39.226431000077461],[-121.18544899969257,39.226342000129733],[-121.18545600026357,39.226217999865902],[-121.18546299993628,39.226075000305414],[-121.18546799995912,39.225986999895817],[-121.1854510002407,39.225102000159161],[-121.18430100037017,39.225066000075245],[-121.18433900000501,39.224673000045499],[-121.18435700044667,39.224489999700481],[-121.18433800018009,39.223944000033839],[-121.18433599963195,39.223901999937091],[-121.18444199993718,39.223501000150527],[-121.18458300040248,39.223293000233561],[-121.18466799989298,39.223088999823432],[-121.18471800012169,39.222869999705694],[-121.18466799989298,39.222495999958603],[-121.18502100007041,39.22230399982422],[-121.18510599956089,39.222057000165741],[-121.18510599956089,39.221936000128572],[-121.1849790002376,39.221644999714322],[-121.18483799977228,39.221470000257078],[-121.18483799977228,39.221397999824752],[-121.18490800009248,39.2213319996536],[-121.1851199998046,39.221233000324467],[-121.1852119998661,39.220959000124523],[-121.18522600010981,39.220573999903301],[-121.1850989998882,39.220245000192214],[-121.1849790002376,39.220119000146305],[-121.18481600003096,39.220014000051215],[-121.18481600003096,39.219970000236472],[-121.18490100041979,39.219870999682421],[-121.18527499961529,39.219202000230005],[-121.18525600024702,39.219140999821299],[-121.18522899958452,39.218929999938354],[-121.18529100040713,39.218727000164904],[-121.18599600003874,39.218827999731296],[-121.18629899998744,39.218757000161517],[-121.18643999955442,39.218691000291201],[-121.18666600040858,39.218499000189162],[-121.18679299973185,39.218334000138654],[-121.18704100032726,39.218180000112831],[-121.1869939995733,39.217963000199013],[-121.18715599995501,39.217998000342725],[-121.18725800006226,39.217836000127576],[-121.18726599955988,39.217823000145614],[-121.18737199986508,39.217559999673306],[-121.18744300001019,39.217465999755085],[-121.1875700002318,39.217410999900004],[-121.18771099979881,39.217494000069649],[-121.187817000104,39.217504999891908],[-121.18797199991469,39.217383999664392],[-121.18799399965602,39.217081999981268],[-121.18807800021992,39.216927999993054],[-121.18807800021992,39.216856999893764],[-121.18802899981613,39.216791000325202],[-121.18798699998332,39.216653999694088],[-121.18798699998332,39.216417000206249],[-121.18726300008514,39.216418999761828],[-121.18703399975628,39.21014900025552],[-121.19095799991912,39.209965000113996],[-121.19097700018571,39.209765000139662],[-121.19101499982052,39.209708000073967],[-121.19118300005002,39.209468000132617],[-121.19159499977864,39.209170000032607],[-121.19193600026051,39.209026999850927],[-121.19197700026838,39.209010000097152],[-121.19223699966109,39.208780999655417],[-121.19240499989057,39.208284000343717],[-121.19255300002858,39.208120000198221],[-121.1925620002494,39.208075000341744]]]},"properties":{"BASENAME":"95975","GEOID":"95975"}},{"type":"Feature","geometry":{"type":"Polygon","coordinates":[[[-122.00329699963599,39.573951999859432],[-122.003340000192,39.573260000251793],[-122.00209700043506,39.569896000286057],[-122.00142500041544,39.569001999894262],[-122.00108800013152,39.568877999936547],[-121.99884600011677,39.568056999781824],[-121.99806699996701,39.56777100027125],[-121.99718599971,39.567698999714665],[-121.99528600000201,39.568103999968642],[-121.99456399975365,39.567999000155602],[-121.99253599999915,39.567132999775581],[-121.99105300004268,39.565891999753212],[-121.99063399974304,39.564295000033887],[-121.99172900026031,39.562635000169387],[-121.99227300023342,39.56225899998401],[-121.9951229997954,39.561651999814394],[-121.99824000021938,39.561765999868108],[-122.00108800013152,39.561159000231406],[-122.00172300034124,39.561023000231259],[-122.00313400032769,39.559295000310833],[-122.00318100018335,39.558870999767578],[-122.00324599958236,39.558228000062904],[-122.00305099958868,39.557664999984219],[-122.00227599963689,39.555584999964751],[-122.00201500041932,39.55395400026913],[-122.00193900025131,39.553766999908582],[-122.00108800013152,39.551665000224929],[-122.00007700017818,39.549200000238102],[-121.99915200043853,39.54483899970959],[-121.99827899967913,39.542461000068357],[-121.99582800032532,39.537208999682868],[-121.99495499956591,39.535892999655076],[-121.99484599978595,39.535727000137989],[-121.9943190004296,39.534963999994169],[-121.99402099960543,39.533925999890343],[-121.99355500034841,39.533990999886477],[-121.99312900037607,39.534050999722304],[-121.99270099985559,39.533838000139681],[-121.99252799960324,39.533792000036676],[-121.99190699963721,39.533723999918912],[-121.98841799966756,39.532286000313974],[-121.98599300025299,39.531189999741983],[-121.98575300005351,39.531060999772485],[-121.98567000021281,39.53101700017384],[-121.98513700011036,39.531839999717526],[-121.98492600022315,39.532143000055719],[-121.98465800043455,39.532545999839897],[-121.98407799957809,39.53276499987625],[-121.98329400030377,39.532909999757486],[-121.98321899996071,39.532920000120363],[-121.98252400037485,39.532744999797217],[-121.97973400018901,39.532726000167095],[-121.97813900007955,39.533077000224907],[-121.97682000015462,39.532869999677153],[-121.97570899974384,39.532533000129227],[-121.97437999977315,39.531943999758596],[-121.97336899981978,39.531141999700758],[-121.97313100016842,39.530161000292686],[-121.9740309997937,39.528850000160951],[-121.97305900019839,39.529092999779053],[-121.96201700035417,39.53185199978352],[-121.96059899979672,39.532188000096099],[-121.95883499963286,39.532621000148453],[-121.95690200031289,39.533077999981764],[-121.9552560001498,39.533439999685285],[-121.95451499963488,39.53362100021485],[-121.94519400029681,39.536057000040202],[-121.93928599986209,39.536209000034304],[-121.93840899980303,39.536240000097031],[-121.92984199960203,39.536421000254137],[-121.92892799973305,39.536414000214755],[-121.92254200034576,39.5364050000641],[-121.92134999974412,39.536407000174655],[-121.91500500036472,39.536405999772981],[-121.91230100039259,39.536407000174655],[-121.91159699968757,39.536393000092303],[-121.91073300004732,39.536421999962791],[-121.91025799967119,39.536502000163949],[-121.90993499963098,39.536630000016871],[-121.90984099991965,39.536669000304016],[-121.9095639999102,39.536670000009096],[-121.90936399989367,39.536773000038849],[-121.90917899994574,39.53689699989215],[-121.90900599969338,39.537030999987408],[-121.90885000005777,39.537173999876089],[-121.90871500033857,39.537324999806998],[-121.9085980001627,39.537487000193458],[-121.90852399964456,39.53761699969133],[-121.90850199990324,39.537656000116733],[-121.90842499991034,39.537832000218373],[-121.90836800000893,39.538016000130938],[-121.90832899965086,39.538198000189588],[-121.9083169999553,39.538392000092109],[-121.90832600017615,39.538588000192917],[-121.90841300021476,39.542927000237064],[-121.90842699956015,39.543758999789119],[-121.90843900015405,39.544418000335504],[-121.90844199962876,39.544602999697112],[-121.90845099984961,39.544865000061058],[-121.90847699978887,39.545269999962244],[-121.90855899980464,39.546014999841667],[-121.90858700029206,39.546325999948465],[-121.90859599961456,39.546497000335378],[-121.90861999990399,39.548353000139308],[-121.90866099991189,39.55063799992287],[-121.90874999960036,39.556384999947944],[-121.9087520001485,39.55651100030596],[-121.90879999982907,39.559637999825632],[-121.90882800031645,39.561423999837416],[-121.90884400021,39.562334000040089],[-121.90887400034724,39.564118999875525],[-121.90893000042372,39.567998000209379],[-121.90893399972337,39.568243999702872],[-121.90902900015791,39.574229000093865],[-121.90906900034088,39.576726000144689],[-121.90909299973202,39.578460999777754],[-121.90911799984636,39.580000000034332],[-121.90912200004433,39.580212999847532],[-121.90916200022731,39.582692000281853],[-121.90921999995363,39.585995000038466],[-121.90926500015948,39.58857600025474],[-121.90931600021308,39.591906000221286],[-121.90939300020598,39.59698400012352],[-121.90940400007665,39.597675000066381],[-121.90949600013815,39.603640000179531],[-121.90950299981084,39.604106999831131],[-121.90951500040474,39.605112999899795],[-121.90953700014605,39.606901000197979],[-121.9095709995829,39.609008999740887],[-121.90958099962863,39.609154000118956],[-121.90958200035188,39.609280000076822],[-121.90906500014292,39.609281000119481],[-121.90762900004212,39.609284000247456],[-121.90690799961868,39.609290999853499],[-121.9064220002702,39.609290999853499],[-121.90375299955987,39.609319999696886],[-121.90031800001691,39.609340999886136],[-121.89908500030569,39.609356999861241],[-121.89665900016793,39.609379000080558],[-121.89498899971538,39.609401000292827],[-121.89408400006724,39.609413000091124],[-121.89061299964094,39.609442999923729],[-121.88970899981769,39.609448000125283],[-121.88749500029036,39.609470999663507],[-121.88555700004922,39.609481000062175],[-121.88506499995464,39.609484000181475],[-121.88391300043426,39.609500000123589],[-121.8795719996216,39.609525999762027],[-121.87774499970857,39.609543999772214],[-121.87535299990599,39.609579999778489],[-121.87313400035576,39.609598999812746],[-121.87264499973591,39.609608000154942],[-121.871918000363,39.609613999690396],[-121.86996000003037,39.609639999978107],[-121.86785500028299,39.609660000033081],[-121.86679900012381,39.609669999712359],[-121.86448299959089,39.609686000303512],[-121.86141999959356,39.609713999945022],[-121.85855999998586,39.609748999827026],[-121.85754200035979,39.609782999655891],[-121.857605000109,39.612396000018222],[-121.85768299992679,39.615622999692889],[-121.85775700044496,39.618710999778628],[-121.85775099969885,39.620800999694985],[-121.85341200033264,39.620788999794819],[-121.85075900041413,39.620781000090901],[-121.84830200031426,39.620714000025743],[-121.84823399964387,39.616798000046408],[-121.83892400017645,39.616879000196931],[-121.83893000002425,39.61725999988964],[-121.83904499965196,39.623756999821175],[-121.83317800012343,39.623735000019714],[-121.83321400010843,39.627881000077792],[-121.833337999957,39.634639000211209],[-121.82751300026125,39.634624999898641],[-121.82762600023916,39.641887999693189],[-121.82644399968325,39.641887999693189],[-121.82540099994286,39.641882000188403],[-121.82516199956827,39.641898000250116],[-121.82492200026707,39.641922000335704],[-121.82468299989247,39.641964999862992],[-121.82444500024108,39.642020999995538],[-121.82420699969141,39.642082000001864],[-121.82413300007155,39.644136999789353],[-121.82415599963777,39.64757100000601],[-121.81789900012193,39.647642999864658],[-121.81583700003222,39.647667000031404],[-121.81593099974357,39.651583000047573],[-121.81472599962143,39.65158500029365],[-121.81474400006309,39.652808000214321],[-121.81474800026103,39.656152999781561],[-121.81472999981941,39.659116999847001],[-121.81373599958447,39.659738000246641],[-121.81299099976988,39.660155999714526],[-121.81288799983774,39.660218000317016],[-121.80860399982477,39.662800999734053],[-121.80712800043932,39.663723000259651],[-121.80688700041487,39.663731999785682],[-121.80669900009391,39.663634999992027],[-121.80662499957576,39.663383999972368],[-121.80646700029033,39.662640000335308],[-121.8063250000001,39.662188000336279],[-121.80623999961128,39.662147000187055],[-121.8060990000443,39.66212900002953],[-121.80593500001275,39.662154999948221],[-121.80625800005296,39.662811999992847],[-121.80631499995434,39.663237999866659],[-121.8063250000001,39.663605000142326],[-121.80623399976352,39.664254999962679],[-121.80610200041735,39.664313999837347],[-121.80603899976984,39.664470999738917],[-121.80596500015,39.664657000138497],[-121.80585700019496,39.664817999678604],[-121.80523000038116,39.665991000020831],[-121.80459599999635,39.667181000143643],[-121.80257099971656,39.670994999876612],[-121.80234499976076,39.671265000293481],[-121.802078999622,39.671550999768563],[-121.79701899983232,39.675734999731652],[-121.79698299984732,39.675761000061819],[-121.79671599988362,39.676024000059321],[-121.79653400030875,39.676187000301724],[-121.79627700039079,39.676571000340566],[-121.79611599983399,39.676871999787686],[-121.79601700009979,39.677114000041193],[-121.79589300025124,39.67741299969768],[-121.79581500043342,39.677944000029257],[-121.79616900043575,39.679730000059017],[-121.79657199994358,39.681815000180428],[-121.79660700010368,39.681995999717273],[-121.79685999982365,39.683278999946104],[-121.79780100035514,39.687538999700436],[-121.79854899964445,39.6914009997299],[-121.79819999966502,39.691385000067292],[-121.79769500004993,39.691362999661195],[-121.78366300000332,39.691294999995364],[-121.77965699982471,39.69142300012394],[-121.77873299990999,39.69136000032789],[-121.77866799961267,39.691066000058861],[-121.77849100006065,39.69074500015514],[-121.77819499978463,39.690515999776736],[-121.77787000009464,39.690378000277647],[-121.77763300026817,39.690034999801789],[-121.77766400023033,39.689348999959144],[-121.77834700012062,39.687952999877616],[-121.77861499990921,39.687014999904207],[-121.77867600000859,39.685917000178321],[-121.77855800000782,39.685573999661507],[-121.77793799986669,39.684497999669489],[-121.77716899976269,39.68383299981685],[-121.77705099976188,39.683009000170188],[-121.77717200013572,39.681727999829334],[-121.77737999964987,39.680880999965247],[-121.77747000006156,39.680012000208244],[-121.77790000023187,39.678298000286865],[-121.77734200001504,39.678138999833102],[-121.77729599998428,39.678122999862843],[-121.77611799962632,39.67770199991832],[-121.77492099990016,39.677175000194161],[-121.77433099989626,39.676899999894687],[-121.77387399996176,39.676713000199527],[-121.77306399984987,39.676362000099822],[-121.77242500034048,39.676122000204487],[-121.77238299960939,39.676087999788905],[-121.77034099961116,39.675253999809236],[-121.76996200039282,39.675236000300551],[-121.76874300002699,39.675180999890493],[-121.76784099985359,39.675284999912385],[-121.7661040003522,39.675275999816989],[-121.75648400036508,39.675224000164519],[-121.75745900033341,39.675976999820392],[-121.75719200036973,39.676000000058984],[-121.75685400026092,39.676030999827383],[-121.74622599979517,39.675682999733361],[-121.74014400018149,39.674113000205111],[-121.73963399964521,39.673980999905382],[-121.73954599978168,39.673921000188621],[-121.73901299967919,39.673558999800647],[-121.73862100004203,39.672929000129464],[-121.73831600044352,39.672877000093031],[-121.73695800016051,39.671678000018979],[-121.7352540002711,39.670174000124099],[-121.72787299992567,39.673922999788225],[-121.72724699993678,39.673306000259778],[-121.72553499965147,39.675568999786229],[-121.72535700027454,39.675801999738276],[-121.72507000021936,39.676182999850731],[-121.72490399963969,39.676408000312939],[-121.72447600001753,39.676987000105321],[-121.72408100000732,39.677290000007304],[-121.7238759999679,39.677441000276758],[-121.72366300043089,39.677590999778047],[-121.72300300010679,39.678029999875889],[-121.7216640000904,39.678930000223701],[-121.72014599997382,39.679957999856924],[-121.71995099998014,39.680108999824292],[-121.71976799968205,39.68026500007565],[-121.71960700002357,39.680420999974636],[-121.71930999992263,39.680760000321804],[-121.71825499958834,39.682055000342267],[-121.71809300010496,39.682233000211667],[-121.71791800020279,39.682403000132439],[-121.7177299998818,39.682571999960111],[-121.71752700039052,39.682722999742658],[-121.71731200030537,39.682869000152387],[-121.71708399980143,39.68300100005829],[-121.71684699997495,39.683119999898594],[-121.71660500012564,39.683221000032049],[-121.71610600035834,39.683404999710689],[-121.71593899995375,39.683463000161531],[-121.71509000038211,39.683759000320897],[-121.71458800024178,39.683928999941607],[-121.71433899982145,39.684020999935946],[-121.71409500032227,39.684116999799329],[-121.71385799959749,39.684223000184751],[-121.71362999999184,39.684345999971541],[-121.71341099970874,39.684479000157658],[-121.7132040000195,39.68462099965776],[-121.71301200039888,39.684771999798983],[-121.71175500039823,39.685924999952377],[-121.71157100027521,39.686085000077838],[-121.71137899975629,39.686235999782738],[-121.71117399971688,39.686381999677828],[-121.71095699998189,39.686511000237417],[-121.71072699982813,39.686639000248896],[-121.71048599980369,39.686749000058427],[-121.71023499973354,39.686849000110257],[-121.70997799981558,39.686936999842494],[-121.70971099985189,39.687009999778795],[-121.70943999969022,39.687069999877018],[-121.70916500022894,39.687117000170993],[-121.70888400002156,39.687149999696381],[-121.70860000033943,39.687168999855871],[-121.70774300037183,39.687209000065465],[-121.70745299994363,39.687237000129215],[-121.70716199969048,39.687284000309518],[-121.70687600035853,39.687344000169624],[-121.70659400032622,39.687421999771502],[-121.70632300016457,39.687512999656541],[-121.70605799985071,39.687618000066173],[-121.70580799960545,39.687737000245178],[-121.70556800030425,39.68786500005772],[-121.70534099962521,39.688007000198603],[-121.70513399993598,39.688157999847832],[-121.70494599961501,39.688318000329041],[-121.70476900006301,39.688477999748123],[-121.70271399964602,39.69045100003202],[-121.7025580000104,39.690620000208732],[-121.70190500025733,39.691221000201587],[-121.70125099978102,39.691770000164333],[-121.70044499986709,39.692376000251279],[-121.69949300036326,39.693142000218117],[-121.69861999960385,39.693961999790147],[-121.69809499989729,39.694635999886273],[-121.69740899963395,39.695120000151498],[-121.69654800036676,39.695537999817283],[-121.69509200017444,39.696045999932522],[-121.69397699956571,39.696539000077891],[-121.69399199963431,39.696850999947372],[-121.69399199963431,39.701324000309185],[-121.69399199963431,39.705084999921283],[-121.69544299980373,39.705256000280983],[-121.69302500006189,39.706212000231403],[-121.69300199959737,39.707142999824221],[-121.6930459999783,39.708690999839796],[-121.69310799990255,39.710795000097619],[-121.69313399984182,39.711668999785786],[-121.69355599961625,39.718820999673213],[-121.6936109998678,39.720514999761065],[-121.6936879998607,39.722858000197562],[-121.69369200005868,39.723329000280316],[-121.69073600019146,39.724890999797985],[-121.69040099955741,39.725067000250306],[-121.68889800040778,39.725857000012823],[-121.68849500000164,39.72607799992484],[-121.6882949999851,39.726192999798947],[-121.68791000002062,39.726441000334511],[-121.6875479996224,39.72671600018905],[-121.68737500026832,39.726857999845294],[-121.68710599975651,39.727098999945127],[-121.68704600038038,39.727152000315648],[-121.6868930002195,39.727302999987693],[-121.68660500033943,39.727615000307651],[-121.68647300009492,39.727776000219436],[-121.68622700004764,39.728110999929349],[-121.6855270004389,39.729148000134415],[-121.68505299988766,39.729841000054876],[-121.68492700038928,39.73001100016463],[-121.68479500014479,39.73017600009377],[-121.68464600018189,39.730337000242741],[-121.68448200015035,39.730483000108535],[-121.68430200022529,39.730625000296527],[-121.68411100042958,39.730753999678569],[-121.6839099996898,39.730877999799574],[-121.68369799997771,39.730988000255081],[-121.68347700004477,39.731085000084086],[-121.68324600006608,39.73117199970779],[-121.68300900023961,39.731246000182686],[-121.68330999964019,39.731523999875414],[-121.68307100016391,39.731589000310343],[-121.68282900031457,39.731639999992254],[-121.68257999989423,39.731677999988079],[-121.6823239998012,39.731701999974653],[-121.68206799970815,39.731707999969998],[-121.6818109997902,39.731695999978776],[-121.68155399987224,39.731675000334569],[-121.68130199997717,39.731631999990469],[-121.68105400028004,39.731579999956182],[-121.68096399986838,39.731559999932585],[-121.68054899976667,39.731465999743833],[-121.68003699958061,39.731337999971522],[-121.67977999966264,39.731285999715517],[-121.67951900044507,39.731242000159078],[-121.67925300030626,39.731211999974356],[-121.6789930000153,39.731209000300574],[-121.67872600005158,39.731211000313422],[-121.67846300028586,39.731226000062186],[-121.67820299999487,39.731262999935133],[-121.67795000027485,39.731309999838558],[-121.67770000002959,39.731370000109585],[-121.67745499980724,39.731449000041444],[-121.67721999963061,39.731541000250168],[-121.67699100020005,39.731645999992999],[-121.67677299974184,39.731761000251524],[-121.67657500027343,39.731898000243071],[-121.67620200000454,39.73217800005456],[-121.67602100025458,39.732328999772001],[-121.6753690003264,39.732851999901186],[-121.67634500011968,39.733546999837138],[-121.67601399968355,39.733553999989674],[-121.67421899955758,39.734926999887364],[-121.67422699995348,39.735173000193612],[-121.67414199956465,39.74128900011263],[-121.6704059997228,39.741259000156163],[-121.66439899955388,39.741279000128593],[-121.66395699968801,39.741470999982809],[-121.66369899994515,39.741571000169927],[-121.66343700000432,39.741667000102531],[-121.66317099986553,39.741758999797327],[-121.66290499972678,39.741841000157528],[-121.6627669996345,39.741880999758706],[-121.66644999977292,39.747365000312527],[-121.66637500032816,39.747400000267099],[-121.66629199958915,39.747425999846953],[-121.66619600022801,39.747434000087587],[-121.66598399961761,39.747436000320278],[-121.66588499988339,39.747425999846953],[-121.66579600019493,39.747406999703358],[-121.66572300039998,39.747382999659912],[-121.66565399990472,39.74733699978345],[-121.66559700000332,39.747283000309729],[-121.66555500017053,39.7472149998123],[-121.66526100044263,39.746621000149766],[-121.66520799984089,39.74652600034149],[-121.66514099989372,39.746440000198582],[-121.66492499998364,39.746194000048277],[-121.66486600043243,39.746108000181628],[-121.6648220000515,39.746026000064226],[-121.66477199982278,39.745867999680797],[-121.66468700033228,39.745726999955096],[-121.66455799956253,39.745617000228322],[-121.66449900001129,39.745580999915418],[-121.66444399975973,39.745566999980511],[-121.6643929997061,39.745565999837048],[-121.66435400024633,39.745588000227144],[-121.66432999995691,39.745618999823044],[-121.66432999995691,39.745655000116095],[-121.66434599985041,39.745754999757004],[-121.66434699967533,39.745813000297296],[-121.66432499993404,39.74587200023705],[-121.66428599957598,39.745921000125215],[-121.66423600024558,39.745964999981013],[-121.66419799971243,39.746009999945763],[-121.66418099999397,39.746063999726474],[-121.66419199986463,39.746166999868812],[-121.66418500019195,39.746221000217204],[-121.66416000007757,39.746279999807577],[-121.66412200044276,39.746337999905933],[-121.66403600022902,39.746448999993667],[-121.66401299976449,39.746511999907938],[-121.66401799978739,39.746570999939834],[-121.66406200016831,39.746687999724926],[-121.66406999966591,39.746752000237578],[-121.66406299999323,39.746824000311598],[-121.66403399968088,39.746890999689356],[-121.6639850001754,39.746948999964005],[-121.66392599972585,39.746992999854029],[-121.66385600030398,39.747019000278129],[-121.66377699976294,39.747031999795816],[-121.66369899994515,39.747026999875366],[-121.66361100008159,39.747012000111795],[-121.66341000024013,39.746968999666315],[-121.66329600043733,39.746953999890167],[-121.66318000008637,39.746944000037537],[-121.66306499956033,39.746924999761021],[-121.66283100010691,39.746872000088928],[-121.66271300010614,39.746852999792551],[-121.66245899966293,39.74683199993148],[-121.66233800018739,39.746807999687732],[-121.66223000023238,39.746770999871096],[-121.66213399997291,39.74672500027679],[-121.66205500033021,39.746670000195977],[-121.66199099985779,39.746606000297795],[-121.66193899997926,39.746529000039388],[-121.66190299999423,39.746446999732314],[-121.66188000042801,39.746361000181466],[-121.66188000042801,39.746195000182631],[-121.66186500035938,39.746113000168819],[-121.66182299962827,39.745968999840912],[-121.66182699982625,39.745833999778242],[-121.66181299958254,39.745774999805896],[-121.66177300029788,39.745719999657446],[-121.66171700022137,39.745670000175096],[-121.66165199992408,39.74561999996574],[-121.66157800030423,39.745569999720111],[-121.66151200018199,39.745497000263292],[-121.66145600010549,39.74546499977685],[-121.66138499996038,39.74544099974765],[-121.66132200021119,39.74544099974765],[-121.66128100020332,39.745454000253787],[-121.66126000028689,39.745475999988926],[-121.66124000019542,39.745507000325937],[-121.66123000014966,39.745548000014978],[-121.66121900027902,39.745740999857446],[-121.66119199961652,39.745813000297296],[-121.66114300011104,39.745879999967464],[-121.66107100014101,39.745942000263952],[-121.66081000002509,39.746100999922739],[-121.66065199984135,39.746226000196138],[-121.66049399965763,39.74633199980272],[-121.66042400023572,39.746367000282099],[-121.66035800011349,39.746383999758663],[-121.66029199999124,39.746383999758663],[-121.660225999869,39.746365000018372],[-121.65999700043848,39.74624100013083],[-121.65989799980595,39.746199000029229],[-121.65978900002602,39.746161999885601],[-121.6596829997208,39.746133000113794],[-121.65959300020742,39.746119000291053],[-121.65951100019166,39.746118000155597],[-121.65944500006943,39.746144000219182],[-121.65938899999291,39.746192999913909],[-121.65934600033523,39.746256000062253],[-121.65928799971057,39.746318000020452],[-121.65921300026582,39.746379999922809],[-121.65912100020432,39.746441999769416],[-121.65892200001267,39.746552999689605],[-121.65882800030137,39.746600999655733],[-121.65874299991255,39.746654000226997],[-121.65865800042205,39.746688999852104],[-121.65857399985815,39.746697000178315],[-121.6584929996673,39.746687000288432],[-121.6584159996744,39.746659000174517],[-121.65828699980297,39.746577000022171],[-121.65821900003091,39.746558000335156],[-121.65815799993153,39.746579999717852],[-121.6581069998779,39.746620000021601],[-121.65802800023519,39.746664000121676],[-121.65796100028805,39.746708000193699],[-121.65787699972415,39.746738999976401],[-121.657781000363,39.74675100011131],[-121.65768099990555,39.746753999799409],[-121.65758299999628,39.746743999917754],[-121.65743800023132,39.746702000122767],[-121.65735100019266,39.746687999724926],[-121.65728500007044,39.74669999986871],[-121.65722800016903,39.746730999655014],[-121.65719200018401,39.746780000313706],[-121.65717899976522,39.746847999859106],[-121.65717100026762,39.747091000073119],[-121.65716000039696,39.747184999673046],[-121.65711799966586,39.74738800024523],[-121.65699700019034,39.747858999881331],[-121.65697000042616,39.747917000031791],[-121.65692900041829,39.747957999668067],[-121.65686999996873,39.747983999728042],[-121.65679899982365,39.747996999754299],[-121.65671400033314,39.747990999795618],[-121.65662300009656,39.747971999807838],[-121.65643999979844,39.747915999922434],[-121.65635799978267,39.747882999759007],[-121.65628900018569,39.747846999939398],[-121.65616000031426,39.747673999968328],[-121.6561059998876,39.747633000163034],[-121.65604800016125,39.747622999718267],[-121.6559879998868,39.74763599981268],[-121.655946000054,39.74767999995462],[-121.65591599991679,39.74773399980787],[-121.65588599977956,39.747800999682035],[-121.65584099957371,39.747868000181796],[-121.65577699999963,39.747931000179889],[-121.65570000000673,39.747993000012137],[-121.65553799962503,39.748104000196321],[-121.65545399995945,39.748143000199853],[-121.65537000029386,39.748169000190011],[-121.65532900028596,39.74817700034437],[-121.65527900005725,39.748185999912607],[-121.65518299979779,39.748184999807158],[-121.65508499988847,39.748170000295694],[-121.65505899994923,39.749307999955953],[-121.65497600010855,39.753152999936454],[-121.65494099994844,39.754736999997398],[-121.65494199977336,39.755644999948153],[-121.65402799990439,39.75660000028109],[-121.65403399975216,39.763117000157337],[-121.65403499957708,39.763840000111699],[-121.65070200014134,39.763847999827099],[-121.64681499978842,39.763857000109986],[-121.64538200006066,39.763789999970463],[-121.64529199964899,39.765136999747597],[-121.64514199986114,39.767429000326054],[-121.64510500005122,39.768056000262526],[-121.64501100033989,39.769723000141347],[-121.64450699965144,39.77015499969783],[-121.64440000041961,39.770336000165415],[-121.64430699963489,39.770589000246567],[-121.6442360003881,39.77092399966282],[-121.64428499989357,39.772143000107278],[-121.64419899967986,39.772604000043721],[-121.64414199977844,39.772763000297218],[-121.64398600014282,39.772949999977783],[-121.64362200009477,39.773147000033227],[-121.64343700014683,39.773307000153984],[-121.64325899987161,39.773580999669669],[-121.64311699958138,39.773728999896782],[-121.642590000225,39.774037000300872],[-121.64212700044274,39.774211999790943],[-121.64190700033473,39.774322000110672],[-121.64159299961703,39.774530000096632],[-121.64135800033871,39.774750000234256],[-121.64119400030719,39.774953000343146],[-121.64106600026068,39.775304999857639],[-121.64104399962105,39.775589999940415],[-121.64114400007848,39.775931000160249],[-121.64111499976616,39.776479999687709],[-121.64107200010845,39.776645000187621],[-121.64094400006194,39.776837000196032],[-121.64072999980169,39.777072999673962],[-121.64056599977017,39.777281000321523],[-121.64041000013455,39.777655000170064],[-121.64032399992081,39.777787000281158],[-121.6402240003617,39.778016999848859],[-121.6395969996496,39.779010999671357],[-121.63952600040281,39.779186999977469],[-121.63950399976318,39.77935099985757],[-121.63966799979468,39.779680999812591],[-121.63990299997134,39.779994000104764],[-121.64008700009435,39.780401000184028],[-121.64010899983566,39.780504999699403],[-121.64010800001074,39.780867000265275],[-121.64005799978203,39.781093000003857],[-121.63979500001631,39.781532000108854],[-121.6397020001299,39.781762000277183],[-121.63935999982314,39.782185000257478],[-121.6391039997301,39.782394000250861],[-121.63871200009294,39.782591000198593],[-121.63820800030277,39.782774000307022],[-121.63792899974521,39.782875999794065],[-121.63782900018607,39.782930999955532],[-121.63748000020664,39.783266000052635],[-121.6372170004409,39.783612000233539],[-121.63703099976973,39.783908000028923],[-121.6367529999354,39.784106000058202],[-121.63646900025327,39.784248999763328],[-121.63637600036684,39.784330999933282],[-121.63633299981083,39.784434999722002],[-121.63612699994651,39.784687999753167],[-121.63600599957269,39.78490700029225],[-121.63575899970046,39.785193000217816],[-121.63571299966972,39.785247999907909],[-121.63537899975887,39.785433999927257],[-121.63475899961777,39.785664999730045],[-121.63421800001768,39.785829000048622],[-121.63339899968497,39.78605399981182],[-121.63257400040276,39.786245999801046],[-121.63189700036025,39.786437999944738],[-121.63151999989336,39.786514000213138],[-121.63105000043841,39.786557999676184],[-121.62971200024688,39.786607000300165],[-121.62855399998045,39.786586999683415],[-121.62839499997179,39.786583999659413],[-121.62818099971153,39.78660600006237],[-121.62806699990871,39.786682999691578],[-121.62801000000731,39.786870000207372],[-121.62797400002231,39.78775900019626],[-121.62782400023448,39.788468000012372],[-121.62773800002077,39.788681999906743],[-121.62761699964692,39.788818999912181],[-121.62713299994824,39.789048999882212],[-121.62663400018097,39.78938900017009],[-121.62658399995226,39.789494000102138],[-121.62652700005086,39.789768000057457],[-121.62647000014944,39.789917000177198],[-121.62626299956189,39.790261999859609],[-121.6262490002165,39.790510000337079],[-121.62627000013292,39.79060299985418],[-121.62639800017944,39.790745999860988],[-121.62665400027248,39.79091099997737],[-121.62673899976295,39.791015000173672],[-121.62673899976295,39.791114000041865],[-121.62664699970145,39.79119600031288],[-121.62608500018496,39.791453000310227],[-121.62590500025992,39.791469999701398],[-121.62575899977173,39.791536000343271],[-121.62570100004541,39.791612999976692],[-121.62567900030412,39.791695000343147],[-121.62566400023549,39.791826000279592],[-121.62571699993893,39.791963999705722],[-121.62582300024415,39.792162000019339],[-121.6259179997804,39.792327000190433],[-121.62600599964395,39.792448000156426],[-121.62608500018496,39.792645999767139],[-121.62619700033797,39.792844000188346],[-121.62615399978196,39.793117999914848],[-121.62608500018496,39.793213000331001],[-121.62594399971967,39.793320999678421],[-121.62580800017554,39.793500999824509],[-121.62572600015977,39.793573000027138],[-121.6255870002426,39.79361099968191],[-121.62539399989875,39.793713999802996],[-121.62536200011169,39.793747000090661],[-121.6253899997008,39.793835000090048],[-121.62545300034832,39.793972000186571],[-121.62557299999889,39.794170000242012],[-121.62560499978595,39.79426999983724],[-121.62559700028835,39.794428999729469],[-121.62557100034908,39.794472000218853],[-121.62552899961794,39.794483000195257],[-121.6253899997008,39.794558999858737],[-121.62519700025527,39.794648999751253],[-121.62518200018665,39.794710000194257],[-121.62521399997371,39.794852999945817],[-121.62522700039247,39.795022999760853],[-121.62520499975287,39.795122000072567],[-121.62514799985145,39.795197999720209],[-121.62476500043513,39.795498999906393],[-121.62450799961887,39.795626999870692],[-121.62430099992962,39.795742000304102],[-121.62376299980428,39.79598999966008],[-121.62343399991632,39.796159000016956],[-121.62317699999838,39.796301000110091],[-121.62314100001335,39.796386000006152],[-121.62315100005908,39.796500999860683],[-121.6232210003793,39.796773000023748],[-121.62318399967107,39.796916000317509],[-121.62310199965529,39.797050000231188],[-121.6229590004385,39.797214000326569],[-121.62284399991243,39.797362000110553],[-121.62263700022321,39.797493000297251],[-121.62241100026741,39.797676000108652],[-121.62208300020433,39.797878000149716],[-121.62204700021933,39.798021000216444],[-121.62199199996772,39.798158000257295],[-121.62190599975399,39.798246000134519],[-121.62173500004978,39.798302999877265],[-121.62141500038264,39.798318000201292],[-121.62113699964999,39.798322999848502],[-121.6210660004032,39.798404999807595],[-121.62104399976357,39.798504000082474],[-121.62106100038031,39.798701000142735],[-121.6210660004032,39.798903999992866],[-121.62101600017448,39.799061000101823],[-121.62089700034879,39.799209000052144],[-121.62077599997497,39.799329000281659],[-121.62075400023365,39.799340000171448],[-121.62070400000496,39.799399999853051],[-121.62058900037722,39.799602999710331],[-121.62031400001759,39.799772000161155],[-121.62323899992265,39.79983300020146],[-121.63032399999209,39.799925000182547],[-121.63208700033103,39.799951999988615],[-121.63248800018903,39.799958000250768],[-121.63382100035766,39.799977999740705],[-121.63812200008906,39.800043999810441],[-121.63816399992184,39.800383000237296],[-121.63812399973887,39.806934999869412],[-121.63810600019552,39.809925999971171],[-121.63245100037911,39.810217000235205],[-121.63246100042483,39.811603999941099],[-121.63248099961801,39.813869999954257],[-121.63749399955204,39.813830000079754],[-121.64069600036481,39.813836999662691],[-121.64084699997757,39.813972000253294],[-121.6411170003143,39.813965999834011],[-121.64141699988994,39.813895000122727],[-121.64145200005002,39.813807000262138],[-121.64159500016517,39.813713999691103],[-121.64162299975428,39.813681000014725],[-121.64185100025821,39.813422999740268],[-121.64187299999951,39.81333499996542],[-121.64197299955865,39.813094000028798],[-121.64213699959018,39.812966999999951],[-121.64303399974069,39.812967999854408],[-121.64316199978722,39.812924000034805],[-121.64378199992834,39.812890999979146],[-121.64477100014038,39.812770999956761],[-121.64502100038563,39.812793000264051],[-121.64544099961189,39.81287500021827],[-121.64553299967341,39.812852999937228],[-121.64557600022944,39.812798000238836],[-121.64544099961189,39.812595000005061],[-121.64515600010485,39.81235900024074],[-121.64492099992823,39.812211000302625],[-121.64460799993375,39.812084000022388],[-121.64414500015151,39.811820000047454],[-121.64395299963255,39.811743000266262],[-121.64366800012553,39.811694000297912],[-121.64358299973671,39.81162799967975],[-121.6434620002612,39.811375000058291],[-121.64340500035981,39.8113089998239],[-121.64318400042687,39.81127599968292],[-121.64312699962713,39.811232000160366],[-121.64300600015162,39.811123000077018],[-121.64279299971628,39.811106000023088],[-121.64263600025578,39.81102400002878],[-121.64259400042297,39.810980000344877],[-121.64258699985199,39.810929999948563],[-121.64284999961768,39.810918999842691],[-121.64341299985738,39.810919999726941],[-121.64383299998197,39.810980000344877],[-121.64410300031869,39.811041000102918],[-121.6446589999874,39.811073999666668],[-121.64522800007488,39.811089999846743],[-121.64536399961899,39.811117999980397],[-121.64556299981065,39.811101999806837],[-121.64577700007086,39.811140000126692],[-121.64584099964497,39.811179000305998],[-121.6466309996654,39.811409999905955],[-121.64707199970636,39.811498000075126],[-121.64726500005021,39.811569000192229],[-121.64772000033489,39.811646000168267],[-121.64878800018964,39.812130000112987],[-121.6491079998568,39.812196000249159],[-121.64931500044433,39.812328000331377],[-121.64943799956966,39.812367999699809],[-121.64950000039227,39.812371999842391],[-121.6497349996706,39.812460000160122],[-121.65024000018398,39.812575000044745],[-121.65046100011692,39.812679999771397],[-121.650532000262,39.812608000252119],[-121.65072499970755,39.812328000331377],[-121.65099599986922,39.811867000185146],[-121.65123799971853,39.811614000063216],[-121.65174400005684,39.811158999933745],[-121.65193599967745,39.810828999851324],[-121.65209999970899,39.810450000089766],[-121.6527340000938,39.809741999735266],[-121.65288399988162,39.809483999857704],[-121.65300500025545,39.809016999799361],[-121.65297000009537,39.808961999792004],[-121.65295500002671,39.808758999961178],[-121.65279199982012,39.808331000223262],[-121.65279199982012,39.808220999757054],[-121.65284200004884,39.808012000249498],[-121.65306999965445,39.807715999968785],[-121.65354000000775,39.807414000182753],[-121.65371800028298,39.807265999949507],[-121.65401799985862,39.806684000120214],[-121.65433800042408,39.806151000008541],[-121.65465899991612,39.805701000097315],[-121.65482299994765,39.805563999901445],[-121.6550790000407,39.805436999763181],[-121.65583399990102,39.805251000001249],[-121.65599399973459,39.805226000139612],[-121.65631799959969,39.805173999763312],[-121.65698799996953,39.804861000158077],[-121.65730099996395,39.80474599979086],[-121.65759999971471,39.804575999855793],[-121.65777100031724,39.804427999724368],[-121.65793500034879,39.804235000123541],[-121.65806300039529,39.803965999754737],[-121.65812000029669,39.80361999980591],[-121.65812000029669,39.80335099979159],[-121.65804199958058,39.80311000004972],[-121.65787800044738,39.802967000213123],[-121.65756499955462,39.802791000005932],[-121.65722399997107,39.802352000286554],[-121.65702499977945,39.802033000176905],[-121.65699600036545,39.80184100008119],[-121.65702499977945,39.801759000078228],[-121.65723800021479,39.80156599988733],[-121.6573739997589,39.801506000025171],[-121.65794299984638,39.801401999817919],[-121.65862699956159,39.801331000243046],[-121.65872399964597,39.80130899971838],[-121.65946000013805,39.80113900025772],[-121.659901000179,39.800967999657658],[-121.66024299958745,39.800726999845672],[-121.6603859997026,39.800518000332893],[-121.66045000017499,39.800374999936984],[-121.66070600026804,39.800127999870426],[-121.66089899971355,39.799991000303208],[-121.66141799957232,39.799744000237709],[-121.66173200029,39.799535999857682],[-121.66193800015434,39.79925000020588],[-121.66191700023793,39.798854999845943],[-121.66195999989563,39.79873400010819],[-121.66212399992716,39.798585999825761],[-121.66272899999966,39.798310999728429],[-121.66286399971888,39.79816299991608],[-121.66291399994759,39.798074999932638],[-121.66294300025992,39.797839000017149],[-121.66292900001621,39.797547999816537],[-121.66272200032695,39.79720699974127],[-121.66247999957932,39.796977000130333],[-121.66216699958488,39.79673500004531],[-121.66146299977817,39.796289999734221],[-121.66111399979873,39.795955000244888],[-121.66018900005908,39.795263000124137],[-121.65986099999603,39.794850999710043],[-121.65972600027681,39.794516000113923],[-121.65968400044402,39.794323000302306],[-121.65968400044402,39.79390099984316],[-121.65962699964427,39.793652999857152],[-121.65997599962377,39.793615000225586],[-121.66068100015367,39.793620999660206],[-121.66093700024672,39.793592999993379],[-121.6609509995921,39.793626000339039],[-121.66119300033975,39.793631999772714],[-121.66121400025615,39.793604000110363],[-121.66146399960309,39.793653999992443],[-121.66149200009049,39.793620999660206],[-121.66169100028213,39.793719999919219],[-121.6620050001015,39.793801999844604],[-121.66236800032463,39.794015999711313],[-121.66270899990816,39.794132000205828],[-121.66351399999722,39.794329999800688],[-121.66419699988752,39.794105000185567],[-121.66442500039146,39.794088000065109],[-121.66464600032438,39.794088000065109],[-121.66507300012167,39.794138000285592],[-121.66529400005462,39.794214999767235],[-121.66532199964369,39.794170999679608],[-121.66555000014765,39.794252999757553],[-121.66555000014765,39.794296999792728],[-121.66576299968465,39.794368999852374],[-121.66577000025566,39.794324999863214],[-121.666012000105,39.794445999765649],[-121.66679600027764,39.794626999849726],[-121.66703800012698,39.794643999836971],[-121.66747199959693,39.794567000145399],[-121.67023500001858,39.794653000234554],[-121.67006900033722,39.79519899983309],[-121.66989899955961,39.79562499965737],[-121.66986199974968,39.795892000010333],[-121.67008100003279,39.796596999838052],[-121.67032399970702,39.797083999693918],[-121.67056800010452,39.79731499971934],[-121.67089600016757,39.797704000183948],[-121.6713699998205,39.798384999860268],[-121.67167399959412,39.798713000194759],[-121.67218499995526,39.799320999858786],[-121.6723349997431,39.799534999807868],[-121.67264699991264,39.799976999697321],[-121.67285299977698,39.800244999758256],[-121.67313300015944,39.800549000046438],[-121.6732910003432,39.800828000290636],[-121.67363100010182,39.801509000088522],[-121.67370399989674,39.801958999829701],[-121.67366799991174,39.802238999884743],[-121.673545999713,39.802518000173556],[-121.67318199966492,39.803053000150477],[-121.67286500037085,39.803564000320677],[-121.67281699979195,39.803733999997313],[-121.67285299977698,39.803855999895958],[-121.67303600007504,39.803880000269096],[-121.67350999972797,39.803903999943785],[-121.67416599985413,39.804123000038871],[-121.67473800031466,39.804207999928799],[-121.67493800033118,39.804307000130933],[-121.67502000034695,39.80453700007125],[-121.67503899971521,39.804683000018166],[-121.67501399960085,39.804773999747923],[-121.6749540002247,39.804865000047357],[-121.67467999969,39.80514500000092],[-121.67438799961195,39.805375999863287],[-121.67425399971766,39.805569999673963],[-121.67410200027999,39.805935000032264],[-121.67396300036285,39.806306000231423],[-121.67379900033131,39.806560999771079],[-121.67363399957655,39.80671299992359],[-121.67347000044333,39.80681000008132],[-121.67313599963418,39.806956000032329],[-121.67293499979272,39.80702899989155],[-121.67274700037007,39.807144999829809],[-121.67255800022419,39.807302999692617],[-121.67243100000258,39.80748499968729],[-121.67229700010827,39.807776999862796],[-121.67221199971945,39.808117000045179],[-121.67209600026682,39.808294000343302],[-121.67193200023527,39.808517999852882],[-121.67182299955701,39.808725000060072],[-121.6717990001659,39.80893799981267],[-121.67185299969425,39.809005000165328],[-121.67201699972578,39.8090530000689],[-121.67250999964529,39.809199000087027],[-121.67270399981405,39.809297000095491],[-121.67275900006562,39.809369000322455],[-121.6727830003551,39.809582000149902],[-121.672820000165,39.810026000117816],[-121.67274099962397,39.810251000088428],[-121.67256499989688,39.810549000274598],[-121.6725459996303,39.810706999904852],[-121.67249200010195,39.811017000159332],[-121.67243100000258,39.811266000201684],[-121.67233999976597,39.811357000188863],[-121.67215700036618,39.811472999724842],[-121.672010999878,39.811509000088336],[-121.67133700020852,39.811599999753824],[-121.67112999962099,39.811661000341751],[-121.67099599972668,39.811759000290628],[-121.67086199983238,39.811891999702077],[-121.67084400028904,39.812026000104346],[-121.67084400028904,39.812104999992563],[-121.67102699968882,39.812464000297297],[-121.67133800003344,39.812973999670767],[-121.6715189997834,39.813137999739524],[-121.67159199957835,39.813236000342819],[-121.67165900042382,39.813351000309204],[-121.67170700010439,39.813472999703293],[-121.67170700010439,39.81356999998323],[-121.6716650002716,39.813734000010051],[-121.67162199971557,39.81387999974671],[-121.67488800010247,39.813937000330128],[-121.6758349995834,39.813953999683854],[-121.6760170000566,39.820892000143509],[-121.67604200017097,39.821823999796322],[-121.67605300004163,39.829028000149734],[-121.69442400035278,39.829046000220245],[-121.6944419998961,39.830907999664632],[-121.69504299977065,39.831374999987801],[-121.69553099966728,39.831140999738189],[-121.6957869997603,39.830287999903668],[-121.6963769997642,39.82958200031176],[-121.69666899984226,39.8292580001592],[-121.6975669998177,39.829122999932025],[-121.69830199958655,39.828549999694687],[-121.69906400001786,39.828327000251143],[-121.69967300028833,39.82792299982097],[-121.70054699997434,39.827798999895478],[-121.70083099965646,39.827672000134797],[-121.70111500023691,39.827273999939877],[-121.70145900019348,39.82721100011716],[-121.70187400029519,39.82749300008976],[-121.70207799961138,39.827745000069385],[-121.7022340001453,39.828183000117562],[-121.70206699974071,39.828840999751527],[-121.70189900040954,39.829021999665315],[-121.70176799998998,39.829157000090902],[-121.7018059996248,39.829299999945796],[-121.70205099984722,39.829254000309561],[-121.70255700018548,39.829062999975918],[-121.7031010001586,39.829115000216873],[-121.70345599998583,39.829093999925291],[-121.70364699978157,39.829182999835787],[-121.70372899979731,39.829341999706678],[-121.70358099965932,39.829387999973875],[-121.70315100038732,39.829547999673352],[-121.70275899985184,39.829762000042791],[-121.70252399967522,39.830059999794912],[-121.70209799970284,39.830360000216494],[-121.70134000036782,39.830434000344439],[-121.70112199990959,39.830639999795913],[-121.70130299965957,39.830910000231171],[-121.70201599968711,39.830998000266391],[-121.70250500030696,39.831167000111897],[-121.70255100033769,39.831118000195396],[-121.70268000020916,39.831029000032416],[-121.70275600037711,39.831003000296342],[-121.70285699976114,39.83098199989211],[-121.70298099960969,39.830969999953851],[-121.70311500040232,39.830961999763922],[-121.70325699979422,39.830959000296033],[-121.70399400011119,39.83095800001351],[-121.70436800020501,39.830963000046381],[-121.70458699958979,39.830978999735272],[-121.70484000020812,39.831003999888395],[-121.70493399991945,39.831022999722734],[-121.70504600007243,39.831069000243957],[-121.70509600030114,39.831096999826315],[-121.70518599981452,39.831160999814259],[-121.70529499959447,39.831256999684449],[-121.70539199967885,39.831329999948608],[-121.70548399974035,39.831376000264243],[-121.70573499981053,39.831451000262909],[-121.70613099964564,39.830680999830712],[-121.70665899972524,39.829659000112585],[-121.70675400015979,39.829443999807609],[-121.7068329998025,39.829238000218901],[-121.70689899992475,39.829008999763609],[-121.70694400013059,39.8287839998019],[-121.70698299959035,39.82855899979311],[-121.70715300036795,39.827435000067616],[-121.70720199987348,39.827209999780059],[-121.70727800004143,39.826995000089198],[-121.70737799960057,39.826783999719183],[-121.70750200034745,39.8265830000948],[-121.70765100031034,39.826395000281117],[-121.70782000036473,39.826221999708153],[-121.70801000033553,39.82606100018733],[-121.70821899967461,39.825915000111451],[-121.70935500019974,39.825206999690437],[-121.70957500030777,39.825064999963217],[-121.70977699997414,39.82490999995516],[-121.70995900044731,39.824745000007383],[-121.71011699973278,39.824561999802597],[-121.71025200035028,39.824374999666638],[-121.7103660001531,39.824173000202336],[-121.71045099964358,39.823971000144226],[-121.71051400029108,39.823765000012926],[-121.71055100010103,39.823554000072143],[-121.71056799981946,39.823341999779899],[-121.71057299984233,39.823139000331977],[-121.7105770000403,39.822102999947077],[-121.71058500043623,39.821684000122247],[-121.71060399980449,39.821444999945662],[-121.71062300007105,39.821269999860789],[-121.71065099966013,39.821063000174611],[-121.71068599982026,39.820852000216036],[-121.71072699982813,39.820641000299553],[-121.71077600023193,39.820434000098551],[-121.71089000003472,39.820021000337519],[-121.71099899981468,39.819663999690043],[-121.71114799977761,39.819176999687357],[-121.71133400044876,39.818548000287599],[-121.71143999985566,39.818135000231671],[-121.71153000026732,39.817734999731066],[-121.71160600043532,39.817339999996605],[-121.71176799991871,39.816367999782059],[-121.71239599955744,39.812693000002383],[-121.7125420000456,39.811840000227434],[-121.71344900024191,39.806539000229655],[-121.71349500027264,39.806337000096065],[-121.71355100034916,39.806135000059086],[-121.71361999994613,39.805941999729001],[-121.71369500028919,39.805757999871709],[-121.71372999955098,39.805684000082813],[-121.71409600014719,39.805711999657937],[-121.71400400008568,39.805875999799312],[-121.71380300024423,39.806151999962125],[-121.71386400034359,39.80618499980239],[-121.7138099999169,39.806329999749423],[-121.71375399984043,39.806502000075334],[-121.71373999959673,39.806552000241837],[-121.71370199996187,39.806698999996222],[-121.71367000017484,39.806856000250612],[-121.7130340001402,39.810327000267932],[-121.71255899976406,39.812911999702727],[-121.71248299959605,39.812934999819824],[-121.71247300044863,39.812990000098644],[-121.71253799984765,39.81302899991838],[-121.7123720001663,39.813934999959358],[-121.7128440001694,39.813931999748171],[-121.71344199967088,39.813939999851073],[-121.72145599967791,39.814083000325638],[-121.72219600036794,39.814034999794188],[-121.72266800037106,39.814024000185206],[-121.72277600032606,39.81351100009244],[-121.72290400037259,39.813136999887597],[-121.72304599976451,39.81247299974266],[-121.72315899974241,39.811051000306996],[-121.72324400013123,39.810478999684705],[-121.72328199976604,39.810316999958545],[-121.72330799970534,39.810205000120618],[-121.72369299966979,39.80945800024962],[-121.72399800016663,39.808759999876841],[-121.72404800039534,39.808733000078902],[-121.72431100016107,39.808359000100573],[-121.72448900043632,39.808182999893845],[-121.72547899957497,39.807545999786278],[-121.72598400008832,39.807139000194731],[-121.72643299962691,39.806875999804511],[-121.72700699973724,39.806464999901138],[-121.72703799969941,39.806441999689532],[-121.72728700011973,39.80619999978731],[-121.72824000034677,39.805133999659461],[-121.72827700015672,39.805054000072062],[-121.72841100005103,39.804771999800685],[-121.72854900014327,39.804542999933339],[-121.72856699968662,39.804513999904806],[-121.72861000024263,39.804382000000992],[-121.72856699968662,39.803239000337349],[-121.72872300022055,39.802954000213191],[-121.72888700025209,39.802733999842253],[-121.72906499962899,39.802360999675379],[-121.7291569996905,39.80214100016773],[-121.7291779996069,39.801920999956209],[-121.72928499973702,39.801696000329343],[-121.72944100027094,39.801459999727257],[-121.72961899964788,39.801310999766393],[-121.72986800006821,39.801041999691044],[-121.73035900033788,39.800608000019338],[-121.73084999970926,39.800103000216616],[-121.73187499990634,39.798883000131362],[-121.73203100044024,39.798614000220752],[-121.73210199968703,39.798426999881016],[-121.73231599994726,39.798175000061974],[-121.7324940002225,39.798021000216444],[-121.73280700021698,39.797823000204126],[-121.73290699977606,39.797707999799364],[-121.73300600040858,39.797526000152139],[-121.73315500037151,39.797098000198567],[-121.73326900017433,39.796922000154403],[-121.73331900040304,39.796778999873119],[-121.73331900040304,39.796615000120873],[-121.7331760002879,39.79624099979543],[-121.7331760002879,39.796065000318976],[-121.73323999986201,39.795835000339963],[-121.73348900028235,39.795471999732513],[-121.73368099990296,39.795033000224088],[-121.73391600007962,39.794786000297151],[-121.73412199994394,39.794625999728581],[-121.73454899974118,39.794411999689032],[-121.73475499960551,39.794219999712652],[-121.73481900007792,39.793999999699174],[-121.73483300032163,39.793841000195712],[-121.73496100036813,39.793565999761483],[-121.73515299998878,39.793291000298517],[-121.73531700002029,39.793148000060441],[-121.73552299988462,39.792873999763195],[-121.73590700002418,39.79257199967256],[-121.7359999999106,39.792467000297187],[-121.73608500029943,39.792286000051021],[-121.73623500008725,39.792105000018836],[-121.73644799962427,39.791955999806554],[-121.73665400038692,39.791770000163403],[-121.73704600002408,39.791560999659978],[-121.73712399984187,39.791494999732393],[-121.73723099997198,39.791346000269542],[-121.73721599990338,39.791110000042991],[-121.73715900000198,39.790967000102583],[-121.7368669999239,39.7906440003065],[-121.73680300034982,39.790494999690637],[-121.73675999979379,39.790078000152228],[-121.73680300034982,39.789863999768549],[-121.73698699957453,39.789390999874463],[-121.73715099960606,39.78915000022036],[-121.73722900032217,39.78894599967861],[-121.73740699969908,39.788720999709319],[-121.73775499985364,39.788419000023545],[-121.73802600001528,39.7880729998557],[-121.73812499974947,39.78789700018794],[-121.73818199965089,39.787753999781195],[-121.73820299956729,39.787551000155965],[-121.7383380001848,39.787156000256701],[-121.73830899987252,39.786715999900771],[-121.73838000001763,39.786259999750527],[-121.73845100016273,39.786112000238944],[-121.73904899966419,39.785386999669221],[-121.73948999970517,39.784750000320109],[-121.73983100018702,39.784150999953994],[-121.73998699982263,39.783711999989663],[-121.74012200044017,39.783524999864945],[-121.74013599978554,39.783463999858299],[-121.74033599980211,39.783278000036177],[-121.74044999960491,39.783211999755693],[-121.74054900023741,39.783178999936901],[-121.74089099964588,39.783166999936142],[-121.74101200001968,39.783189000051031],[-121.74128200035643,39.783189000051031],[-121.74169499991,39.783281999800074],[-121.74190900017025,39.783281999800074],[-121.74257799981682,39.783144999814176],[-121.74378100028915,39.783067000078262],[-121.74403700038216,39.782963000292895],[-121.74452000025592,39.782496000301229],[-121.74474799986156,39.782128000274653],[-121.74493299980949,39.781771000289147],[-121.74514600024483,39.781628000266601],[-121.74551600014067,39.781545000015825],[-121.74562999994349,39.781495999928886],[-121.74588600003653,39.781331000013651],[-121.74603499999944,39.781192999969001],[-121.74681499997413,39.780144999963859],[-121.74714800006005,39.78005400009301],[-121.74822199976261,39.779122999918222],[-121.74882299963713,39.778746000087352],[-121.74898099982087,39.778740999707672],[-121.74920900032484,39.778668999860571],[-121.75052599970164,39.777915999737147],[-121.75087800005414,39.777758999692935],[-121.75096599991767,39.777719000213686],[-121.75151200043895,39.777472000256296],[-121.75254199976058,39.777113000219053],[-121.75359899974468,39.776882000012634],[-121.75473199989679,39.77656499991096],[-121.75583400008674,39.776324999903885],[-121.75680300020731,39.77595099973194],[-121.75788600013068,39.775537999940639],[-121.75888299984032,39.775046000176076],[-121.75978900021171,39.774465000125389],[-121.76083500032519,39.773875000340823],[-121.7621669997706,39.772965000306705],[-121.76335299962612,39.772250000322735],[-121.76445800018912,39.771838999942688],[-121.7652659997529,39.771687999811554],[-121.76578399978675,39.771642000286505],[-121.76645400015659,39.771692000249132],[-121.76771000033231,39.77171399988972],[-121.77047100020583,39.771933000291369],[-121.77142799973254,39.772032999757549],[-121.7724329998381,39.772057000187772],[-121.77320399959196,39.772031000239153],[-121.77381200003749,39.771988999982725],[-121.77414000010054,39.771841999919026],[-121.77474299962491,39.77185900001291],[-121.77524599959015,39.771637999846021],[-121.77568900017924,39.771424000108034],[-121.77619200014449,39.771241000197968],[-121.77649799956792,39.771157000076343],[-121.77666499997252,39.771005000056014],[-121.77689400030135,39.770737999780117],[-121.77741800018299,39.770684000009581],[-121.77754600022953,39.770406999970916],[-121.77760999980364,39.770069999844296],[-121.77799399994319,39.76975300013099],[-121.77835200014349,39.768396000017482],[-121.7786340001758,39.7676479998592],[-121.77880200040528,39.767450000122295],[-121.77899999987366,39.76725099998729],[-121.77939700043201,39.766969000091315],[-121.78058499993739,39.766648999706504],[-121.78065299970947,39.766630999869427],[-121.78333699959009,39.766156000089133],[-121.7838370000806,39.766037999689317],[-121.7859429996529,39.765458000109362],[-121.78676700000852,39.765305999935293],[-121.78726999997374,39.765282999770704],[-121.78769799959593,39.765267999839331],[-121.78824699959192,39.765205999674095],[-121.78887199975591,39.765115000076683],[-121.78958999980631,39.76490899967871],[-121.78998800018957,39.76458300018276],[-121.79248799994717,39.761883000119852],[-121.79273599964426,39.761612999953222],[-121.79588700040345,39.758281999980944],[-121.79928099993853,39.753958999990076],[-121.80264500023473,39.749864000317331],[-121.8028329996574,39.748064000063451],[-121.80292200024417,39.747881000229938],[-121.80384100013603,39.747491999905129],[-121.80490800016587,39.747310000051904],[-121.80553099978172,39.747265000245534],[-121.80742800001498,39.747814999853716],[-121.80802100039189,39.747724000068452],[-121.80908900024667,39.746808999813169],[-121.81074999958005,39.74587200023705],[-121.81288500036298,39.744957999713577],[-121.81398199963176,39.744912999752486],[-121.81487100028467,39.744981999911069],[-121.81567100035086,39.744799000180052],[-121.81617599996592,39.744525000096878],[-121.81667999975609,39.744136000164353],[-121.81765999974732,39.742420999700464],[-121.81792800043421,39.741001999925111],[-121.8184330000493,39.739811999805937],[-121.81893699983944,39.738989000109598],[-121.81935299976605,39.738714000167391],[-121.82012299969497,39.738691999654932],[-121.82151600013808,39.7390820001633],[-121.8221089996167,39.739105000097787],[-121.82234600034148,39.739036000271291],[-121.82255300003071,39.738869999895023],[-121.8226159997799,39.738819000036194],[-121.82276100044317,39.738702000014314],[-121.82280400010086,39.738666999786155],[-121.82318499986738,39.73836099985661],[-121.82442199977656,39.737367000332057],[-121.8248960003278,39.737160999835311],[-121.82655599983626,39.737069999795402],[-121.8268820002495,39.737002000271659],[-121.82744600031411,39.736613000009932],[-121.82907599968534,39.736408000299164],[-121.82952099992427,39.736155999957482],[-121.83005499985165,39.735629999855661],[-121.83121200029321,39.733938000065827],[-121.83180499977183,39.733594999882129],[-121.83254600028675,39.733503000342161],[-121.83367199986783,39.733755000021091],[-121.83408699996954,39.733686999990141],[-121.83453200020845,39.73343500006262],[-121.83496900005146,39.733383000006782],[-121.83536200041185,39.733336999765278],[-121.83539000000096,39.733334000183959],[-121.83645799985572,39.733207000058108],[-121.83663600013095,39.73316200002261],[-121.83758500016005,39.732429999741548],[-121.83796199972856,39.732392999804063],[-121.83828999979164,39.732361999785155],[-121.83942499959355,39.732498999963944],[-121.84047300025514,39.732140999981873],[-121.84131799962884,39.732121000120983],[-121.84163300017141,39.732066999776819],[-121.84197399975497,39.732009000102089],[-121.84297899986053,39.731837000088838],[-121.84342400009946,39.731677000333903],[-121.84457999981778,39.730579000287072],[-121.84653700032548,39.730167000246006],[-121.84724799980488,39.729527000074746],[-121.84831499983471,39.729047000192473],[-121.84840500024643,39.728959999959699],[-121.84855199966118,39.72881799979654],[-121.84858199979843,39.728543000035536],[-121.84831599965963,39.728246000166969],[-121.84831599965963,39.728131000262721],[-121.84950099969028,39.727468000179982],[-121.85014699977064,39.726862000123326],[-121.85023999965706,39.726774000171531],[-121.84906899987014,39.725729999930451],[-121.84928399995529,39.725585000105291],[-121.84951099973601,39.725432999689616],[-121.85046300013816,39.724805000292918],[-121.85104200027136,39.725630000250433],[-121.85124399993772,39.725833000064135],[-121.85134500022006,39.725933999878137],[-121.85139500044879,39.725742000269221],[-121.85152299959698,39.725689999937678],[-121.85163399992507,39.725671000019339],[-121.85184599963719,39.72563600008332],[-121.85226699958663,39.725628000075723],[-121.85277700012291,39.725628999817623],[-121.85299899988077,39.725642999657381],[-121.85327300041544,39.725682999677467],[-121.8534390000968,39.725737999926203],[-121.854711999991,39.725583999671834],[-121.8553530000485,39.725590999942099],[-121.85606100005315,39.725580000010574],[-121.85689100025655,39.725263000036868],[-121.85689999957906,39.725279999882837],[-121.85723400038823,39.725925000167464],[-121.85730700018317,39.725970999827695],[-121.85768799994966,39.726212999997784],[-121.85844000033526,39.726635000215175],[-121.85915400018769,39.726979000207123],[-121.85924000040141,39.727021000277396],[-121.85985200014662,39.727106000061582],[-121.860606000182,39.727209999931389],[-121.86088700038943,39.727244000040805],[-121.86124999971425,39.72728699966752],[-121.86256600016446,39.727325999707368],[-121.8633720000784,39.72719900025816],[-121.86335000033708,39.727056000201216],[-121.86384499990643,39.727012999739593],[-121.86455600028411,39.72671600018905],[-121.86497100038582,39.726395000296989],[-121.86523199960342,39.72594699991869],[-121.86550500031321,39.725480000113059],[-121.86597899996613,39.725136999991271],[-121.86709700004961,39.724611000099657],[-121.86718900011113,39.724548000200855],[-121.867342000272,39.724495999659773],[-121.86749600025777,39.724468999961232],[-121.86760400021281,39.724440999802134],[-121.86772800006138,39.724408999902423],[-121.86781199972695,39.724414000082056],[-121.86799400020016,39.724382000169868],[-121.86942600010299,39.72470899967432],[-121.87009800012265,39.724862999810249],[-121.87374299972791,39.724954999826004],[-121.87454299979407,39.725229000332412],[-121.87608400037516,39.725938999947175],[-121.87715100040504,39.726419000050008],[-121.87756599960841,39.726830999689902],[-121.87774399988365,39.727197000128967],[-121.87911700023525,39.727716999986427],[-121.87923600006091,39.727781999865584],[-121.88026299990781,39.727907000204951],[-121.88045999955132,39.728153999706223],[-121.88050599958207,39.72819599975157],[-121.88061600008523,39.728260000166244],[-121.88097400028555,39.728432999823973],[-121.88198100004091,39.728524999912409],[-121.88287099962045,39.728159000305126],[-121.88405599965108,39.727288999794084],[-121.88447099975278,39.727128999847018],[-121.88604099974789,39.727036999968405],[-121.88773100029191,39.726784999912567],[-121.88814600039359,39.726602000224148],[-121.88915300014898,39.7258700000679],[-121.88995300021514,39.725412000210419],[-121.89057500000609,39.725183000177211],[-121.89131599962272,39.725159999742615],[-121.8924129997898,39.725296999724605],[-121.89344999968243,39.72465699994558],[-121.89442800002382,39.72440500017305],[-121.89697600036033,39.724243999989774],[-121.89884299955803,39.723671999722846],[-121.89908000028279,39.723397000164368],[-121.8995239997985,39.722412999695798],[-121.89967199993652,39.722322000223897],[-121.90050200013989,39.722343999742783],[-121.90078199962407,39.722135999676958],[-121.90127200006884,39.721772000297669],[-121.90177599985898,39.721588999741577],[-121.90299100002686,39.721566000181035],[-121.9044720003335,39.720993000001137],[-121.90479799984841,39.720741999779356],[-121.90636899966843,39.720101000050079],[-121.90693100008323,39.719459999890567],[-121.90740499973616,39.719344999842797],[-121.90862099972891,39.719665000251119],[-121.90939099965786,39.71968799975469],[-121.91087299978939,39.719549999854216],[-121.91137599975465,39.719344000009791],[-121.91223500027036,39.718726000239421],[-121.91297599988698,39.718451000304277],[-121.91433800036792,39.717695999832308],[-121.9149009997093,39.717626999996561],[-121.91596799973918,39.717741000288818],[-121.91839800007489,39.717671999807131],[-121.91922699955508,39.717281999782536],[-121.92014600034521,39.716983999910973],[-121.92091600027418,39.716983999910973],[-121.92159800033956,39.716731999738293],[-121.92189399971724,39.716755000220026],[-121.92233899995617,39.716961000196619],[-121.92254599964539,39.717350000101469],[-121.92290200019589,39.717578999889895],[-121.92346500043557,39.717670000092603],[-121.92396900022574,39.717646999915992],[-121.92633900028699,39.717553999965041],[-121.9297460002409,39.716774999701315],[-121.93119800023521,39.716660000013434],[-121.93146400037399,39.716453999828794],[-121.93152299992524,39.716311000291462],[-121.9322040001657,39.714667999702158],[-121.93202599989046,39.713822000340251],[-121.93211399975401,39.713432999886834],[-121.93202500006556,39.713044000003833],[-121.93314899999683,39.710914999665292],[-121.93317900013403,39.710456999997504],[-121.93276300020743,39.709770999949363],[-121.93279199962143,39.708901000340525],[-121.93329499958668,39.708328999976949],[-121.93344299972469,39.707643000192704],[-121.93427299992807,39.707642000190063],[-121.93533800030812,39.706817999991365],[-121.9359009996495,39.706497000086969],[-121.93643399975196,39.706382999871359],[-121.93721600027477,39.70573799995973],[-121.93871900032273,39.705071000054978],[-121.93936100020517,39.704576999990778],[-121.93949500009947,39.70447599999968],[-121.93977799995668,39.704198999819667],[-121.9399279997445,39.704046999956923],[-121.93995700005682,39.703452000056444],[-121.93945300026665,39.702422000343823],[-121.93954100013021,39.702032999885695],[-121.94078499971206,39.701665999893265],[-121.94114000043764,39.701413999745633],[-121.94105099985084,39.700842000208418],[-121.94134700012687,39.700888000010558],[-121.94179200036579,39.701482999902233],[-121.94244500011887,39.702809999918756],[-121.94286100004548,39.703380999666471],[-121.94377999993733,39.704845000338594],[-121.94428499955239,39.705393999752985],[-121.94475999992854,39.706470000252963],[-121.94487899975421,39.707155999951553],[-121.94526500044192,39.707841999740396],[-121.94504299978574,39.708875000049936],[-121.94896199992574,39.714356000228697],[-121.95079300003674,39.719163000282641],[-121.95090799966447,39.718569999837911],[-121.9507910003869,39.716485999964917],[-121.95092899958085,39.715930999688823],[-121.95077100029542,39.715304999917194],[-121.95095100022047,39.715004000108294],[-121.95003499980338,39.714681999694179],[-121.9488909997806,39.713632999924975],[-121.94743799996137,39.711097000258277],[-121.94761299986357,39.708215000023984],[-121.94702200003476,39.706530000023285],[-121.94603500037087,39.704799999762379],[-121.94251000041619,39.700248999847872],[-121.94184300041941,39.699743999916414],[-121.94158300012842,39.698112999735066],[-121.94240199956285,39.6943060003046],[-121.94491499973924,39.690919000146081],[-121.94589200025572,39.690321999921359],[-121.94890599984923,39.689681999832246],[-121.94962899992248,39.68978799996961],[-121.95407100011919,39.688843999772971],[-121.95691900003135,39.687524999731181],[-121.95734400017878,39.686592000320843],[-121.95771800027262,39.681581999772654],[-121.95856799966916,39.67971500017326],[-121.96019799993871,39.677877000026264],[-121.96143499984788,39.677289000256224],[-121.96476499980886,39.67658100002857],[-121.96628100027563,39.67651900028023],[-121.96969400007731,39.676961000236652],[-121.9720730003594,39.676455000258599],[-121.97479400004994,39.675487000132428],[-121.97529500036535,39.674991000336966],[-121.97776900018371,39.673817000187334],[-121.97902100016148,39.673007000110616],[-121.97929200032314,39.67283200010975],[-121.97956400030971,39.672655999847414],[-121.97990599971816,39.67219400005046],[-121.98308300041657,39.670610000107608],[-121.98514499960795,39.670171999724559],[-121.98674999976315,39.670348999943741],[-121.98792300009823,39.670747999700382],[-121.9883990002993,39.670646999995427],[-121.99025200015161,39.671030999716578],[-121.99072699962944,39.670929999733893],[-121.99214900038484,39.671536000180936],[-121.99386800034289,39.67155899982393],[-121.9943429998207,39.671457999921721],[-121.99554799994284,39.670552999774472],[-121.99734800009169,39.668483000138266],[-121.99749299985665,39.667025000075682],[-121.99716200031888,39.665667999888889],[-121.99649500032207,39.663864000305608],[-121.99595499964862,39.663329999760826],[-121.99532700000988,39.662554999964499],[-121.99422300017012,39.661881999968351],[-121.99077100001037,39.660410999683613],[-121.98983100020214,39.660273000191388],[-121.98824000029063,39.660040999732487],[-121.98688299983256,39.660069999745971],[-121.98482199956777,39.660508999847266],[-121.9837319999717,39.661260000178892],[-121.98281899992763,39.662492000110355],[-121.98232299963507,39.662912000127697],[-121.98182700024084,39.663331999666966],[-121.98138600019989,39.663704999821107],[-121.97900799974269,39.664210999835831],[-121.97765000035801,39.66424000017404],[-121.97582300044496,39.663460999714417],[-121.97508699995291,39.661931000061905],[-121.97272000026469,39.660068999745725],[-121.97178399975608,39.65933199976606],[-121.9700239997902,39.657947999821566],[-121.96985700028392,39.657753999767394],[-121.96919299976187,39.656983999907851],[-121.96822899966418,39.655865000075629],[-121.96809599959479,39.65550499996597],[-121.96782899963111,39.654782000116199],[-121.9673340000618,39.654368000292713],[-121.96662299968408,39.652444000340779],[-121.96690800008942,39.650437000315918],[-121.96800500025653,39.648646000252498],[-121.96818799965629,39.648348000081505],[-121.96877799966019,39.648094000049817],[-121.9700460004298,39.647823999706496],[-121.97108599979717,39.647863999875121],[-121.97397700026535,39.648287000069182],[-121.97458599963748,39.648547999869109],[-121.97598699957818,39.648638999785049],[-121.98275899965319,39.647073000026147],[-121.985071999813,39.645931999881469],[-121.98580099973408,39.645129999760776],[-121.98639099973796,39.644873999918204],[-121.98681800043356,39.644298000092938],[-121.9870750003515,39.643951000196473],[-121.98717499991061,39.642374000046644],[-121.98807299988604,39.639718999881723],[-121.99082899973672,39.636538999734661],[-121.9907300000025,39.636148000334956],[-121.99045399981797,39.635063000032005],[-121.9909710000269,39.631840999749421],[-121.99159799984072,39.630832000070846],[-121.99236399957169,39.629599999775344],[-121.99213199976812,39.629158999687718],[-121.99064700016183,39.626318999939869],[-121.98941100007755,39.625277999799401],[-121.98833300017706,39.624209999744409],[-121.98801099996177,39.624072999782562],[-121.9867099995802,39.623517999748074],[-121.98532799990605,39.623941999918927],[-121.9844369996033,39.623612000277703],[-121.98354600019887,39.623283000287117],[-121.98265200042135,39.621787000066085],[-121.98141499961389,39.620753000081855],[-121.98002600026706,39.618842999761277],[-121.9794039995778,39.617159000226245],[-121.97955500008887,39.614791000108433],[-121.98222200025106,39.611369000311832],[-121.98512399969157,39.609971999865827],[-121.98764699991369,39.609520000219],[-121.98897099986152,39.609283000204847],[-121.98983200002704,39.608839999962328],[-121.9923229995638,39.608179999738283],[-121.99400700026005,39.606264000089176],[-121.99576700022594,39.603163999660545],[-121.99662099982048,39.600387000236687],[-121.99667600007206,39.598689000307168],[-121.99592600023462,39.595735000305325],[-121.99607099999957,39.594275999958711],[-121.99582300030245,39.59244800009305],[-121.99617700030477,39.591788999691246],[-121.99634700018409,39.589936000226203],[-121.99682800040802,39.588925000242462],[-121.99685799964695,39.587620999662654],[-121.99506199969602,39.582295000089147],[-121.99520099961319,39.581746000100601],[-121.99599800020462,39.580667999658061],[-121.99713200018165,39.580036999938322],[-121.99829000044809,39.579011999745148],[-121.99892399993458,39.578876999930841],[-121.99983500032884,39.577644999974773],[-122.00108800013152,39.576962000273781],[-122.0012689998815,39.576863000323357],[-122.00139899957783,39.576792000027062],[-122.00255799966921,39.57576700031381],[-122.00319999955161,39.574897999789854],[-122.00324300010764,39.574814999999305],[-122.00329699963599,39.573951999859432]]]},"properties":{"BASENAME":"95928","GEOID":"95928"}},{"type":"Feature","geometry":{"type":"Polygon","coordinates":[[[-121.88536000040574,39.738806999901399],[-121.88531100000192,39.738402999900295],[-121.88520100039706,39.735523000076441],[-121.88393500017558,39.73554099975393],[-121.88368400010543,39.735540000155758],[-121.88196900034535,39.735531000317472],[-121.88196799962212,39.735509999769157],[-121.88195299955352,39.734636999932079],[-121.8840420003057,39.734613999888204],[-121.88401100034356,39.73287600016986],[-121.88357899962513,39.732876999806663],[-121.88357399960223,39.732328999772001],[-121.88248700037921,39.732338999673019],[-121.88248300018127,39.731435999656597],[-121.88197099999518,39.731441999675098],[-121.8819650001474,39.731083000067628],[-121.8819650001474,39.731052000150477],[-121.88196400032248,39.731011000127218],[-121.88185600036745,39.731009999772489],[-121.88179400044316,39.731009999772489],[-121.88176400030595,39.731009999772489],[-121.88171499990216,39.729942999894689],[-121.8817180002752,39.729357999841021],[-121.88170900005436,39.728885000099687],[-121.88128800010486,39.728737999916362],[-121.88106700017195,39.728744000169684],[-121.88094099977525,39.72867800011808],[-121.88082899962225,39.728556000274999],[-121.88068600040542,39.728337000111438],[-121.88041299969566,39.728162999816782],[-121.88004100014997,39.728173000322059],[-121.87961900037558,39.728235999672272],[-121.87934800021392,39.727988000066205],[-121.87900699973208,39.727697999935764],[-121.87897999996788,39.727704999991396],[-121.87870399978338,39.727776000219436],[-121.87849999956889,39.727807999938221],[-121.87817200040413,39.727783000267159],[-121.87793100037972,39.727582999808334],[-121.87776599962494,39.727439999856948],[-121.87749600018653,39.72689700012787],[-121.87706799966602,39.726562000046343],[-121.87671899968657,39.726521000116392],[-121.87605099986487,39.726319999719365],[-121.87531299972301,39.725952999723994],[-121.87437200008985,39.725547000205516],[-121.87373000020744,39.725117000171245],[-121.87302800005057,39.725208999848142],[-121.87271199968305,39.725170999741145],[-121.8724320001989,39.725131000114963],[-121.87224399987791,39.725147999993474],[-121.87149300021554,39.725235000200193],[-121.8707359998071,39.724988999665612],[-121.86945799989005,39.725006000270071],[-121.86883600009911,39.72502000023632],[-121.86858800040201,39.725009000213703],[-121.8681239998965,39.724797000188914],[-121.86771600036579,39.724434999865252],[-121.86760599986265,39.724465999994109],[-121.86718400008826,39.724582999998226],[-121.86682199969002,39.724990000107702],[-121.86566699979659,39.725485000214981],[-121.86542900014523,39.725698999678961],[-121.86542599977217,39.725880000214865],[-121.865258000441,39.726130999698377],[-121.86506599992204,39.726455000009402],[-121.86492000033219,39.726759999870502],[-121.86463699957667,39.726902000127083],[-121.86389599996004,39.727103999929689],[-121.8633720000784,39.72719900025816],[-121.86256600016446,39.727325999707368],[-121.86124999971425,39.72728699966752],[-121.86088700038943,39.727244000040805],[-121.860606000182,39.727209999931389],[-121.85985200014662,39.727106000061582],[-121.85924000040141,39.727021000277396],[-121.85915400018769,39.726979000207123],[-121.85844000033526,39.726635000215175],[-121.85768799994966,39.726212999997784],[-121.85730700018317,39.725970999827695],[-121.85723400038823,39.725925000167464],[-121.85689999957906,39.725279999882837],[-121.85689100025655,39.725263000036868],[-121.85606100005315,39.725580000010574],[-121.8553530000485,39.725590999942099],[-121.854711999991,39.725583999671834],[-121.8534390000968,39.725737999926203],[-121.85327300041544,39.725682999677467],[-121.85299899988077,39.725642999657381],[-121.85277700012291,39.725628999817623],[-121.85226699958663,39.725628000075723],[-121.85184599963719,39.72563600008332],[-121.85163399992507,39.725671000019339],[-121.85152299959698,39.725689999937678],[-121.85139500044879,39.725742000269221],[-121.85134500022006,39.725933999878137],[-121.85124399993772,39.725833000064135],[-121.85107800025639,39.725988999926649],[-121.85054000013103,39.726493000099666],[-121.85023999965706,39.726774000171531],[-121.85014699977064,39.726862000123326],[-121.84950099969028,39.727468000179982],[-121.84831599965963,39.728131000262721],[-121.84831599965963,39.728246000166969],[-121.84858199979843,39.728543000035536],[-121.84855199966118,39.72881799979654],[-121.84840500024643,39.728959999959699],[-121.84831499983471,39.729047000192473],[-121.84724799980488,39.729527000074746],[-121.84653700032548,39.730167000246006],[-121.84457999981778,39.730579000287072],[-121.84342400009946,39.731677000333903],[-121.84297899986053,39.731837000088838],[-121.84197399975497,39.732009000102089],[-121.84163300017141,39.732066999776819],[-121.84131799962884,39.732121000120983],[-121.84047300025514,39.732140999981873],[-121.83942499959355,39.732498999963944],[-121.83828999979164,39.732361999785155],[-121.83796199972856,39.732392999804063],[-121.83758500016005,39.732429999741548],[-121.83663600013095,39.73316200002261],[-121.83645799985572,39.733207000058108],[-121.83539000000096,39.733334000183959],[-121.83536200041185,39.733336999765278],[-121.83496900005146,39.733383000006782],[-121.83453200020845,39.73343500006262],[-121.83408699996954,39.733686999990141],[-121.83367199986783,39.733755000021091],[-121.83254600028675,39.733503000342161],[-121.83180499977183,39.733594999882129],[-121.83121200029321,39.733938000065827],[-121.83005499985165,39.735629999855661],[-121.82952099992427,39.736155999957482],[-121.82907599968534,39.736408000299164],[-121.82744600031411,39.736613000009932],[-121.8268820002495,39.737002000271659],[-121.82655599983626,39.737069999795402],[-121.8248960003278,39.737160999835311],[-121.82442199977656,39.737367000332057],[-121.82318499986738,39.73836099985661],[-121.82280400010086,39.738666999786155],[-121.82276100044317,39.738702000014314],[-121.8226159997799,39.738819000036194],[-121.82255300003071,39.738869999895023],[-121.82234600034148,39.739036000271291],[-121.8221089996167,39.739105000097787],[-121.82151600013808,39.7390820001633],[-121.82012299969497,39.738691999654932],[-121.81935299976605,39.738714000167391],[-121.81893699983944,39.738989000109598],[-121.8184330000493,39.739811999805937],[-121.81792800043421,39.741001999925111],[-121.81765999974732,39.742420999700464],[-121.81667999975609,39.744136000164353],[-121.81617599996592,39.744525000096878],[-121.81567100035086,39.744799000180052],[-121.81487100028467,39.744981999911069],[-121.81398199963176,39.744912999752486],[-121.81288500036298,39.744957999713577],[-121.81074999958005,39.74587200023705],[-121.80908900024667,39.746808999813169],[-121.80802100039189,39.747724000068452],[-121.80742800001498,39.747814999853716],[-121.80553099978172,39.747265000245534],[-121.80490800016587,39.747310000051904],[-121.80384100013603,39.747491999905129],[-121.80292200024417,39.747881000229938],[-121.8028329996574,39.748064000063451],[-121.80264500023473,39.749864000317331],[-121.79928099993853,39.753958999990076],[-121.79588700040345,39.758281999980944],[-121.79273599964426,39.761612999953222],[-121.79248799994717,39.761883000119852],[-121.79458799967169,39.762283000262208],[-121.79687099969431,39.761988999803791],[-121.80212999967561,39.763604000148391],[-121.80232800004234,39.763805000223826],[-121.80243400034756,39.763747000330973],[-121.80318699965974,39.763325000163682],[-121.80404299980239,39.762715000236881],[-121.8048749996556,39.762489000230104],[-121.80522299981016,39.762394000207507],[-121.80546200018475,39.76233300011662],[-121.80658100009315,39.761814000316079],[-121.80673699972877,39.761802000042898],[-121.80762499965846,39.761732000249197],[-121.80842999974752,39.761724000287963],[-121.8087529997877,39.761693000343143],[-121.80885099969697,39.761656000234758],[-121.80928599989016,39.761489999802556],[-121.80940499971585,39.761445000282045],[-121.80958800001395,39.761375000125454],[-121.8096609998089,39.761366000208668],[-121.80990600003126,39.761337999846191],[-121.80997299997843,39.761329999839191],[-121.81051000027885,39.761265999749767],[-121.81062499990658,39.761263999918654],[-121.81110799978035,39.761255999903057],[-121.81110500030562,39.761720999870718],[-121.81167799969273,39.761719000052814],[-121.81168100006579,39.762153999821003],[-121.81285500022577,39.762150000210298],[-121.8128579997005,39.762582000328791],[-121.81403199986048,39.7625770001559],[-121.81402500018777,39.761635999962643],[-121.81521199986823,39.761621999837722],[-121.81532400002123,39.761617000285675],[-121.81533200041716,39.762088999903305],[-121.81641699999037,39.762079000176108],[-121.81643200005897,39.762984000335216],[-121.81761500043977,39.762985000225811],[-121.81759699999812,39.762400000292786],[-121.81757699990663,39.761749000077401],[-121.81796799971887,39.761740000209493],[-121.81803700021415,39.761719000052814],[-121.81816500026068,39.761681000048888],[-121.81851400024014,39.761663000294121],[-121.81853000013365,39.762059000026802],[-121.81876399958709,39.762053999815919],[-121.81876100011233,39.761878999802853],[-121.81995000034094,39.761860000192925],[-121.81991099998288,39.761166999753264],[-121.82131100009867,39.761147000029624],[-121.82326699988316,39.761120000186345],[-121.82460099987669,39.761102000284943],[-121.82460199970161,39.761310000162958],[-121.82460400024975,39.761642000113959],[-121.82483799970316,39.761643000024037],[-121.82696300044034,39.761627000079962],[-121.82697299958777,39.76233300011662],[-121.82799699995992,39.762319000133409],[-121.82797900041658,39.761777000272758],[-121.82921399977761,39.761755000218876],[-121.8294380000836,39.76181199981032],[-121.83039499961028,39.761809000087418],[-121.83040999967891,39.762828999854904],[-121.83122300016386,39.762821999914131],[-121.83123800023247,39.762111999753699],[-121.831690999969,39.76209200030452],[-121.83168299957309,39.761486000153276],[-121.83308799971174,39.761474999735455],[-121.83392399976293,39.761467999656979],[-121.83392999961069,39.761906999945339],[-121.83402599987018,39.761904000226572],[-121.83637300036521,39.761874000269458],[-121.83639500010653,39.76276599967138],[-121.8379850001931,39.762743000039386],[-121.8381540002475,39.762680999672178],[-121.83812199956213,39.761381000299458],[-121.83826399985236,39.761378999781179],[-121.83825499963153,39.761021999898979],[-121.83824700013393,39.760945999791524],[-121.83870599971823,39.760942000110646],[-121.83873199965751,39.76253499965604],[-121.83935599999658,39.762529000273091],[-121.83935799964638,39.762735000195605],[-121.84112299963516,39.762704000015383],[-121.84106999993172,39.761794999997669],[-121.84149300042935,39.761789999767679],[-121.84149699972899,39.762052999911816],[-121.84236499956721,39.762044000083634],[-121.84233299978017,39.761385999868686],[-121.84347299960494,39.761363999689898],[-121.84349400041965,39.762336999716709],[-121.84494300004091,39.76233300011662],[-121.84515300010322,39.761950999948901],[-121.84583900036657,39.761317000257435],[-121.84859400039231,39.761302000152703],[-121.84901799981652,39.761309000247991],[-121.8491490002361,39.760926999924173],[-121.84945300000969,39.761008000339793],[-121.84961600021634,39.761052000227266],[-121.84969099966105,39.761069000223344],[-121.84983700014925,39.761103000202858],[-121.85037699992442,39.76122800018647],[-121.85029999993152,39.76140700012693],[-121.85025300007585,39.761516000279421],[-121.85075500021621,39.761650000084714],[-121.85080500044492,39.761760999669264],[-121.8521419999132,39.762057000218711],[-121.85270799962764,39.76205999993082],[-121.85314199999591,39.762000000139508],[-121.85307699969856,39.761935999982221],[-121.85302099962206,39.761778000180868],[-121.85296500044387,39.761620000016954],[-121.85339100041625,39.761442999765578],[-121.85382599971109,39.761262000087491],[-121.85390000022926,39.761355999685904],[-121.85394999955967,39.761434999770778],[-121.85414899975127,39.761613999863712],[-121.85508699990972,39.761046999943268],[-121.85497499975673,39.760553000341751],[-121.85548600011789,39.76024499968856],[-121.85560199957054,39.760174999693298],[-121.85567600008871,39.760128000139922],[-121.85604299961149,39.759898000188045],[-121.85608100014466,39.759875000288716],[-121.85711999968707,39.759252000213792],[-121.85732700027464,39.759113000151935],[-121.85855999998586,39.758412999993048],[-121.86133000008019,39.756745999758728],[-121.86186999985536,39.756445999919542],[-121.86257299983716,39.757282999985414],[-121.86297899971802,39.75703199999549],[-121.86343200035287,39.757557999711089],[-121.86489900041579,39.756710999718223],[-121.86481599967679,39.756616999994947],[-121.86588400042987,39.755887000216298],[-121.86604000006548,39.755994000143652],[-121.866497,39.755731000340603],[-121.87020299970463,39.753572000198837],[-121.87013499993257,39.753512999946814],[-121.86933800023947,39.752734999927306],[-121.87018199978823,39.752326999907552],[-121.87011900003904,39.75226499983183],[-121.86969300006668,39.751796000035874],[-121.87076699976922,39.75111900016973],[-121.87107399991591,39.750928000329353],[-121.87146599955307,39.750702000318775],[-121.87180399966188,39.750517999823721],[-121.8723329995664,39.750209999877079],[-121.87303600044646,39.749772999785222],[-121.87489099994863,39.748654000013481],[-121.87511699990444,39.74850400024765],[-121.87543099972378,39.748330999854311],[-121.87613200005575,39.747982000201908],[-121.87654700015746,39.747700000135431],[-121.87696100043422,39.747386000011147],[-121.87707299968889,39.747467999891299],[-121.87688799974099,39.747600999977962],[-121.87683500003753,39.747639000152901],[-121.87688600009118,39.747689999700427],[-121.87712200009271,39.747925000215453],[-121.87894800018084,39.746778000061965],[-121.8785010002921,39.746345000140735],[-121.87987899976825,39.745527999900133],[-121.88075199962937,39.74499499981308],[-121.88131900006702,39.744619999901211],[-121.88175000006224,39.74415499982851],[-121.88185399981933,39.743921999913177],[-121.88203200009454,39.743743000118954],[-121.88229700040843,39.743368000300634],[-121.88322299997294,39.742068999921841],[-121.88185399981933,39.741500000335257],[-121.88176500013087,39.741462999740563],[-121.88188999980433,39.741417000056309],[-121.88196099994943,39.741313000206475],[-121.88217400038479,39.741192000137247],[-121.88235000011188,39.741229000186692],[-121.88243499960237,39.741246999755475],[-121.88259799980901,39.741223999845097],[-121.88284200020645,39.741150999928536],[-121.88311699966775,39.741083000286793],[-121.88315799967565,39.740997999776873],[-121.8831059997971,39.740766999974213],[-121.88323499966853,39.74056500014315],[-121.88326499980575,39.740143000233722],[-121.88328499989724,39.739881000237055],[-121.88328499989724,39.739859000097084],[-121.88374900040273,39.738983000057281],[-121.88536000040574,39.738806999901399]]]},"properties":{"BASENAME":"95926","GEOID":"95926"}},{"type":"Feature","geometry":{"type":"Polygon","coordinates":[[[-121.85107800025639,39.725988999926649],[-121.85124399993772,39.725833000064135],[-121.85104200027136,39.725630000250433],[-121.85046300013816,39.724805000292918],[-121.84951099973601,39.725432999689616],[-121.84928399995529,39.725585000105291],[-121.84906899987014,39.725729999930451],[-121.85023999965706,39.726774000171531],[-121.85054000013103,39.726493000099666],[-121.85107800025639,39.725988999926649]]]},"properties":{"BASENAME":"95929","GEOID":"95929"}},{"type":"Feature","geometry":{"type":"Polygon","coordinates":[[[-122.06943099959898,39.840529999785261],[-122.06885800021183,39.839291999702631],[-122.06868499995947,39.839063999821136],[-122.0682790000786,39.838430999685308],[-122.06768499987676,39.837569999909775],[-122.06736100001166,39.837174000193613],[-122.06518000009629,39.834360000213529],[-122.06460699981086,39.833696999804275],[-122.06449899985583,39.833583999882748],[-122.06322000011386,39.832173000062518],[-122.06180699957929,39.831264000251771],[-122.05974200001485,39.830329999750418],[-122.05730800037948,39.828709000340773],[-122.05683600037636,39.827664000250678],[-122.05666499977383,39.827303000025054],[-122.05654699977306,39.825753000202774],[-122.05736799975561,39.824260000208369],[-122.05790500005605,39.822906000025874],[-122.05791500010179,39.8228370000027],[-122.0585000000828,39.821664999774903],[-122.05877600026733,39.820480999865588],[-122.05911100000309,39.819111999809842],[-122.05992699996278,39.817753999785062],[-122.06132799990345,39.816416999868466],[-122.06180800030249,39.816135999785729],[-122.06286100008865,39.815520999667129],[-122.06457099982586,39.814600000302271],[-122.0652579999141,39.813689000146788],[-122.06532599968617,39.812604000123265],[-122.06485100020832,39.81153199998483],[-122.06392999976833,39.810633999810719],[-122.06263599995776,39.809905999924389],[-122.06209899965734,39.809604000097742],[-122.06169699997443,39.809304000140024],[-122.06089600008332,39.808708000103216],[-122.05914199996522,39.807224999744562],[-122.05716000024147,39.805856999912407],[-122.05427499962107,39.804148000301552],[-122.05184500018369,39.803534999879176],[-122.04995399979821,39.803321999950384],[-122.04935799994654,39.802503000075497],[-122.0484959999561,39.800576000297674],[-122.04737500039789,39.798838000209344],[-122.04647099967633,39.797648000021965],[-122.04559000031763,39.796670000342303],[-122.04345600025792,39.794917999985621],[-122.04177599975964,39.793550999781502],[-122.04012600029694,39.792747999804298],[-122.03883300031127,39.792855999881802],[-122.03820099957628,39.79324100015252],[-122.03779800006845,39.793469999694864],[-122.03679600033594,39.794139999851929],[-122.03595699991169,39.795318000046358],[-122.03594600004105,39.796003999697277],[-122.03642200024211,39.796500999860683],[-122.03678600029018,39.797248999791286],[-122.03671199977204,39.797543000113045],[-122.03659700014428,39.7979779998753],[-122.03581999964436,39.798451000078529],[-122.0336200003607,39.79938799992091],[-122.0331490001825,39.799531000298707],[-122.03140799958489,39.800042999768074],[-122.02941199961742,39.800421000270532],[-122.02791100011763,39.800423999691105],[-122.02649799958306,39.800137000240497],[-122.02527999994047,39.799457000019636],[-122.02418199994847,39.798511999910204],[-122.02382799994612,39.797673999954917],[-122.02398600012987,39.796307000000638],[-122.02429400010145,39.795100000322371],[-122.02468699956353,39.793213999782502],[-122.02492400028828,39.791611999811671],[-122.02497899964158,39.791211000116206],[-122.02513099997753,39.790242999800022],[-122.02559399975981,39.788148000173443],[-122.02646800034412,39.786330999697036],[-122.02756700016103,39.785013999993232],[-122.02866299960489,39.784147999823816],[-122.02983699976485,39.783032000300786],[-122.03028899967649,39.782514999738929],[-122.0306340003563,39.782098999768678],[-122.0308739996575,39.781713999963344],[-122.03098199961254,39.781526000310301],[-122.03125600014721,39.781154000041333],[-122.03145500033887,39.780443999777042],[-122.03156900014169,39.780376999901833],[-122.03237500005564,39.780171000299326],[-122.03263500034663,39.779386000126543],[-122.03241699988843,39.7787250002851],[-122.03150300001944,39.77758600029366],[-122.03079300036497,39.776864999778553],[-122.0302469998437,39.775947999934665],[-122.02999999997149,39.775483000084051],[-122.02972200013713,39.774959000024381],[-122.02730500022021,39.771610999973838],[-122.02591900034811,39.770337999733052],[-122.02456000024023,39.767942000322158],[-122.02325499966067,39.766787999747777],[-122.02275400024357,39.766385000012875],[-122.02156400019007,39.765395000259652],[-122.02020300043236,39.764409000252151],[-122.01827799971169,39.762572999879261],[-122.01660399995951,39.761423000122107],[-122.01519399979799,39.760815999685875],[-122.01343399983207,39.760423000184772],[-122.01123000035049,39.75992399988484],[-122.00873800009049,39.759232999879131],[-122.00109099960625,39.754556999972792],[-121.99897499998821,39.752872999701864],[-121.99856300025957,39.75264699985658],[-121.99811399982266,39.752402999857374],[-121.99673899982125,39.751055000260529],[-121.99671100023217,39.751030000042427],[-121.99637899997111,39.75073900009621],[-121.99598800015887,39.75041099967769],[-121.9951639998033,39.749881999702517],[-121.99289599984927,39.747406000277302],[-121.98922600012965,39.743617000004306],[-121.98746299979068,39.741206999786293],[-121.98732100039878,39.741013000158908],[-121.98638499989018,39.739563000168474],[-121.98603599991071,39.739021999697343],[-121.98568600010637,39.738480999814861],[-121.98532200005829,39.737933000123071],[-121.98511799984379,39.737760000128524],[-121.98384599977452,39.735412999949489],[-121.98335299985501,39.734965999750194],[-121.98217600022029,39.733901999868927],[-121.97980699998394,39.732948000234863],[-121.97856800042496,39.732821000088691],[-121.97706000035413,39.732844999677312],[-121.97519400008302,39.732050000222642],[-121.97445699976605,39.731948999696385],[-121.97241300011802,39.731581999958259],[-121.97067599971835,39.732113999822893],[-121.97038500036351,39.732234000294895],[-121.96972400021454,39.733122000196751],[-121.96929999989202,39.733839000169894],[-121.96916599999771,39.734381000182076],[-121.96928499982339,39.735098000184827],[-121.96976600004734,39.736571000256987],[-121.97008800026259,39.737881000006645],[-121.96936000016646,39.739322999666399],[-121.96936299964121,39.739438999783182],[-121.9692220000742,39.739594999942007],[-121.96891699957736,39.73974499976169],[-121.96861299980372,39.739896000171498],[-121.96706700009808,39.740658000142354],[-121.96551999966918,39.741421000180218],[-121.9654279996077,39.741466999861807],[-121.96478400007545,39.741626000176467],[-121.96458300023401,39.741675999830328],[-121.96453600037833,39.741658999883029],[-121.96434399985941,39.741592000252965],[-121.96379599968832,39.741398000327905],[-121.96314999960794,39.740713000186766],[-121.96158200016097,39.738528000322944],[-121.96047199957511,39.736395999744573],[-121.96051799960587,39.735999000021643],[-121.96056600018474,39.735514999834521],[-121.96044499981095,39.735147999739205],[-121.96016799980148,39.734161000252556],[-121.96060899984246,39.733212999922465],[-121.9606530002234,39.732576000010482],[-121.96123200035663,39.730752000343323],[-121.96324099984454,39.728986000278965],[-121.96345099990683,39.728851000108648],[-121.96398099963626,39.72865900033225],[-121.9643580001031,39.728662000117005],[-121.96499599978756,39.728390999923015],[-121.96598099980167,39.727280000260293],[-121.96678199969273,39.725993999991708],[-121.96712700037254,39.725287000183954],[-121.96744299984172,39.724642999905569],[-121.96791999986768,39.723317000212525],[-121.96786799998917,39.722397000313656],[-121.96785999959324,39.722283999907738],[-121.96784500042295,39.721980999874347],[-121.96700099997585,39.720796000011575],[-121.96580400024965,39.719693000276656],[-121.96403400023803,39.718626000075801],[-121.96252399961905,39.717741000288818],[-121.9611610002115,39.7177620000312],[-121.95956000025426,39.718188000235052],[-121.95723899969848,39.719088000130512],[-121.95559300043372,39.720774999811127],[-121.95549499962611,39.723225999860809],[-121.95504199988957,39.723995999843076],[-121.95498499998818,39.725092999964978],[-121.95482400032969,39.725601999871863],[-121.95463799965853,39.726100000318098],[-121.9545020001144,39.726444000215714],[-121.95436700039519,39.72678799977885],[-121.95420300036365,39.727204000235474],[-121.9540379996089,39.727620999967804],[-121.95347100006957,39.729228999919364],[-121.95321499997652,39.729977999716908],[-121.95240700041276,39.731819999787085],[-121.95134200003272,39.732762999666669],[-121.9501140003444,39.732967999855809],[-121.9498680002971,39.7330010002539],[-121.94961999970165,39.732963999932061],[-121.94867099967259,39.732500999939361],[-121.94828499988319,39.732215999753834],[-121.94726700025714,39.731201999909906],[-121.94693699964594,39.730653000016851],[-121.94668099955291,39.729581000335948],[-121.94657500014604,39.72867300024766],[-121.94658500019175,39.726779000179661],[-121.94653199959001,39.72630399986199],[-121.94661500032899,39.7258930002656],[-121.94681000032266,39.724934000201223],[-121.94833599993683,39.723203999932366],[-121.94961100037915,39.721049000344401],[-121.95041100044531,39.719863999667666],[-121.95076500044766,39.71933999998658],[-121.95079300003674,39.719163000282641],[-121.94896199992574,39.714356000228697],[-121.94504299978574,39.708875000049936],[-121.94526500044192,39.707841999740396],[-121.94487899975421,39.707155999951553],[-121.94475999992854,39.706470000252963],[-121.94428499955239,39.705393999752985],[-121.94377999993733,39.704845000338594],[-121.94286100004548,39.703380999666471],[-121.94244500011887,39.702809999918756],[-121.94179200036579,39.701482999902233],[-121.94134700012687,39.700888000010558],[-121.94105099985084,39.700842000208418],[-121.94114000043764,39.701413999745633],[-121.94078499971206,39.701665999893265],[-121.93954100013021,39.702032999885695],[-121.93945300026665,39.702422000343823],[-121.93995700005682,39.703452000056444],[-121.9399279997445,39.704046999956923],[-121.93977799995668,39.704198999819667],[-121.93949500009947,39.70447599999968],[-121.93936100020517,39.704576999990778],[-121.93871900032273,39.705071000054978],[-121.93721600027477,39.70573799995973],[-121.93643399975196,39.706382999871359],[-121.9359009996495,39.706497000086969],[-121.93533800030812,39.706817999991365],[-121.93427299992807,39.707642000190063],[-121.93344299972469,39.707643000192704],[-121.93329499958668,39.708328999976949],[-121.93279199962143,39.708901000340525],[-121.93276300020743,39.709770999949363],[-121.93317900013403,39.710456999997504],[-121.93314899999683,39.710914999665292],[-121.93202500006556,39.713044000003833],[-121.93211399975401,39.713432999886834],[-121.93202599989046,39.713822000340251],[-121.9322040001657,39.714667999702158],[-121.93152299992524,39.716311000291462],[-121.93146400037399,39.716453999828794],[-121.93119800023521,39.716660000013434],[-121.9297460002409,39.716774999701315],[-121.92633900028699,39.717553999965041],[-121.92396900022574,39.717646999915992],[-121.92346500043557,39.717670000092603],[-121.92290200019589,39.717578999889895],[-121.92254599964539,39.717350000101469],[-121.92233899995617,39.716961000196619],[-121.92189399971724,39.716755000220026],[-121.92159800033956,39.716731999738293],[-121.92091600027418,39.716983999910973],[-121.92014600034521,39.716983999910973],[-121.91922699955508,39.717281999782536],[-121.91839800007489,39.717671999807131],[-121.91596799973918,39.717741000288818],[-121.9149009997093,39.717626999996561],[-121.91433800036792,39.717695999832308],[-121.91297599988698,39.718451000304277],[-121.91223500027036,39.718726000239421],[-121.91137599975465,39.719344000009791],[-121.91087299978939,39.719549999854216],[-121.90939099965786,39.71968799975469],[-121.90862099972891,39.719665000251119],[-121.90740499973616,39.719344999842797],[-121.90693100008323,39.719459999890567],[-121.90636899966843,39.720101000050079],[-121.90479799984841,39.720741999779356],[-121.9044720003335,39.720993000001137],[-121.90299100002686,39.721566000181035],[-121.90177599985898,39.721588999741577],[-121.90127200006884,39.721772000297669],[-121.90078199962407,39.722135999676958],[-121.90050200013989,39.722343999742783],[-121.89967199993652,39.722322000223897],[-121.8995239997985,39.722412999695798],[-121.89908000028279,39.723397000164368],[-121.89884299955803,39.723671999722846],[-121.89697600036033,39.724243999989774],[-121.89442800002382,39.72440500017305],[-121.89344999968243,39.72465699994558],[-121.8924129997898,39.725296999724605],[-121.89131599962272,39.725159999742615],[-121.89057500000609,39.725183000177211],[-121.88995300021514,39.725412000210419],[-121.88915300014898,39.7258700000679],[-121.88814600039359,39.726602000224148],[-121.88773100029191,39.726784999912567],[-121.88604099974789,39.727036999968405],[-121.88447099975278,39.727128999847018],[-121.88405599965108,39.727288999794084],[-121.88287099962045,39.728159000305126],[-121.88198100004091,39.728524999912409],[-121.88097400028555,39.728432999823973],[-121.88061600008523,39.728260000166244],[-121.88050599958207,39.72819599975157],[-121.88045999955132,39.728153999706223],[-121.88026299990781,39.727907000204951],[-121.87923600006091,39.727781999865584],[-121.87911700023525,39.727716999986427],[-121.87774399988365,39.727197000128967],[-121.87756599960841,39.726830999689902],[-121.87715100040504,39.726419000050008],[-121.87608400037516,39.725938999947175],[-121.87454299979407,39.725229000332412],[-121.87374299972791,39.724954999826004],[-121.87009800012265,39.724862999810249],[-121.86942600010299,39.72470899967432],[-121.86799400020016,39.724382000169868],[-121.86781199972695,39.724414000082056],[-121.86772800006138,39.724408999902423],[-121.86760400021281,39.724440999802134],[-121.86749600025777,39.724468999961232],[-121.867342000272,39.724495999659773],[-121.86718900011113,39.724548000200855],[-121.86709700004961,39.724611000099657],[-121.86597899996613,39.725136999991271],[-121.86550500031321,39.725480000113059],[-121.86523199960342,39.72594699991869],[-121.86497100038582,39.726395000296989],[-121.86455600028411,39.72671600018905],[-121.86384499990643,39.727012999739593],[-121.86335000033708,39.727056000201216],[-121.8633720000784,39.72719900025816],[-121.86389599996004,39.727103999929689],[-121.86463699957667,39.726902000127083],[-121.86492000033219,39.726759999870502],[-121.86506599992204,39.726455000009402],[-121.865258000441,39.726130999698377],[-121.86542599977217,39.725880000214865],[-121.86542900014523,39.725698999678961],[-121.86566699979659,39.725485000214981],[-121.86682199969002,39.724990000107702],[-121.86718400008826,39.724582999998226],[-121.86760599986265,39.724465999994109],[-121.86771600036579,39.724434999865252],[-121.8681239998965,39.724797000188914],[-121.86858800040201,39.725009000213703],[-121.86883600009911,39.72502000023632],[-121.86945799989005,39.725006000270071],[-121.8707359998071,39.724988999665612],[-121.87149300021554,39.725235000200193],[-121.87224399987791,39.725147999993474],[-121.8724320001989,39.725131000114963],[-121.87271199968305,39.725170999741145],[-121.87302800005057,39.725208999848142],[-121.87373000020744,39.725117000171245],[-121.87437200008985,39.725547000205516],[-121.87531299972301,39.725952999723994],[-121.87605099986487,39.726319999719365],[-121.87671899968657,39.726521000116392],[-121.87706799966602,39.726562000046343],[-121.87749600018653,39.72689700012787],[-121.87776599962494,39.727439999856948],[-121.87793100037972,39.727582999808334],[-121.87817200040413,39.727783000267159],[-121.87849999956889,39.727807999938221],[-121.87870399978338,39.727776000219436],[-121.87897999996788,39.727704999991396],[-121.87900699973208,39.727697999935764],[-121.87934800021392,39.727988000066205],[-121.87961900037558,39.728235999672272],[-121.88004100014997,39.728173000322059],[-121.88041299969566,39.728162999816782],[-121.88068600040542,39.728337000111438],[-121.88082899962225,39.728556000274999],[-121.88094099977525,39.72867800011808],[-121.88106700017195,39.728744000169684],[-121.88128800010486,39.728737999916362],[-121.88170900005436,39.728885000099687],[-121.8817180002752,39.729357999841021],[-121.88171499990216,39.729942999894689],[-121.88176400030595,39.731009999772489],[-121.88179400044316,39.731009999772489],[-121.88185600036745,39.731009999772489],[-121.88196400032248,39.731011000127218],[-121.8819650001474,39.731052000150477],[-121.8819650001474,39.731083000067628],[-121.88197099999518,39.731441999675098],[-121.88248300018127,39.731435999656597],[-121.88248700037921,39.732338999673019],[-121.88357399960223,39.732328999772001],[-121.88357899962513,39.732876999806663],[-121.88401100034356,39.73287600016986],[-121.8840420003057,39.734613999888204],[-121.88195299955352,39.734636999932079],[-121.88196799962212,39.735509999769157],[-121.88196900034535,39.735531000317472],[-121.88368400010543,39.735540000155758],[-121.88393500017558,39.73554099975393],[-121.88520100039706,39.735523000076441],[-121.88531100000192,39.738402999900295],[-121.88536000040574,39.738806999901399],[-121.88374900040273,39.738983000057281],[-121.88328499989724,39.739859000097084],[-121.88328499989724,39.739881000237055],[-121.88326499980575,39.740143000233722],[-121.88323499966853,39.74056500014315],[-121.8831059997971,39.740766999974213],[-121.88315799967565,39.740997999776873],[-121.88311699966775,39.741083000286793],[-121.88284200020645,39.741150999928536],[-121.88259799980901,39.741223999845097],[-121.88243499960237,39.741246999755475],[-121.88235000011188,39.741229000186692],[-121.88217400038479,39.741192000137247],[-121.88196099994943,39.741313000206475],[-121.88188999980433,39.741417000056309],[-121.88176500013087,39.741462999740563],[-121.88185399981933,39.741500000335257],[-121.88322299997294,39.742068999921841],[-121.88229700040843,39.743368000300634],[-121.88203200009454,39.743743000118954],[-121.88185399981933,39.743921999913177],[-121.88175000006224,39.74415499982851],[-121.88131900006702,39.744619999901211],[-121.88075199962937,39.74499499981308],[-121.87987899976825,39.745527999900133],[-121.8785010002921,39.746345000140735],[-121.87894800018084,39.746778000061965],[-121.87712200009271,39.747925000215453],[-121.87688600009118,39.747689999700427],[-121.87683500003753,39.747639000152901],[-121.87688799974099,39.747600999977962],[-121.87707299968889,39.747467999891299],[-121.87696100043422,39.747386000011147],[-121.87654700015746,39.747700000135431],[-121.87613200005575,39.747982000201908],[-121.87543099972378,39.748330999854311],[-121.87511699990444,39.74850400024765],[-121.87489099994863,39.748654000013481],[-121.87303600044646,39.749772999785222],[-121.8723329995664,39.750209999877079],[-121.87180399966188,39.750517999823721],[-121.87146599955307,39.750702000318775],[-121.87107399991591,39.750928000329353],[-121.87076699976922,39.75111900016973],[-121.86969300006668,39.751796000035874],[-121.87011900003904,39.75226499983183],[-121.87018199978823,39.752326999907552],[-121.86933800023947,39.752734999927306],[-121.87013499993257,39.753512999946814],[-121.87020299970463,39.753572000198837],[-121.866497,39.755731000340603],[-121.86604000006548,39.755994000143652],[-121.86588400042987,39.755887000216298],[-121.86481599967679,39.756616999994947],[-121.86489900041579,39.756710999718223],[-121.86343200035287,39.757557999711089],[-121.86297899971802,39.75703199999549],[-121.86257299983716,39.757282999985414],[-121.86186999985536,39.756445999919542],[-121.86133000008019,39.756745999758728],[-121.85855999998586,39.758412999993048],[-121.85732700027464,39.759113000151935],[-121.85711999968707,39.759252000213792],[-121.85608100014466,39.759875000288716],[-121.85604299961149,39.759898000188045],[-121.85567600008871,39.760128000139922],[-121.85560199957054,39.760174999693298],[-121.85548600011789,39.76024499968856],[-121.85497499975673,39.760553000341751],[-121.85508699990972,39.761046999943268],[-121.85414899975127,39.761613999863712],[-121.85394999955967,39.761434999770778],[-121.85390000022926,39.761355999685904],[-121.85382599971109,39.761262000087491],[-121.85339100041625,39.761442999765578],[-121.85296500044387,39.761620000016954],[-121.85302099962206,39.761778000180868],[-121.85307699969856,39.761935999982221],[-121.85314199999591,39.762000000139508],[-121.85270799962764,39.76205999993082],[-121.8521419999132,39.762057000218711],[-121.85080500044492,39.761760999669264],[-121.85075500021621,39.761650000084714],[-121.85025300007585,39.761516000279421],[-121.85029999993152,39.76140700012693],[-121.85037699992442,39.76122800018647],[-121.84983700014925,39.761103000202858],[-121.84969099966105,39.761069000223344],[-121.84961600021634,39.761052000227266],[-121.84945300000969,39.761008000339793],[-121.8491490002361,39.760926999924173],[-121.84901799981652,39.761309000247991],[-121.84859400039231,39.761302000152703],[-121.84583900036657,39.761317000257435],[-121.84515300010322,39.761950999948901],[-121.84494300004091,39.76233300011662],[-121.84349400041965,39.762336999716709],[-121.84347299960494,39.761363999689898],[-121.84233299978017,39.761385999868686],[-121.84236499956721,39.762044000083634],[-121.84149699972899,39.762052999911816],[-121.84149300042935,39.761789999767679],[-121.84106999993172,39.761794999997669],[-121.84112299963516,39.762704000015383],[-121.83935799964638,39.762735000195605],[-121.83935599999658,39.762529000273091],[-121.83873199965751,39.76253499965604],[-121.83870599971823,39.760942000110646],[-121.83824700013393,39.760945999791524],[-121.83825499963153,39.761021999898979],[-121.83826399985236,39.761378999781179],[-121.83812199956213,39.761381000299458],[-121.8381540002475,39.762680999672178],[-121.8379850001931,39.762743000039386],[-121.83639500010653,39.76276599967138],[-121.83637300036521,39.761874000269458],[-121.83402599987018,39.761904000226572],[-121.83392999961069,39.761906999945339],[-121.83392399976293,39.761467999656979],[-121.83308799971174,39.761474999735455],[-121.83168299957309,39.761486000153276],[-121.831690999969,39.76209200030452],[-121.83123800023247,39.762111999753699],[-121.83122300016386,39.762821999914131],[-121.83040999967891,39.762828999854904],[-121.83039499961028,39.761809000087418],[-121.8294380000836,39.76181199981032],[-121.82921399977761,39.761755000218876],[-121.82797900041658,39.761777000272758],[-121.82799699995992,39.762319000133409],[-121.82697299958777,39.76233300011662],[-121.82696300044034,39.761627000079962],[-121.82483799970316,39.761643000024037],[-121.82460400024975,39.761642000113959],[-121.82460199970161,39.761310000162958],[-121.82460099987669,39.761102000284943],[-121.82326699988316,39.761120000186345],[-121.82131100009867,39.761147000029624],[-121.81991099998288,39.761166999753264],[-121.81995000034094,39.761860000192925],[-121.81876100011233,39.761878999802853],[-121.81876399958709,39.762053999815919],[-121.81853000013365,39.762059000026802],[-121.81851400024014,39.761663000294121],[-121.81816500026068,39.761681000048888],[-121.81803700021415,39.761719000052814],[-121.81796799971887,39.761740000209493],[-121.81757699990663,39.761749000077401],[-121.81759699999812,39.762400000292786],[-121.81761500043977,39.762985000225811],[-121.81643200005897,39.762984000335216],[-121.81641699999037,39.762079000176108],[-121.81533200041716,39.762088999903305],[-121.81532400002123,39.761617000285675],[-121.81521199986823,39.761621999837722],[-121.81402500018777,39.761635999962643],[-121.81403199986048,39.7625770001559],[-121.8128579997005,39.762582000328791],[-121.81285500022577,39.762150000210298],[-121.81168100006579,39.762153999821003],[-121.81167799969273,39.761719000052814],[-121.81110500030562,39.761720999870718],[-121.81110799978035,39.761255999903057],[-121.81062499990658,39.761263999918654],[-121.81051000027885,39.761265999749767],[-121.80997299997843,39.761329999839191],[-121.80990600003126,39.761337999846191],[-121.8096609998089,39.761366000208668],[-121.80958800001395,39.761375000125454],[-121.80940499971585,39.761445000282045],[-121.80928599989016,39.761489999802556],[-121.80885099969697,39.761656000234758],[-121.8087529997877,39.761693000343143],[-121.80842999974752,39.761724000287963],[-121.80762499965846,39.761732000249197],[-121.80673699972877,39.761802000042898],[-121.80658100009315,39.761814000316079],[-121.80546200018475,39.76233300011662],[-121.80522299981016,39.762394000207507],[-121.8048749996556,39.762489000230104],[-121.80404299980239,39.762715000236881],[-121.80318699965974,39.763325000163682],[-121.80243400034756,39.763747000330973],[-121.80232800004234,39.763805000223826],[-121.80212999967561,39.763604000148391],[-121.79687099969431,39.761988999803791],[-121.79458799967169,39.762283000262208],[-121.79248799994717,39.761883000119852],[-121.78998800018957,39.76458300018276],[-121.78958999980631,39.76490899967871],[-121.78887199975591,39.765115000076683],[-121.78824699959192,39.765205999674095],[-121.78769799959593,39.765267999839331],[-121.78726999997374,39.765282999770704],[-121.78676700000852,39.765305999935293],[-121.7859429996529,39.765458000109362],[-121.7838370000806,39.766037999689317],[-121.78333699959009,39.766156000089133],[-121.78065299970947,39.766630999869427],[-121.78058499993739,39.766648999706504],[-121.77939700043201,39.766969000091315],[-121.77899999987366,39.76725099998729],[-121.77880200040528,39.767450000122295],[-121.7786340001758,39.7676479998592],[-121.77835200014349,39.768396000017482],[-121.77799399994319,39.76975300013099],[-121.77760999980364,39.770069999844296],[-121.77754600022953,39.770406999970916],[-121.77741800018299,39.770684000009581],[-121.77689400030135,39.770737999780117],[-121.77666499997252,39.771005000056014],[-121.77649799956792,39.771157000076343],[-121.77619200014449,39.771241000197968],[-121.77568900017924,39.771424000108034],[-121.77524599959015,39.771637999846021],[-121.77474299962491,39.77185900001291],[-121.77414000010054,39.771841999919026],[-121.77381200003749,39.771988999982725],[-121.77320399959196,39.772031000239153],[-121.7724329998381,39.772057000187772],[-121.77142799973254,39.772032999757549],[-121.77047100020583,39.771933000291369],[-121.76771000033231,39.77171399988972],[-121.76645400015659,39.771692000249132],[-121.76578399978675,39.771642000286505],[-121.7652659997529,39.771687999811554],[-121.76445800018912,39.771838999942688],[-121.76335299962612,39.772250000322735],[-121.7621669997706,39.772965000306705],[-121.76083500032519,39.773875000340823],[-121.75978900021171,39.774465000125389],[-121.75888299984032,39.775046000176076],[-121.75788600013068,39.775537999940639],[-121.75680300020731,39.77595099973194],[-121.75583400008674,39.776324999903885],[-121.75473199989679,39.77656499991096],[-121.75359899974468,39.776882000012634],[-121.75254199976058,39.777113000219053],[-121.75151200043895,39.777472000256296],[-121.75096599991767,39.777719000213686],[-121.75087800005414,39.777758999692935],[-121.75052599970164,39.777915999737147],[-121.74920900032484,39.778668999860571],[-121.74898099982087,39.778740999707672],[-121.74882299963713,39.778746000087352],[-121.74822199976261,39.779122999918222],[-121.74714800006005,39.78005400009301],[-121.74681499997413,39.780144999963859],[-121.74603499999944,39.781192999969001],[-121.74588600003653,39.781331000013651],[-121.74562999994349,39.781495999928886],[-121.74551600014067,39.781545000015825],[-121.74514600024483,39.781628000266601],[-121.74493299980949,39.781771000289147],[-121.74474799986156,39.782128000274653],[-121.74452000025592,39.782496000301229],[-121.74403700038216,39.782963000292895],[-121.74378100028915,39.783067000078262],[-121.74257799981682,39.783144999814176],[-121.74190900017025,39.783281999800074],[-121.74169499991,39.783281999800074],[-121.74128200035643,39.783189000051031],[-121.74101200001968,39.783189000051031],[-121.74089099964588,39.783166999936142],[-121.74054900023741,39.783178999936901],[-121.74044999960491,39.783211999755693],[-121.74033599980211,39.783278000036177],[-121.74013599978554,39.783463999858299],[-121.74012200044017,39.783524999864945],[-121.73998699982263,39.783711999989663],[-121.73983100018702,39.784150999953994],[-121.73948999970517,39.784750000320109],[-121.73904899966419,39.785386999669221],[-121.73845100016273,39.786112000238944],[-121.73838000001763,39.786259999750527],[-121.73830899987252,39.786715999900771],[-121.7383380001848,39.787156000256701],[-121.73820299956729,39.787551000155965],[-121.73818199965089,39.787753999781195],[-121.73812499974947,39.78789700018794],[-121.73802600001528,39.7880729998557],[-121.73775499985364,39.788419000023545],[-121.73740699969908,39.788720999709319],[-121.73722900032217,39.78894599967861],[-121.73715099960606,39.78915000022036],[-121.73698699957453,39.789390999874463],[-121.73680300034982,39.789863999768549],[-121.73675999979379,39.790078000152228],[-121.73680300034982,39.790494999690637],[-121.7368669999239,39.7906440003065],[-121.73715900000198,39.790967000102583],[-121.73721599990338,39.791110000042991],[-121.73723099997198,39.791346000269542],[-121.73712399984187,39.791494999732393],[-121.73704600002408,39.791560999659978],[-121.73665400038692,39.791770000163403],[-121.73644799962427,39.791955999806554],[-121.73623500008725,39.792105000018836],[-121.73608500029943,39.792286000051021],[-121.7359999999106,39.792467000297187],[-121.73590700002418,39.79257199967256],[-121.73552299988462,39.792873999763195],[-121.73531700002029,39.793148000060441],[-121.73515299998878,39.793291000298517],[-121.73496100036813,39.793565999761483],[-121.73483300032163,39.793841000195712],[-121.73481900007792,39.793999999699174],[-121.73475499960551,39.794219999712652],[-121.73454899974118,39.794411999689032],[-121.73412199994394,39.794625999728581],[-121.73391600007962,39.794786000297151],[-121.73368099990296,39.795033000224088],[-121.73348900028235,39.795471999732513],[-121.73323999986201,39.795835000339963],[-121.7331760002879,39.796065000318976],[-121.7331760002879,39.79624099979543],[-121.73331900040304,39.796615000120873],[-121.73331900040304,39.796778999873119],[-121.73326900017433,39.796922000154403],[-121.73315500037151,39.797098000198567],[-121.73300600040858,39.797526000152139],[-121.73290699977606,39.797707999799364],[-121.73280700021698,39.797823000204126],[-121.7324940002225,39.798021000216444],[-121.73231599994726,39.798175000061974],[-121.73210199968703,39.798426999881016],[-121.73203100044024,39.798614000220752],[-121.73187499990634,39.798883000131362],[-121.73084999970926,39.800103000216616],[-121.73035900033788,39.800608000019338],[-121.72986800006821,39.801041999691044],[-121.72961899964788,39.801310999766393],[-121.72944100027094,39.801459999727257],[-121.72928499973702,39.801696000329343],[-121.7291779996069,39.801920999956209],[-121.7291569996905,39.80214100016773],[-121.72906499962899,39.802360999675379],[-121.72888700025209,39.802733999842253],[-121.72872300022055,39.802954000213191],[-121.72856699968662,39.803239000337349],[-121.72861000024263,39.804382000000992],[-121.72856699968662,39.804513999904806],[-121.72854900014327,39.804542999933339],[-121.72841100005103,39.804771999800685],[-121.72827700015672,39.805054000072062],[-121.72824000034677,39.805133999659461],[-121.72728700011973,39.80619999978731],[-121.72703799969941,39.806441999689532],[-121.72700699973724,39.806464999901138],[-121.72643299962691,39.806875999804511],[-121.72598400008832,39.807139000194731],[-121.72547899957497,39.807545999786278],[-121.72448900043632,39.808182999893845],[-121.72431100016107,39.808359000100573],[-121.72404800039534,39.808733000078902],[-121.72399800016663,39.808759999876841],[-121.72369299966979,39.80945800024962],[-121.72330799970534,39.810205000120618],[-121.72328199976604,39.810316999958545],[-121.72324400013123,39.810478999684705],[-121.72315899974241,39.811051000306996],[-121.72304599976451,39.81247299974266],[-121.72290400037259,39.813136999887597],[-121.72277600032606,39.81351100009244],[-121.72266800037106,39.814024000185206],[-121.72219600036794,39.814034999794188],[-121.72145599967791,39.814083000325638],[-121.71344199967088,39.813939999851073],[-121.7128440001694,39.813931999748171],[-121.7123720001663,39.813934999959358],[-121.71253799984765,39.81302899991838],[-121.71247300044863,39.812990000098644],[-121.71248299959605,39.812934999819824],[-121.71255899976406,39.812911999702727],[-121.7130340001402,39.810327000267932],[-121.71367000017484,39.806856000250612],[-121.71370199996187,39.806698999996222],[-121.71373999959673,39.806552000241837],[-121.71375399984043,39.806502000075334],[-121.7138099999169,39.806329999749423],[-121.71386400034359,39.80618499980239],[-121.71380300024423,39.806151999962125],[-121.71400400008568,39.805875999799312],[-121.71409600014719,39.805711999657937],[-121.71372999955098,39.805684000082813],[-121.71369500028919,39.805757999871709],[-121.71361999994613,39.805941999729001],[-121.71355100034916,39.806135000059086],[-121.71349500027264,39.806337000096065],[-121.71344900024191,39.806539000229655],[-121.7125420000456,39.811840000227434],[-121.71239599955744,39.812693000002383],[-121.71176799991871,39.816367999782059],[-121.71160600043532,39.817339999996605],[-121.71153000026732,39.817734999731066],[-121.71143999985566,39.818135000231671],[-121.71133400044876,39.818548000287599],[-121.71114799977761,39.819176999687357],[-121.71099899981468,39.819663999690043],[-121.71089000003472,39.820021000337519],[-121.71077600023193,39.820434000098551],[-121.71072699982813,39.820641000299553],[-121.71068599982026,39.820852000216036],[-121.71065099966013,39.821063000174611],[-121.71062300007105,39.821269999860789],[-121.71060399980449,39.821444999945662],[-121.71058500043623,39.821684000122247],[-121.7105770000403,39.822102999947077],[-121.71057299984233,39.823139000331977],[-121.71056799981946,39.823341999779899],[-121.71055100010103,39.823554000072143],[-121.71051400029108,39.823765000012926],[-121.71045099964358,39.823971000144226],[-121.7103660001531,39.824173000202336],[-121.71025200035028,39.824374999666638],[-121.71011699973278,39.824561999802597],[-121.70995900044731,39.824745000007383],[-121.70977699997414,39.82490999995516],[-121.70957500030777,39.825064999963217],[-121.70935500019974,39.825206999690437],[-121.70821899967461,39.825915000111451],[-121.70801000033553,39.82606100018733],[-121.70782000036473,39.826221999708153],[-121.70765100031034,39.826395000281117],[-121.70750200034745,39.8265830000948],[-121.70737799960057,39.826783999719183],[-121.70727800004143,39.826995000089198],[-121.70720199987348,39.827209999780059],[-121.70715300036795,39.827435000067616],[-121.70698299959035,39.82855899979311],[-121.70694400013059,39.8287839998019],[-121.70689899992475,39.829008999763609],[-121.7068329998025,39.829238000218901],[-121.70675400015979,39.829443999807609],[-121.70665899972524,39.829659000112585],[-121.70613099964564,39.830680999830712],[-121.70573499981053,39.831451000262909],[-121.70556599975612,39.831769000175363],[-121.705354000044,39.832189999734176],[-121.705029000354,39.832807999752717],[-121.70482099994155,39.833219999665346],[-121.70460800040451,39.833619000146946],[-121.70450700012218,39.833819999879871],[-121.70432200017424,39.83422400012067],[-121.70424500018137,39.834429999933128],[-121.70418099970894,39.834637000046584],[-121.70412600035567,39.834847999750089],[-121.70408199997473,39.835059000185041],[-121.70404900036277,39.835269999971729],[-121.70397700039277,39.835923000340351],[-121.70395700030127,39.836147999682041],[-121.70385799966876,39.837010999739363],[-121.70382500005678,39.837217999661661],[-121.70377499982807,39.837428999713481],[-121.70370799988093,39.837631000208312],[-121.70362300039044,39.837833000109001],[-121.70351899973505,39.838029999897458],[-121.70339999990934,39.838226999810615],[-121.70326199981709,39.838410000172523],[-121.70310899965621,39.838589000051002],[-121.70294299997485,39.838762999998153],[-121.70275899985184,39.838926999909468],[-121.7025599996602,39.839083000185084],[-121.70234799994813,39.839228999865504],[-121.70212100016739,39.839365999864469],[-121.70188099996788,39.8394900002925],[-121.70162900007278,39.839604000310466],[-121.70109699979524,39.839795999767688],[-121.70001300004695,39.840170999875447],[-121.69974500025836,39.840272000303017],[-121.69948499996734,39.840381999821162],[-121.69923700027022,39.840509999678261],[-121.69900100026867,39.840655999773645],[-121.6987860001835,39.840814999987359],[-121.69858500034206,39.840988999812396],[-121.698405000417,39.841176000246655],[-121.69823600036261,39.841368000136903],[-121.69681500033043,39.84312700033454],[-121.6959540001649,39.844187000343098],[-121.69628200022795,39.844438999772436],[-121.69604500040148,39.845033000137683],[-121.6960460002264,39.845216999679714],[-121.69649399994007,39.845053999694251],[-121.69722200003621,39.84459999967082],[-121.69929099979859,39.84362100024039],[-121.69999100030564,39.843629000335291],[-121.70036500039946,39.843930000210641],[-121.7011239995594,39.844392999929191],[-121.70140700031496,39.844685999933048],[-121.70128400029131,39.845021999973234],[-121.70089099993092,39.845334000065456],[-121.70088099988517,39.84556900030848],[-121.70122599966665,39.845883000114483],[-121.70180700034804,39.846099000061024],[-121.70275999967676,39.846083999818454],[-121.70358499985727,39.845773999819556],[-121.70361800036756,39.845456999990645],[-121.70327199986282,39.84506800008478],[-121.70342400019881,39.844789000089378],[-121.70374399986594,39.844520999896353],[-121.70563500025139,39.844277000097698],[-121.70608799998796,39.844100000054389],[-121.70640199980728,39.843791000159506],[-121.70662100009041,39.843519999910598],[-121.70712700042871,39.844047000030606],[-121.70747800005798,39.844469000283361],[-121.70785799999956,39.844709999842657],[-121.70835599994193,39.844689000180871],[-121.70856799965405,39.844374999742222],[-121.7086820003552,39.844249999769879],[-121.70897299971,39.844141999731875],[-121.70899699999946,39.844605000090027],[-121.7086489998449,39.845011999884917],[-121.70809200035131,39.845053000306677],[-121.70737500012581,39.845105000167145],[-121.70731599967628,39.845619000329783],[-121.70761600015025,39.846250999667134],[-121.70772900012815,39.847512000075561],[-121.70760799975433,39.848069000217649],[-121.70694599978043,39.848994000001049],[-121.7070649996061,39.849247999750446],[-121.70743899969995,39.849696000015406],[-121.70753800033242,39.849939999865846],[-121.70742399963129,39.850243999664563],[-121.70745100029379,39.850605000004542],[-121.70795900028193,39.851086000036908],[-121.70778500020462,39.852780999753925],[-121.70719500020074,39.854247999878602],[-121.70719900039872,39.855278999911448],[-121.70737699977565,39.855417000223525],[-121.7080620002141,39.855257000105901],[-121.70856699982916,39.855394999772642],[-121.70818199986468,39.856562000071023],[-121.70803299990175,39.857339999819452],[-121.70803399972667,39.858187000152384],[-121.70740100006508,39.859296999727441],[-121.70717299956114,39.85969700025521],[-121.70720299969838,39.860520999730873],[-121.70738099997359,39.861069999682663],[-121.70815299955237,39.86230499993475],[-121.70839100010207,39.862992000343112],[-121.70830200041358,39.863655999711995],[-121.70785700017466,39.864708000198902],[-121.70689399990188,39.866334000209712],[-121.70661000021975,39.866813999878133],[-121.7057199997419,39.869078999971094],[-121.70566100019069,39.870245999905784],[-121.70563600007631,39.873307000177498],[-121.70537099976245,39.873369000099999],[-121.70448700003071,39.873441000050839],[-121.70426600009775,39.873467999926739],[-121.7039449997074,39.873545000152859],[-121.70349600016881,39.873683000270155],[-121.70341800035102,39.873720999754113],[-121.70327500023588,39.873853000192796],[-121.70309000028794,39.87409399999369],[-121.70303300038657,39.874215000092214],[-121.70302599981554,39.874649000210923],[-121.70317599960337,39.874884999691467],[-121.70318900002216,39.874907000098233],[-121.70337700034312,39.875225000051003],[-121.70351799991013,39.875439000078067],[-121.70366000020036,39.875615000334427],[-121.70374499969085,39.875728000018107],[-121.70383299955439,39.875865999879501],[-121.7039680001719,39.876002999836963],[-121.70413200020344,39.876113000007273],[-121.70425299967897,39.876195999830969],[-121.70435200031149,39.876290000224344],[-121.70441500006068,39.876410999895654],[-121.70448600020578,39.876503999685916],[-121.70458199956694,39.876679999966868],[-121.70458099974202,39.876789999740687],[-121.70463000014583,39.877107999924718],[-121.70461500007724,39.877224000110409],[-121.70453899990923,39.877553000128252],[-121.70444500019791,39.87770099991706],[-121.70430200008276,39.877854000140807],[-121.70416599964031,39.877964000099773],[-121.70391999959303,39.878143999840056],[-121.70362699969006,39.87827200028714],[-121.70329100012941,39.87844699988694],[-121.70291299983762,39.878544999688401],[-121.7026919999047,39.878607999979238],[-121.70252799987317,39.878701000237072],[-121.70241300024544,39.87879899967556],[-121.70233100022968,39.878942000236869],[-121.70226599993235,39.879073000007331],[-121.70220800020601,39.879330999796949],[-121.7021849997415,39.879545000109758],[-121.70202999993079,39.88010500023551],[-121.70193100019659,39.880647999846992],[-121.70188699981567,39.880976999982686],[-121.70183999996001,39.881249000095046],[-121.70186699972417,39.881426999701084],[-121.70190899955696,39.88165800019717],[-121.70195100028808,39.881768000258361],[-121.7019959995956,39.8820369999967],[-121.70204499999939,39.882421999723448],[-121.70201099966421,39.882773000260151],[-121.7019739998543,39.883078000269094],[-121.70184499998288,39.883271999862714],[-121.70172299978414,39.883397999972694],[-121.70146099984332,39.883724000090972],[-121.70138999969819,39.883772999685021],[-121.70131100005547,39.88380600015158],[-121.70119700025265,39.883844000230539],[-121.70089400030396,39.88398100010437],[-121.70071900040179,39.884096000184648],[-121.70059700020305,39.884146999906747],[-121.70034000028508,39.884218000064962],[-121.70016899968257,39.884293999745047],[-121.70004400000909,39.884343999815158],[-121.69982300007615,39.884446999734372],[-121.69967300028833,39.884576000325055],[-121.69929599982146,39.885013999718119],[-121.69913799963771,39.885293999733626],[-121.6990730002387,39.885666999755415],[-121.69900299991849,39.886177000126764],[-121.69896600010858,39.886326000078704],[-121.69892299955256,39.886419000208377],[-121.69885899997846,39.886478999669194],[-121.69879799987908,39.886560999881318],[-121.69866200033496,39.886657000173201],[-121.69851199964882,39.886777000004393],[-121.69843999967881,39.88686500011471],[-121.69828200039336,39.887029000206866],[-121.69816100001955,39.887165999920008],[-121.6979889995921,39.887286000238809],[-121.69784300000222,39.887396000231625],[-121.69772099980348,39.887466999782347],[-121.69755699977196,39.88757099998179],[-121.69739199991552,39.887687999845248],[-121.69728099958743,39.887758999782847],[-121.69696400029333,39.888044000316562],[-121.69674500001022,39.888241000055778],[-121.69660899956779,39.888396999913006],[-121.69645100028235,39.888507000191019],[-121.69636599989353,39.888549999706534],[-121.69627300000712,39.888616000160781],[-121.69612999989199,39.888675999766612],[-121.69597199970823,39.888834999708877],[-121.69571899998827,39.889031999932143],[-121.69556800037553,39.889171000025421],[-121.69543899960578,39.889347000190369],[-121.69533900004664,39.889499999931381],[-121.69528799999303,39.889626000313157],[-121.69524100013737,39.889762999661301],[-121.69521100000013,39.890131000323102],[-121.69522100004589,39.890426999736462],[-121.69520500015234,39.890631000236795],[-121.69515499992363,39.890801000189946],[-121.69507600028093,39.890960000028109],[-121.69494300021154,39.891190000017048],[-121.69469899981404,39.89147500007148],[-121.69456300026995,39.891657999757371],[-121.6944129995838,39.891745999805252],[-121.69422699981095,39.891904000124626],[-121.69416200041195,39.891909999937624],[-121.6940450002361,39.891947999660147],[-121.69392999971004,39.891970000106525],[-121.69358099973059,39.89206500032406],[-121.69339499995773,39.892147000057648],[-121.69326699991123,39.892222999908114],[-121.69320599981185,39.892299999752218],[-121.6931520002835,39.892393000048358],[-121.69313700021488,39.892503000117216],[-121.69309000035922,39.892634000169387],[-121.69309000035922,39.892754999947776],[-121.69313200019204,39.892870999853741],[-121.69315300010841,39.892990999835128],[-121.6931809996975,39.893107000030938],[-121.6931520002835,39.893188999896431],[-121.69309799985682,39.89327099966382],[-121.69303000008476,39.893332000082744],[-121.69293300000038,39.893391999696171],[-121.69281499999961,39.893440999961769],[-121.69264400029539,39.893469999666401],[-121.69242699966209,39.893525000237162],[-121.69219099966054,39.893579000015201],[-121.69206299961401,39.893622999853925],[-121.69196300005493,39.893704999791332],[-121.69191200000128,39.893759000116802],[-121.6918840004122,39.893838999780463],[-121.69191500037434,39.893978999828747],[-121.69178999980254,39.893973000196851],[-121.69172600022846,39.893989999726891],[-121.69167599999975,39.894036000096335],[-121.69161900009831,39.894105000247997],[-121.69160400002971,39.894216999737019],[-121.69160700040274,39.894386999756236],[-121.69131799979942,39.894430999765476],[-121.69106500007943,39.894457000290245],[-121.69095700012443,39.894505999794461],[-121.69091500029161,39.894538999919092],[-121.6908290000779,39.894594000321185],[-121.6907930000929,39.894648999989926],[-121.69070000020646,39.894731000078224],[-121.69059999974904,39.89483200016145],[-121.69051400043364,39.894941999762075],[-121.69027400023411,39.895155000247357],[-121.69014100016473,39.895286000055272],[-121.69008000006536,39.895439999667111],[-121.69004400008033,39.895594000311341],[-121.68997799995812,39.895922999713761],[-121.68991699985875,39.896054000121346],[-121.68984900008667,39.896175000064893],[-121.68975899967499,39.896317000204618],[-121.68969400027596,39.896515000306309],[-121.68964700042031,39.896699000333591],[-121.68958899979567,39.896868999709916],[-121.68956299985643,39.897164999660909],[-121.68956000038166,39.89764299995592],[-121.68954500031306,39.897845999657932],[-121.68947300034306,39.898092999862797],[-121.68945699955121,39.898350999753937],[-121.68945999992427,39.89855900004887],[-121.68942399993924,39.898730000308824],[-121.68942999978702,39.898905000068559],[-121.68940399984776,39.899075000175209],[-121.6892950000678,39.899481000142366],[-121.68920499965611,39.899739000321198],[-121.68913299968608,39.899920000061826],[-121.68902499973107,39.900089999717927],[-121.68893199984464,39.900210000153614],[-121.68883200028553,39.900324999885832],[-121.68871000008679,39.900412999832213],[-121.68858799988807,39.900513999811544],[-121.68846700041256,39.900672999859381],[-121.68836199993227,39.900832000227481],[-121.6883569999094,39.90122200027011],[-121.68823999973353,39.901743000030251],[-121.68805999980846,39.902170999968526],[-121.68797000029511,39.902444999926203],[-121.6877860001721,39.902900000305152],[-121.68771400020206,39.902993999922046],[-121.68762100031563,39.903083999727656],[-121.68753599992684,39.903127999666133],[-121.68732099984166,39.903186999742928],[-121.68704300000732,39.903192000027445],[-121.686801000158,39.903224000185631],[-121.68662200005785,39.903265000280406],[-121.68654400024005,39.903325000156315],[-121.68652199960042,39.903434999907255],[-121.68652499997347,39.903600000236196],[-121.68650300023215,39.903736999906698],[-121.68654800043798,39.90397800010588],[-121.68665200019507,39.904631999931908],[-121.68660100014145,39.904812999840878],[-121.68651800030077,39.905011000202478],[-121.68634599987332,39.905289999960097],[-121.686288000147,39.905361000270325],[-121.68610999987176,39.905405000124766],[-121.68599199987099,39.905414999680545],[-121.68590999985524,39.905442999944974],[-121.6858389997101,39.90549699997969],[-121.68578500018177,39.905574000070416],[-121.6857740003111,39.905623999778705],[-121.6857879996565,39.905688999758375],[-121.68587600041835,39.905860000141885],[-121.68597599997746,39.905952999953662],[-121.68612499994039,39.906080000285549],[-121.68632300030708,39.906332999680785],[-121.68660299979126,39.906619999898297],[-121.68670200042378,39.906808999687414],[-121.6867590003252,39.906940999821558],[-121.68678699991428,39.907045000103103],[-121.68679299976208,39.907139000234991],[-121.68675699977707,39.907259999899672],[-121.6866670002637,39.907452000250203],[-121.68655199973763,39.907650999729789],[-121.68642700006417,39.90784299967352],[-121.68630099966748,39.908019000125464],[-121.68598900039625,39.908430000058125],[-121.68577799961074,39.908648999689191],[-121.68549800012659,39.908919999729719],[-121.68527200017077,39.909232000045556],[-121.68513999992626,39.909369000168127],[-121.68505399971255,39.909489000201262],[-121.68492800021417,39.909643000280305],[-121.68456699964084,39.909935000204491],[-121.68442699989875,39.910001000047934],[-121.68428499960855,39.9100500001516],[-121.68413800019374,39.910129000272988],[-121.68389200014647,39.91018600019936],[-121.68362400035787,39.910243000078246],[-121.68338499998328,39.910236999803125],[-121.68276499984215,39.910328000244768],[-121.68257900006931,39.910385999819582],[-121.68241099983983,39.91045599985879],[-121.68224299961034,39.910593000289609],[-121.68206000021054,39.910779999836898],[-121.68191700009542,39.910979999789987],[-121.68185500017113,39.911245000068639],[-121.68186100001893,39.911459999775374],[-121.68190299985172,39.911668000240347],[-121.68209399964741,39.911926999797295],[-121.68216099959454,39.91205899971618],[-121.6822819999684,39.912246000084508],[-121.68236900000704,39.912625000263652],[-121.68237599967972,39.912729000184278],[-121.68237200038008,39.912855999667812],[-121.68234300006777,39.912931999978561],[-121.68225299965606,39.913064000027731],[-121.68204900033989,39.913206000308165],[-121.6819089996995,39.913337999829274],[-121.68183400025474,39.913546000103473],[-121.68181199961514,39.913644999793462],[-121.6818319997066,39.91376499991491],[-121.68184199975234,39.913892000233574],[-121.68186000019401,39.914028999993207],[-121.68188100011039,39.91410600014018],[-121.68203000007333,39.91430399982525],[-121.68220999999836,39.914486000116632],[-121.6823799998777,39.914717000134459],[-121.68250799992421,39.914948000062196],[-121.6826269997499,39.915299999831873],[-121.68265900043524,39.915456000106481],[-121.68259199958979,39.915968999868646],[-121.6824729997641,39.916254000219631],[-121.68232499962609,39.916666000071366],[-121.6822669998998,39.9168519998546],[-121.68227399957247,39.916956000246657],[-121.68230600025785,39.917032999858769],[-121.68237200038008,39.91716300015279],[-121.68238999992343,39.917336000256796],[-121.68227500029569,39.917363000070289],[-121.68223199973968,39.917384999935969],[-121.68217200036352,39.917406999794643],[-121.68205000016481,39.917499999776602],[-121.6816900003147,39.917404999682482],[-121.68139800023665,39.917373999659539],[-121.68087500017992,39.917279000079631],[-121.68046500010108,39.917269999902281],[-121.68018300006878,39.91729100008461],[-121.67997200018159,39.917344999736478],[-121.67983300026441,39.917399999746408],[-121.67973299980697,39.917511999742857],[-121.67967500008068,39.917603000164846],[-121.67962900004991,39.917704000294805],[-121.67959200023999,39.917857999817372],[-121.6796199998291,39.918045000199271],[-121.67970400039297,39.918382000305563],[-121.67978700023366,39.918799999971085],[-121.67977800001282,39.919200999680115],[-121.67976700014219,39.919315999915987],[-121.6796270004001,39.919584999731327],[-121.67942900003335,39.919900000097897],[-121.6791930000318,39.92011599986612],[-121.67898499961935,39.920232999972789],[-121.67879200017383,39.920326000250625],[-121.67802499971961,39.920585000136448],[-121.67786400006113,39.920661000137819],[-121.67775000025833,39.920737999717758],[-121.67760999961793,39.920849999766439],[-121.67742300002018,39.921184000189392],[-121.67731099986719,39.921447000262873],[-121.67709499995712,39.921852999928078],[-121.67706200034515,39.922110999906657],[-121.67702600036014,39.922231999991673],[-121.67699000037511,39.922318999715692],[-121.67693900032151,39.922379000126142],[-121.67684300006204,39.922510999879492],[-121.67663399982465,39.922840000239688],[-121.67656199985464,39.922930000150785],[-121.67649099970953,39.92300100008903],[-121.67621200005027,39.923153999783295],[-121.67595500013233,39.923236000203673],[-121.6756980002144,39.923350999863231],[-121.67553599983268,39.923460000212955],[-121.67537199980113,39.923577000117106],[-121.67519000022625,39.92374200015449],[-121.67496000007247,39.923999000289079],[-121.67485600031542,39.924087000137575],[-121.67458400032886,39.9242700002197],[-121.67445899975706,39.924445000187085],[-121.67435500000001,39.92456600028089],[-121.67425399971766,39.924725000306744],[-121.67413599971688,39.924889000041873],[-121.67397099986046,39.925063999804848],[-121.67380199980605,39.92529399967917],[-121.67369399985101,39.925468999784705],[-121.67363000027693,39.925622999755632],[-121.67360400033763,39.925740999686788],[-121.67357500002532,39.925911000024065],[-121.67359500011679,39.926054000118654],[-121.67359799959155,39.926208000151419],[-121.67353200036763,39.926613999829854],[-121.67359199974376,39.926795000208571],[-121.67361600003319,39.926924000308155],[-121.67363600012469,39.927144000307166],[-121.67371399994251,39.927375000337356],[-121.67374499990464,39.927605000025473],[-121.67374699955444,39.927907000239578],[-121.67373800023194,39.928137999761816],[-121.67382100007259,39.928741999665959],[-121.67392900002766,39.929230999829151],[-121.67402000026425,39.929576999929175],[-121.67402299973898,39.929824000079442],[-121.67404299983048,39.930043999713831],[-121.67402799976185,39.930148000046337],[-121.67396400018777,39.930268999704438],[-121.6738200002477,39.930395000202779],[-121.67379099993539,39.930454999735339],[-121.67366600026193,39.930514999904119],[-121.67356300032976,39.930539000094718],[-121.67338099985656,39.930587999969696],[-121.67310600039528,39.930652999679495],[-121.6726240003464,39.93083300019628],[-121.67174800011229,39.931233999695479],[-121.67142300042224,39.931450000216373],[-121.67113999966672,39.931679999989854],[-121.6710459999554,39.931767000107044],[-121.67101099979529,39.931822000242825],[-121.67081300032687,39.932074000112031],[-121.67070500037184,39.932272000194814],[-121.67067600005956,39.932397999761399],[-121.67068299973224,39.932480000131029],[-121.67070399964864,39.932551999988192],[-121.67075300005246,39.932623000280245],[-121.67082800039552,39.932704999691474],[-121.67091299988601,39.932787999869177],[-121.6709689999625,39.932964000278076],[-121.67102199966595,39.933151000044504],[-121.67103000006188,39.933804000128141],[-121.67101800036632,39.933990999665987],[-121.6710240002141,39.934232000180693],[-121.67107000024482,39.934336999813667],[-121.67111200007764,39.934418999926741],[-121.67120699961389,39.934693999840704],[-121.67124900034499,39.934880999702095],[-121.67127199991123,39.935216000006882],[-121.6712640004136,39.935451999656564],[-121.67129100017779,39.93567199979956],[-121.67134399988123,39.935809000066648],[-121.67151700013359,39.936116999977543],[-121.67157700040804,39.9363370000492],[-121.67165000020299,39.936773999784627],[-121.671642999632,39.937509000283647],[-121.67168799983781,39.93763599995706],[-121.6717089997542,39.93780599968251],[-121.67172200017301,39.93796499995107],[-121.67172200017301,39.938113000150643],[-121.67169600023374,39.938300000312772],[-121.6716379996091,39.93851399970189],[-121.6715549997684,39.938687000270171],[-121.67147899960045,39.938790999867805],[-121.67134399988123,39.938877999899908],[-121.67133200018566,39.939069999769288],[-121.67135200027715,39.939334000087634],[-121.67133899985836,39.939805999788199],[-121.67137999986623,39.940239999899681],[-121.67142500007208,39.940432000080058],[-121.67141400020142,39.940630000089264],[-121.67138800026216,39.940783000330093],[-121.67132999963752,39.940860000006779],[-121.67126199986546,39.940963999745605],[-121.671137000192,39.941078999928394],[-121.67105699982605,39.941204999810985],[-121.67100300029769,39.941348000325846],[-121.67096700031269,39.941501000338718],[-121.67097999983315,39.941676999691822],[-121.67101199962021,39.941875000230809],[-121.67103900028269,39.942001000025051],[-121.67109899965885,39.942106000135524],[-121.67128000030712,39.942374999939133],[-121.67143599994274,39.94261699988801],[-121.6716019996241,39.942965999895094],[-121.67167199994428,39.943077000055084],[-121.6717930003181,39.943165000171831],[-121.67201400025105,39.943258000289553],[-121.6722130004427,39.943347000195004],[-121.67231200017689,39.943462999836072],[-121.67240500006331,39.943610999852609],[-121.67239699966738,39.943798000141626],[-121.67232399987243,39.943978999846188],[-121.67229200008538,39.944082999665277],[-121.67200800040325,39.944400000270946],[-121.67185400041748,39.944510000166112],[-121.67144299961542,39.944775000157733],[-121.67114999971248,39.944922000092532],[-121.67086100000746,39.945058999747381],[-121.67060999993731,39.94516199999596],[-121.6705460003632,39.945197999805572],[-121.67048100006588,39.945253000166765],[-121.67042800036243,39.945312999759132],[-121.67038800017946,39.945389999847556],[-121.67037700030879,39.945505000167032],[-121.67041599976854,39.945626000222695],[-121.67047900041604,39.945768999762052],[-121.67055300003588,39.945894999960956],[-121.67069500032613,39.946057999955926],[-121.67085500015968,39.94619000019118],[-121.6712280004286,39.946438000278363],[-121.67138800026216,39.946477000032495],[-121.67149899969193,39.946482999886769],[-121.67183000012804,39.946590999928162],[-121.67185500024237,39.946607000200338],[-121.67189399970215,39.946662000117492],[-121.67202599994663,39.946766999961838],[-121.67214200029758,39.946892999700005],[-121.67242599997968,39.947218000090452],[-121.6727780003322,39.947468999778238],[-121.672848999579,39.947523999691064],[-121.67289200013504,39.947568000002711],[-121.67304500029591,39.947618000040784],[-121.67326899970358,39.947684000062594],[-121.67342900043546,39.947766999978732],[-121.67353200036763,39.947860999994539],[-121.67362400042914,39.948072999878342],[-121.67361900040626,39.948397000224595],[-121.67359699976663,39.948539000224244],[-121.67354200041335,39.948674000324047],[-121.67336300031322,39.949052000012522],[-121.67323000024382,39.949292999823882],[-121.67314300020519,39.949513000230546],[-121.67300599993783,39.949748000227736],[-121.6729189998992,39.950032999756409],[-121.67284699992916,39.950208999887145],[-121.67249799994971,39.950709999892929],[-121.672447999721,39.950842000104323],[-121.67245000026915,39.951044999833115],[-121.67252700026205,39.951412999779876],[-121.6725160003914,39.951501000192359],[-121.67251899986611,39.951556000306617],[-121.67250100032277,39.951643999846475],[-121.67236800025339,39.951769000344271],[-121.67204000019034,39.951966000015048],[-121.67157800023296,39.952233999722289],[-121.67134600042937,39.952357000050874],[-121.67127399956102,39.952427999764765],[-121.6711949999183,39.952520999685831],[-121.67108399959024,39.952631000295646],[-121.67097999983315,39.952789999856485],[-121.67060599973934,39.953271999835245],[-121.67055600040894,39.953386999988368],[-121.6704690003703,39.953527000213171],[-121.67042199961632,39.953701999746848],[-121.67026299960766,39.954179000180446],[-121.67017999976699,39.95449699999854],[-121.67024500006431,39.955008000160603],[-121.67029699994286,39.955260999880124],[-121.67040200042317,39.955672999785541],[-121.67054299999015,39.956076999903289],[-121.67069799980085,39.956345999859757],[-121.67084699976378,39.956550000296218],[-121.67090700003823,39.956654000284523],[-121.67111299990253,39.956846999671569],[-121.67138300023929,39.957166999806283],[-121.67146400043013,39.957276000011646],[-121.67148899964619,39.957347999944666],[-121.67144500016356,39.957447000331221],[-121.6714269997219,39.957518000269808],[-121.67138099969115,39.95760000014598],[-121.67129000035287,39.957780999826859],[-121.67117200035209,39.957961999717199],[-121.67083500006819,39.95835100029894],[-121.67067400040972,39.958519999708173],[-121.6704900002867,39.958770000129988],[-121.67029699994286,39.958917000287279],[-121.67019300018578,39.959015999779545],[-121.67014299995706,39.959093000280149],[-121.67010299977412,39.95921299992164],[-121.67012600023862,39.959472000013882],[-121.67016899989633,39.959587000069938],[-121.6702359998435,39.959730000031598],[-121.67033899977567,39.95991100027171],[-121.6704829997157,39.960137000298388],[-121.67065400031824,39.960342999988782],[-121.67090500038839,39.960723000135829],[-121.67089399961944,39.960838000153679],[-121.6708900003198,39.960937000307439],[-121.67087199987812,39.960996999913611],[-121.67058800019599,39.961424000180394],[-121.67052700009663,39.961484999804121],[-121.67036499971492,39.961756000025481],[-121.67031100018657,39.96188800026259],[-121.67027100000358,39.962058000317725],[-121.67020499988136,39.962271999753767],[-121.67016200022364,39.962431000310353],[-121.67013299991133,39.962578999911521],[-121.67003199962897,39.962771000051859],[-121.66995299998626,39.962886000067854],[-121.66987000014558,39.962956999867352],[-121.66964500001468,39.963088000118525],[-121.66953399968661,39.963142999865347],[-121.66941300021109,39.9631939999541],[-121.66924099978365,39.963254000333819],[-121.66909799966854,39.963336000216763],[-121.66900499978212,39.963402000219062],[-121.66892600013938,39.963533000306143],[-121.66890000020011,39.963616000268239],[-121.66889600000216,39.963697999717034],[-121.6689210001165,39.963823999937908],[-121.66898399986572,39.963944999947806],[-121.66904099976709,39.964038999762224],[-121.66925000000448,39.964286000138117],[-121.66949500022689,39.964512000162955],[-121.66971199996185,39.964664000295691],[-121.6699820002986,39.964894999669141],[-121.67021699957691,39.965087999894436],[-121.67041900014159,39.965286000144374],[-121.67100400012261,39.966065000137625],[-121.6713549997519,39.966482999833126],[-121.67146100005711,39.966698000245877],[-121.67150999956259,39.966881999661865],[-121.67152399980627,39.966991999891924],[-121.67152999965407,39.967129000093628],[-121.67152200015649,39.967414000171402],[-121.67146699990488,39.967729999699507],[-121.67139499993488,39.967866999799242],[-121.67122199968249,39.968261999805996],[-121.67093800000036,39.968705999712071],[-121.67082900022044,39.968913999730546],[-121.67076100044835,39.96916099970494],[-121.67066699983872,39.969385999807947],[-121.67058300017312,39.969665000228908],[-121.67050399963209,39.969890000049794],[-121.67045299957846,39.970069000293236],[-121.67040900009584,39.970347999991851],[-121.67042199961632,39.970568000135579],[-121.67037399993575,39.970803999690304],[-121.67030299979064,39.971544999854707],[-121.67018800016291,39.971730999894532],[-121.67011500036799,39.971884999707306],[-121.66993600026784,39.972147999765454],[-121.66968900039564,39.972394000160385],[-121.66955200012829,39.972591000308313],[-121.66950899957226,39.972723000278449],[-121.66941800023399,39.972918000299877],[-121.6693350003933,39.973165000262611],[-121.669265999898,39.973334999813154],[-121.66920499979864,39.973428000214447],[-121.66916200014094,39.973602999760352],[-121.66910400041462,39.973750999958931],[-121.6690960000187,39.973937999765518],[-121.66918999973002,39.97437700007297],[-121.66939399994452,39.975059000005217],[-121.66954100025762,39.975511999910211],[-121.6695749996945,39.975908000029769],[-121.66954200008254,39.976060999836953],[-121.66948099998318,39.976192999989244],[-121.66943800032546,39.976321999891738],[-121.66927500011884,39.976716999914508],[-121.66921300019457,39.976979999965351],[-121.6691730000116,39.977237999997591],[-121.66918100040752,39.977610999770938],[-121.66923699958571,39.977830999941339],[-121.66931399957859,39.97808900020258],[-121.66935600030969,39.978413000143455],[-121.66931199992877,39.978572000330132],[-121.66925500002738,39.978714999818358],[-121.66915700011805,39.978929000115698],[-121.66903099972139,39.979164999711578],[-121.66892299976635,39.979388999740806],[-121.66880800013863,39.979608999693895],[-121.66851600006055,39.980090999918744],[-121.66834000033346,39.980367999670598],[-121.66823200037842,39.980603999803414],[-121.66813000027119,39.980937999747361],[-121.66794600014815,39.981326999695277],[-121.66785699956139,39.981525999865234],[-121.66780700023101,39.981607999856585],[-121.66770699977354,39.981712000274861],[-121.66761300006225,39.981865000165648],[-121.66758399974991,39.981985999904147],[-121.66755100013796,39.982288000307719],[-121.66755699998575,39.982446999737633],[-121.66753199987137,39.98263499997578],[-121.66745200040377,39.982909000033622],[-121.66737299986274,39.983032000247348],[-121.6673369998777,39.983164000012174],[-121.66728800037222,39.983246000102639],[-121.66815100018758,39.983265999874767],[-121.66978800012983,39.983303999838633],[-121.68127100001503,39.983586000250476],[-121.68500600003196,39.983728000139266],[-121.70193799986929,39.984364000130569],[-121.70195600031097,39.984579000050523],[-121.70195899978567,39.984726999880735],[-121.701952000113,39.984810000263721],[-121.70194700009013,39.985073000139678],[-121.70193100019659,39.985321999725166],[-121.70191299975494,39.985920000155836],[-121.70190799973204,39.986321000248658],[-121.70191000028018,39.986547999765847],[-121.70192299980067,39.986799999704836],[-121.70193899969418,39.987590000218404],[-121.70194999956483,39.987688000110388],[-121.701988000098,39.987968000207005],[-121.70201900006013,39.988099000015474],[-121.70205900024312,39.988301999942159],[-121.7021849997415,39.988807999805182],[-121.70222499992445,39.988988000095887],[-121.70224400019104,39.989043000338633],[-121.70226400028251,39.98908299992425],[-121.70231699998597,39.989151999963063],[-121.70234999959794,39.989178999660083],[-121.70242599976589,39.98922900024332],[-121.70249500026121,39.989266000293483],[-121.7027060001484,39.989398999750236],[-121.70282300032427,39.989458999839542],[-121.70309199993778,39.989629000150529],[-121.70323900025087,39.989734000090756],[-121.70338800021378,39.989848000138124],[-121.70350600021456,39.98995299974171],[-121.70356099956784,39.990007999895731],[-121.70360400012385,39.990057999872157],[-121.70367000024609,39.990176000167011],[-121.70378599969874,39.990438000011181],[-121.70393999968454,39.990754999779405],[-121.70409100019558,39.990995999886756],[-121.70416300016561,39.991127000082443],[-121.70418099970894,39.991172999886629],[-121.70419499995266,39.99122699973698],[-121.70420499999837,39.991339000029676],[-121.70421099984618,39.991739999971138],[-121.70423400031071,39.992014999986047],[-121.70423699978545,39.992105999747167],[-121.70426000024997,39.992236999878635],[-121.70433999971762,39.99249400012107],[-121.70437900007568,39.992647999942257],[-121.70442000008357,39.993125999785512],[-121.70443699980198,39.99324300030586],[-121.70450499957404,39.993618000058227],[-121.70453899990923,39.993749000042534],[-121.70457400006934,39.993839000274882],[-121.70461900027516,39.993929999670435],[-121.70467500035167,39.994066000272966],[-121.70475800019236,39.994318999969956],[-121.70487600019312,39.994703000325138],[-121.70497699957714,39.995100999927296],[-121.70501199973724,39.995185999996501],[-121.70521500012684,39.99552699985032],[-121.70530399981529,39.995653999834971],[-121.70542699983893,39.995857999960847],[-121.70556699958102,39.996206000145449],[-121.70559500006844,39.996255999713824],[-121.70563500025139,39.996311000297858],[-121.70568999960469,39.996369999886653],[-121.70583600009286,39.996498000300633],[-121.70595599974344,39.996593999937495],[-121.70604000030737,39.996671000086366],[-121.70612200032311,39.996758000123265],[-121.70619599994296,39.996847999831239],[-121.7062339995778,39.996902999938484],[-121.70626899973792,39.996970999722052],[-121.70631499976865,39.997093000155814],[-121.7063740002182,39.997367999950669],[-121.70639000011171,39.997462999822623],[-121.70642299972369,39.998116999671879],[-121.70641500022609,39.99845500031887],[-121.70639799960934,39.998602999676415],[-121.70637699969292,39.998729000234384],[-121.70633700040825,39.998913000118222],[-121.70630999974578,39.999014999862638],[-121.7063020002482,39.999047999848536],[-121.70628499963141,39.999187000260505],[-121.70626399971505,39.999448000056724],[-121.70626700008808,39.999646999739952],[-121.7062899996543,39.999841000114237],[-121.70637900024106,40.000310000271135],[-121.7064319999445,40.000657999788984],[-121.70645000038618,40.000715999880292],[-121.70649200021899,40.000820000110387],[-121.70659099995318,40.0010380001317],[-121.70661400041773,40.001105999926502],[-121.70662000026549,40.001222999850079],[-121.70659699980096,40.001447999668898],[-121.70659699980096,40.001547000180061],[-121.7066069998467,40.001627999678284],[-121.70667200014405,40.001921999751154],[-121.70646700010464,40.002050000080139],[-121.70640199980728,40.002096999947163],[-121.70634400008097,40.002148999718415],[-121.70623500030102,40.002306999865553],[-121.70619000009518,40.002355999937095],[-121.70613999986645,40.002400999901575],[-121.70608299996508,40.002441999766944],[-121.70600599997216,40.002485999830022],[-121.70592399995641,40.002559999997295],[-121.70584000029083,40.002652999842724],[-121.70576900014569,40.002751000142098],[-121.70570800004634,40.002864999793744],[-121.70566399966539,40.00299100005649],[-121.70559699971825,40.003109999861742],[-121.70557499997695,40.003229000147705],[-121.70557999999981,40.003297999657619],[-121.705606999764,40.003419999797259],[-121.70561699980973,40.003549999728648],[-121.7056629998405,40.003873000201608],[-121.70570499967329,40.00404199990615],[-121.70573399998561,40.004206000094953],[-121.70573700035867,40.004248999890436],[-121.70573399998561,40.004373000029155],[-121.70570499967329,40.004545999818703],[-121.7056779999091,40.004644999966423],[-121.70565600016779,40.004764000329303],[-121.70560799958892,40.00489299995639],[-121.70554999986257,40.005012999694713],[-121.70550800002978,40.005049000331994],[-121.70545500032635,40.005074000323731],[-121.70541400031848,40.005082999960749],[-121.70537199958734,40.005086000068822],[-121.70531100038632,40.005076999744148],[-121.70527299985315,40.005062999695475],[-121.7052250001726,40.005030999671696],[-121.70519599986025,40.004994999712999],[-121.70518199961657,40.004954000004567],[-121.70514499980665,40.004907000039921],[-121.7050910002783,40.004871000015889],[-121.70502599998095,40.00484999987841],[-121.70497699957714,40.004845000139632],[-121.70484600005589,40.00480500015184],[-121.70451600034299,40.004662000227526],[-121.70436599965687,40.004605999675142],[-121.70423599996053,40.00454999976489],[-121.70362199966722,40.004458000255006],[-121.70307900041729,40.004358000018804],[-121.70285799958603,40.004301999905138],[-121.70264699969886,40.004236999998227],[-121.70254799996464,40.004142999737546],[-121.70235799999386,40.004048000213714],[-121.7022399999931,40.003921999837345],[-121.70217100039611,40.003827999831074],[-121.70210199990082,40.003711000242753],[-121.70200499981644,40.003508000010768],[-121.70191699995289,40.003360000274718],[-121.70189799968632,40.003312999900906],[-121.70180999982277,40.003164999742161],[-121.70183699958696,40.003118999757653],[-121.70185900022656,40.003050000066843],[-121.70186199970131,40.002978000105671],[-121.70184499998288,40.002907999745737],[-121.70182700043951,40.002873999721949],[-121.70180999982277,40.002842000048368],[-121.70175799994423,40.002782000017945],[-121.70169099999708,40.002733000252135],[-121.70165300036223,40.002712000145152],[-121.70158200021714,40.00268500029302],[-121.70146400021635,40.002591999803037],[-121.70125800035203,40.002454999819825],[-121.70103400004605,40.002334999714108],[-121.70079600039467,40.00223399996063],[-121.7005450003245,40.002152999805084],[-121.70026099974407,40.002087999916583],[-121.69966999991527,40.001943000101129],[-121.69919600026235,40.001873000056293],[-121.69830099976163,40.001825000180666],[-121.69801200005662,40.001829000286314],[-121.69772599982637,40.001857000330901],[-121.69744399979406,40.001907999743608],[-121.69730300022708,40.001942000248441],[-121.69719500027202,40.001934000050248],[-121.69711599973098,40.001934999903057],[-121.69703700008827,40.001943000101129],[-121.69695900027047,40.001957000101498],[-121.69688399992741,40.001976999900435],[-121.69681199995738,40.002003000180757],[-121.69674400018532,40.002033999708082],[-121.69668100043613,40.002070999702646],[-121.69662299981147,40.002113000304462],[-121.69657099993297,40.002160000128121],[-121.6965259997271,40.002209000305157],[-121.6964839998943,40.002305000170828],[-121.69646800000081,40.002370999699153],[-121.69646100032809,40.002437999697264],[-121.69646200015302,40.002505000317697],[-121.69647300002367,40.002572000184252],[-121.69649300011514,40.002637000300112],[-121.69651599968138,40.002690000189979],[-121.69655500003944,40.002725999987845],[-121.69660000024525,40.002751999982934],[-121.6966510002989,40.00277099970846],[-121.69670599965217,40.002782000017945],[-121.69676199972866,40.002782999858333],[-121.69684499956935,40.002768000186734],[-121.69689499979805,40.002747999931422],[-121.69691900008752,40.002734000093234],[-121.69697799963873,40.002711000303727],[-121.69708700031698,40.002660000114545],[-121.69718799970101,40.002600999767182],[-121.697307000425,40.002512999760896],[-121.69766300007718,40.002354000243805],[-121.69777600005509,40.00234100017169],[-121.69785100039815,40.002338999789885],[-121.69792599984288,40.002343999712174],[-121.69800000036105,40.002355000090468],[-121.69807200033108,40.002372000233699],[-121.69814099992806,40.002394000291332],[-121.6982070000503,40.002422000104211],[-121.69852699971743,40.002586999898909],[-121.69892900029866,40.002860999748847],[-121.69906900004075,40.002936000035952],[-121.69921899982856,40.002999000130878],[-121.69937600018739,40.003050000066843],[-121.69952599997524,40.00308499983894],[-121.69959999959505,40.003113000056565],[-121.69964399997598,40.003138999904287],[-121.69966400006749,40.003150999989479],[-121.69971699977093,40.003199000309166],[-121.69975600012901,40.003254999951309],[-121.6997789996952,40.003315000254183],[-121.69978399971809,40.003377999999394],[-121.69977700004539,40.003429000340368],[-121.69983700031986,40.003739000203659],[-121.69984300016763,40.003952000046375],[-121.6998199997031,40.004164999912639],[-121.69976699999965,40.004374999663305],[-121.69967900013611,40.004596000161477],[-121.69965900004463,40.004685999860428],[-121.69964300015108,40.004823000183663],[-121.69964700034906,40.004961000040417],[-121.69966900009035,40.005097999811802],[-121.69971000009825,40.005231999894797],[-121.69978200006828,40.00539500017527],[-121.69980800000752,40.005437000108486],[-121.69987499995469,40.005513000118569],[-121.69991599996258,40.005547000204295],[-121.70001100039711,40.005603999783929],[-121.70011900035215,40.005643999991626],[-121.70023599962971,40.005665999683039],[-121.7003469999578,40.005671000049794],[-121.70041300008003,40.005687000257609],[-121.70046999998144,40.005716999691003],[-121.70051099998933,40.005759000114224],[-121.70053399955555,40.005809000256725],[-121.70053500027876,40.005861999748468],[-121.70052699988284,40.005890000203394],[-121.70037000042232,40.006030000241367],[-121.70022499975904,40.006190999723714],[-121.70010500010846,40.006358000306996],[-121.70006300027568,40.006397000285517],[-121.6999899995824,40.006478000222579],[-121.69992799965813,40.006565000149919],[-121.69987800032773,40.006655999789132],[-121.6998409996195,40.006750000030138],[-121.69981700022836,40.006847000172392],[-121.69980600035773,40.006948999761924],[-121.69982300007615,40.007001999744759],[-121.69985200038845,40.007065999993834],[-121.6998890001984,40.007127000164594],[-121.69993500022913,40.007185000265096],[-121.69998799993259,40.007238999839885],[-121.70004800020703,40.00728900027454],[-121.70014100009347,40.007348000010971],[-121.70021399988839,40.007383000331998],[-121.70028099983556,40.007432999973076],[-121.70033400043732,40.007493000044519],[-121.70037000042232,40.007559999832608],[-121.70038700014075,40.00763199977807],[-121.70038799996567,40.007660999963989],[-121.70035500035372,40.007697999661346],[-121.70028800040656,40.007752000206459],[-121.70020800004063,40.00779300029874],[-121.70016500038291,40.007809000009168],[-121.70007199959819,40.00782999992451],[-121.69997100021416,40.007835000132765],[-121.69979799996179,40.007791999843654],[-121.6996659997173,40.007773000139331],[-121.69953299964791,40.007764000168855],[-121.69939799992871,40.007765999703686],[-121.69926499985932,40.007779000118923],[-121.69918899969134,40.007791000076629],[-121.6991229995691,40.00779700005468],[-121.69903499970555,40.007815999752331],[-121.69895400041301,40.007849000301057],[-121.69888400009282,40.007894999850862],[-121.69882800001632,40.00795000000484],[-121.69878799983334,40.008014000053208],[-121.69876600009202,40.008081999780764],[-121.69876299971899,40.008153000102006],[-121.69877899961253,40.008222000139902],[-121.69904300010147,40.008857000056345],[-121.69946300022605,40.009575000133012],[-121.69973600003752,40.009854000207653],[-121.69982499972596,40.009969000118602],[-121.69990699974174,40.010103000273013],[-121.69997000038924,40.010242999927428],[-121.70001399987186,40.010388000003942],[-121.7000380001613,40.010534999914206],[-121.70004200035928,40.010682999920633],[-121.70002499974251,40.010839000137821],[-121.70004599965891,40.010908000212829],[-121.70007800034428,40.010978999658761],[-121.70012000017707,40.011048000280248],[-121.7001720000556,40.011112999894479],[-121.70023099960684,40.011173999888989],[-121.70029900027721,40.011229999869784],[-121.70037399972196,40.01127899972925],[-121.70045900011078,40.011324999719797],[-121.70051199981422,40.011393000277238],[-121.70056299986784,40.011444999848358],[-121.70062200031742,40.011492999840733],[-121.7006859998915,40.011535999862573],[-121.70075600021173,40.011573000211683],[-121.70083099965646,40.011604999920976],[-121.70090599999952,40.011628000154289],[-121.70103599969588,40.011657999728982],[-121.70117399978814,40.011678000126203],[-121.70125300032917,40.011683999762603],[-121.70137299997977,40.011702000044671],[-121.70148599995767,40.011728000061481],[-121.70152799979046,40.01173399969349],[-121.70157100034649,40.011754999777366],[-121.70159499973762,40.01177899966877],[-121.70160800015641,40.011806999760736],[-121.70160599960828,40.011846000066257],[-121.70159499973762,40.011869000218361],[-121.70121200032131,40.012080999759661],[-121.70097100029687,40.012304000169763],[-121.70095399968011,40.01235400033449],[-121.70095200003028,40.012396000114272],[-121.70096200007603,40.012437999868247],[-121.70098200016753,40.012476999813266],[-121.70103200039621,40.012528000236905],[-121.70107599987885,40.012553999939115],[-121.7011489996738,40.012578999934462],[-121.70120700029841,40.0126249997369],[-121.70124499993324,40.012664000263044],[-121.70127800044352,40.012705999852109],[-121.70130500020771,40.012750999874562],[-121.7013260001241,40.012797000249122],[-121.70134100019271,40.012844999978668],[-121.70134899969031,40.012892999674456],[-121.70135000041353,40.012941999716119],[-121.70134500039069,40.012990999722604],[-121.70133299979679,40.013039000003793],[-121.70131400042852,40.013085999873674],[-121.70128299956811,40.013141999661798],[-121.7013060000326,40.013224000226906],[-121.70138499967533,40.013325999919765],[-121.70147400026211,40.013426999775696],[-121.70153299981335,40.013537000068666],[-121.70157100034649,40.013630000096747],[-121.70157999966899,40.013723999678248],[-121.70161900002708,40.013793999955851],[-121.70169799966979,40.013887999999497],[-121.7017770002108,40.013966000274081],[-121.70190600008225,40.014075999698328],[-121.70203499995365,40.014170999715127],[-121.70208400035747,40.01428799995243],[-121.70211199994658,40.014396999875437],[-121.70212799984009,40.01460699979809],[-121.70225699971151,40.014732000051339],[-121.70257399990393,40.015014999707219],[-121.70288199987549,40.015312999923992],[-121.70304099988415,40.015424000272404],[-121.70316999975559,40.015526000117262],[-121.70330899967274,40.015643999747589],[-121.70343800044249,40.015793000021347],[-121.70373299999528,40.016207999978505],[-121.70399900013406,40.016551999709343],[-121.70420499999837,40.01685700028635],[-121.70427000029571,40.016893000181092],[-121.70434700028862,40.017063999937534],[-121.70441400023576,40.01728199968565],[-121.70446899958904,40.017577999699498],[-121.7045029999242,40.017880999892306],[-121.70461699972702,40.018293000007645],[-121.70480699969784,40.018648000052259],[-121.70472200020733,40.018880000213379],[-121.7046490004124,40.018972999840038],[-121.7046269997728,40.019072999992481],[-121.70464400038954,40.019267000200571],[-121.70476200039033,40.019392999770758],[-121.70524199989102,40.019638999964556],[-121.70553300014414,40.019758000330135],[-121.7056479997719,40.019817999886499],[-121.70577699964332,40.019928000197481],[-121.70585500035943,40.020083999921638],[-121.70601199981995,40.020311000034141],[-121.7061209995999,40.020405000044512],[-121.70629399985225,40.020621000280215],[-121.70636099979941,40.02079200032582],[-121.70644899966295,40.020948000138446],[-121.70646700010464,40.021064999763901],[-121.70650499973945,40.021189000312106],[-121.70652200035622,40.021328999927889],[-121.70659299960302,40.021581999728483],[-121.70659000012827,40.021745000177177],[-121.7066069998467,40.021947000273066],[-121.70665399970238,40.022111000094959],[-121.70665100022765,40.022266000088592],[-121.70671800017479,40.022452999856384],[-121.70683700000048,40.02259399986842],[-121.70690099957456,40.022683999914044],[-121.70700000020707,40.02275500017965],[-121.70709899994131,40.022840999762884],[-121.70718799962974,40.022958999814605],[-121.70726600034588,40.023091000143637],[-121.70727399984348,40.023223000217286],[-121.70724999955404,40.023408999887586],[-121.70717699975908,40.023539999809657],[-121.70712400005566,40.023663999987278],[-121.70704100021497,40.023809999974105],[-121.70701399955249,40.023892000102933],[-121.70700199985691,40.023977000098938],[-121.70704100021497,40.024047000177937],[-121.70712700042871,40.02429600005383],[-121.70718400033012,40.024530000003992],[-121.70719199982771,40.024639000077201],[-121.70721000026937,40.024732000109196],[-121.70723899968338,40.024817999952049],[-121.70724200005643,40.02491499986867],[-121.7071900001779,40.024998999763021],[-121.70714800034511,40.025100000227944],[-121.70712599970547,40.025185000094666],[-121.70711400000989,40.025286000284169],[-121.70711599965973,40.025460000232741],[-121.70717099991133,40.025732000061836],[-121.70726799999569,40.02592800028804],[-121.70736599990499,40.026099000102683],[-121.70747399986,40.026255999659668],[-121.70759299968572,40.026373999995826],[-121.70789999983238,40.026664000082995],[-121.70811800029057,40.026914999699272],[-121.70815299955237,40.026926999731764],[-121.70837100001057,40.027146999953814],[-121.7084299995618,40.027240000006294],[-121.70847800014067,40.027334000100581],[-121.70851699960045,40.027428000065406],[-121.7085350000421,40.027528999685607],[-121.70852300034653,40.027637000305916],[-121.70848999983623,40.027776000285776],[-121.70843700013278,40.027922999887068],[-121.70836299961465,40.028108999812957],[-121.70833900022352,40.02827100033366],[-121.70832699962965,40.028395000166583],[-121.70832699962965,40.028640000083591],[-121.70833500002556,40.028756000127579],[-121.70837299966038,40.028888999704066],[-121.70841200001844,40.028982000133063],[-121.70846999974476,40.029092000114318],[-121.70855900033153,40.029200999777025],[-121.70860799983703,40.029302999663294],[-121.7086549996927,40.029466000237157],[-121.70877299969349,40.029614999906158],[-121.70884300001366,40.02968499970293],[-121.70892099983148,40.029794999926231],[-121.7089939996264,40.029955000309585],[-121.70930300032121,40.030694999780039],[-121.70937199991819,40.030787999810194],[-121.70946900000257,40.030945000268623],[-121.70954299962239,40.031108999783285],[-121.70959500039926,40.031279000256397],[-121.70962299998834,40.031450999834554],[-121.70962700018632,40.031624999878197],[-121.70960000042213,40.03184299987565],[-121.70959200002621,40.031955999672753],[-121.70956899956168,40.03213400019682],[-121.70956600008694,40.032289000116386],[-121.70967900006482,40.032701999984006],[-121.7097180004229,40.032811000068214],[-121.70973500014135,40.03294299990543],[-121.70972900029356,40.033005999815842],[-121.7097390003393,40.033051000207486],[-121.70977699997414,40.03311199985037],[-121.70981499960897,40.033145999943358],[-121.70987700043158,40.033181000102296],[-121.70992699976195,40.03321500016088],[-121.70999299988421,40.033268999773995],[-121.71005099961053,40.033327999748245],[-121.71010099983924,40.03339200007067],[-121.71014199984711,40.033458999881681],[-121.71017399963416,40.033528999860351],[-121.71022100038815,40.03368600019968],[-121.71024099958133,40.03380799967055],[-121.71024399995436,40.033930999682923],[-121.71023499973354,40.034030999920972],[-121.71021399981713,40.034107999797975],[-121.71017500035741,40.034206999708573],[-121.7100919996184,40.034381999664568],[-121.71004899996069,40.034506000080789],[-121.70998600021153,40.034661000112116],[-121.70996299974698,40.034785000021053],[-121.7099500002265,40.034932000336553],[-121.70999600025723,40.035172999943725],[-121.71001499962553,40.035243000226536],[-121.71023999975641,40.035353999790736],[-121.71030900025171,40.035463999812642],[-121.71029699965781,40.035557000217985],[-121.71025400000012,40.035688000196672],[-121.71019100025092,40.035811000257297],[-121.71010900023516,40.035904000189433],[-121.710042000288,40.036011999929286],[-121.70925100044268,40.036515999663422],[-121.7090499997029,40.036668999877335],[-121.70900799987011,40.03672700031823],[-121.70899199997659,40.036792000231955],[-121.70899600017454,40.036837000188854],[-121.7090210002889,40.036893999770662],[-121.70907900001522,40.036958000185479],[-121.70916199985588,40.037018999772684],[-121.70925999976521,40.037066000319427],[-121.70931300036695,40.03708300007024],[-121.70938500033698,40.037098999791311],[-121.7094580001319,40.03712699981007],[-121.70953000010194,40.037170000184894],[-121.70958899965315,40.037223000081767],[-121.70963200020918,40.03728500014244],[-121.7096620003464,40.037374000042206],[-121.70990400019573,40.037891000207686],[-121.71005399998356,40.038169000045016],[-121.7101179995577,40.038392999797011],[-121.71016199993862,40.038595000115215],[-121.71018700005295,40.038833999844876],[-121.71018200003009,40.038879999829092],[-121.71018299985499,40.038932999772449],[-121.71019200007584,40.038985999674559],[-121.71020799996936,40.039037000229257],[-121.71022999971068,40.039087000061798],[-121.71025999984789,40.039134999866512],[-121.71029500000799,40.039180000340501],[-121.71033699984079,40.0392230001085],[-121.71038399969645,40.039260999880923],[-121.71043599957498,40.039296000340279],[-121.7105069997201,40.039333000079374],[-121.71060700017755,40.03941600010868],[-121.71071799960728,40.039528999737676],[-121.71081300004185,40.039648999783758],[-121.71089099985964,40.039777000196217],[-121.7109510001341,40.039910000289652],[-121.71099799998979,40.040068999657557],[-121.71102300010413,40.040252000222921],[-121.71102899995192,40.040446000037889],[-121.71109199970111,40.040699999748185],[-121.71130500013643,40.041268999680682],[-121.711324000403,40.041373000013216],[-121.71132600005284,40.041450999814664],[-121.71131799965694,40.041529000214624],[-121.71129900028865,40.04160599987825],[-121.71126900015143,40.041681000226234],[-121.71122899996845,40.041753999889636],[-121.71117999956464,40.041821999694243],[-121.71114799977761,40.041859000125768],[-121.7111129996175,40.041937000058979],[-121.71109599989906,40.042027999982828],[-121.7111050001199,40.042119999737089],[-121.71113799973185,40.042208000253005],[-121.71119499963328,40.042289000322675],[-121.71123599964115,40.042330000295792],[-121.71199600042267,40.043170000188724],[-121.71212199992105,40.04323999982725],[-121.71233799983109,40.043383999997346],[-121.71253299982476,40.043543000204338],[-121.71270500025223,40.043718000271653],[-121.71285199966702,40.043904999685978],[-121.71296800001795,40.044093999808574],[-121.71313700007236,40.04442000001125],[-121.71379800022136,40.04534800018773],[-121.71383800040431,40.045478999924399],[-121.71386000014563,40.045611999898185],[-121.71386299962039,40.045747000097421],[-121.71384900027496,40.045881000132709],[-121.71381599976471,40.046013000115202],[-121.7137739999319,40.046123000134621],[-121.71371399965743,40.046207999934254],[-121.71361499992327,40.046303999799022],[-121.71361300027343,40.046422999723042],[-121.71362900016695,40.046586999838439],[-121.71363599983964,40.046729000047385],[-121.71365400028129,40.046841000051984],[-121.71364199968743,40.046945000137079],[-121.71359999985464,40.047094000127942],[-121.71355999967166,40.047190000120274],[-121.71350000029553,40.047263999950523],[-121.71340999988382,40.047396999880192],[-121.71328299966224,40.047477999973893],[-121.71317499970721,40.04756200027505],[-121.71314399974504,40.047595000168549],[-121.71310699993515,40.047654999996553],[-121.71308600001875,40.04771899993824],[-121.71308299964568,40.047786000113682],[-121.71309900043754,40.04785099980009],[-121.71313100022456,40.047912999824128],[-121.71322599976081,40.048034000107862],[-121.71329500025611,40.048147999758122],[-121.71334899978446,40.048266000039852],[-121.7133730000739,40.048340000077332],[-121.71337600044696,40.048433999971941],[-121.71336499967801,40.048530999997915],[-121.71334100028687,40.048627000029548],[-121.71329299970797,40.048765000010036],[-121.71327199979159,40.048804999673152],[-121.71321300024036,40.048877000107773],[-121.71317700025534,40.048909000200105],[-121.71309199986652,40.048964000302242],[-121.71304500001085,40.048985999780584],[-121.71296299999509,40.04901299988078],[-121.71282699955265,40.049034000180505],[-121.7126609998713,40.049070000286413],[-121.71209699980668,40.049141999753452],[-121.71196600028543,40.048966999856447],[-121.71190099998809,40.048855999759617],[-121.71187400022393,40.048774999928007],[-121.71185699960716,40.048700999675134],[-121.7118590001553,40.048584000003437],[-121.71183599969079,40.048506000110763],[-121.71172899956065,40.048346999788635],[-121.71168400025313,40.048206999924517],[-121.71163800022238,40.048132999742649],[-121.71151600002364,40.048007000307557],[-121.71145099972631,40.047917999845787],[-121.71134799979416,40.047821000322813],[-121.71118899978548,40.047607000000873],[-121.71112400038648,40.047532999855342],[-121.71102999977684,40.047457999755949],[-121.71093600006552,40.047331999760821],[-121.7109090003013,40.047280000033311],[-121.71084300017908,40.047191999875153],[-121.71073100002609,40.047072999918164],[-121.71064599963728,40.046994999671831],[-121.71058999956078,40.046932000307038],[-121.71054400042833,40.046858000116387],[-121.71049199965148,40.046812999896176],[-121.71041200018387,40.046776000090148],[-121.71031099990152,40.046751000247035],[-121.71023100043388,40.046743999684161],[-121.71018299985499,40.0467580001215],[-121.71012500012867,40.046787000183279],[-121.70999600025723,40.046905000070204],[-121.70983399987554,40.047033999806153],[-121.70975600005775,40.047077000122336],[-121.70967900006482,40.047112999886458],[-121.70963600040713,40.047128000126378],[-121.70954500017052,40.047178000214601],[-121.70944700026125,40.047279000157211],[-121.70931800038981,40.047489999826809],[-121.70925899994029,40.047578000287949],[-121.70909300025893,40.047766999855057],[-121.7090060002203,40.047854000090943],[-121.70892800040248,40.047941000215793],[-121.70877199986857,40.048086999812135],[-121.70864499964695,40.048216999924342],[-121.70853800041516,40.048311999849574],[-121.70829499984259,40.048565999824532],[-121.70806100038918,40.048791000343854],[-121.70791400007609,40.048897999761785],[-121.70783700008319,40.048932000235723],[-121.70776799958789,40.048975000042304],[-121.70770300018889,40.04902199991178],[-121.70760600010451,40.049116000241234],[-121.70750399999724,40.04919900005126],[-121.70739299966915,40.049245999766292],[-121.70730700035378,40.049275000144888],[-121.70719500020074,40.049284000141348],[-121.707105999614,40.049271999916627],[-121.70693499990978,40.049218999758388],[-121.70669600043347,40.049158000083153],[-121.70653499987667,40.049126999956712],[-121.70619000009518,40.049123999721942],[-121.70596699961411,40.049135999972719],[-121.70564500029715,40.049190000043573],[-121.70535700041705,40.049184000267068],[-121.70526700000539,40.049173999721432],[-121.70515900005033,40.049154999849691],[-121.7049590000338,40.049102000288144],[-121.70474999979643,40.049071000136287],[-121.70452100036589,40.04904499990927],[-121.70434899993843,40.049035999881305],[-121.70420499999837,40.049034000180505],[-121.70408699999763,40.04902199991178],[-121.70400599980677,40.04899499981515],[-121.70394399988248,40.048969000246814],[-121.70387799976024,40.048927000288444],[-121.70378800024689,40.048883999763923],[-121.70373200017036,40.04886599966423],[-121.70365099997952,40.048840999899937],[-121.70360099975079,40.048840000046745],[-121.70353600035179,40.048838000340204],[-121.70343800044249,40.048909000200105],[-121.70341599980289,40.04897900013485],[-121.70341300032815,40.049049999847895],[-121.70343000004658,40.049121000174651],[-121.70346500020668,40.049186999811575],[-121.70370399968296,40.049519000162412],[-121.70419400012773,40.049907000138759],[-121.70455800017579,40.050204000078018],[-121.70477300026096,40.05043799984805],[-121.70484299968284,40.050493000091699],[-121.70489000043683,40.050540000289786],[-121.70492899989655,40.050590999765816],[-121.70496200040684,40.050644000232509],[-121.7049869996229,40.050700000135912],[-121.70500500006456,40.050756999818461],[-121.70501400028537,40.050815999789499],[-121.70501599993521,40.050874999709485],[-121.70500900026251,40.050934000266032],[-121.70499500001883,40.050992000262177],[-121.7049730002775,40.051047999879728],[-121.70494300014026,40.051101999811138],[-121.70470600031381,40.052164999657506],[-121.70466799978067,40.052261999875043],[-121.70461699972702,40.052355000060281],[-121.70455399997786,40.052442999741665],[-121.70447899963479,40.052526000313733],[-121.70439300031936,40.052602000135884],[-121.7042970000599,40.052670999919073],[-121.70417499986115,40.052741000116079],[-121.70403599994401,40.052748999858977],[-121.70370000038331,40.052788999934549],[-121.70339800025954,40.05283899999602],[-121.7028409998676,40.052956999720628],[-121.70274799998118,40.052988999960398],[-121.70268400040707,40.053018999913618],[-121.70262400013264,40.053054000186179],[-121.70258700032272,40.053081000050206],[-121.70256899988107,40.053094000082808],[-121.70252000037556,40.05313700001421],[-121.70247699981955,40.05318500024142],[-121.70244099983452,40.053235000012364],[-121.70239099960584,40.053322000145222],[-121.70238800013108,40.053351999951929],[-121.70240200037479,40.053390000100656],[-121.70243499998676,40.05341999987737],[-121.70272600023986,40.053537999971297],[-121.7029320001042,40.053646999754122],[-121.70339700043462,40.054097000197821],[-121.70357900000951,40.054259000180238],[-121.70371700010175,40.054344999921085],[-121.70384199977524,40.05446200001785],[-121.70391999959303,40.054578000144737],[-121.70393399983674,40.054679000124025],[-121.7039380000347,40.054836999662065],[-121.70392100031627,40.05499399975843],[-121.70386199986672,40.05520800026639],[-121.70383199972947,40.055283999848136],[-121.70378700042197,40.055365000195664],[-121.70373200017036,40.055442000046291],[-121.70366699987304,40.055513999658231],[-121.7035920004283,40.055580999734936],[-121.7035079998644,40.055641000096642],[-121.70341699962778,40.055694000074311],[-121.70330799984785,40.055744000067271],[-121.70306299962547,40.055896999762943],[-121.70275800002695,40.056106999824095],[-121.70257100042919,40.056211000210631],[-121.70230199991735,40.056367999891904],[-121.70216499965001,40.056426999818804],[-121.70209000020526,40.056471000138913],[-121.70202099970997,40.056519999821262],[-121.70195999961059,40.056574000230185],[-121.70190699990715,40.056633999717612],[-121.7018609998764,40.056696999741398],[-121.70182499989137,40.056763000293174],[-121.70179599957906,40.056837999779951],[-121.7017839998835,40.056881999834687],[-121.70179300010432,40.057007000319558],[-121.70189400038667,40.057159000198723],[-121.70198499972497,40.057239999692733],[-121.70205300039534,40.057330000087219],[-121.70206799956563,40.057380999982975],[-121.70206199971784,40.057434999709614],[-121.70203499995365,40.057484999800359],[-121.70198899992292,40.057526000259934],[-121.70192799982354,40.057554000140385],[-121.70190400043241,40.057559000142327],[-121.70141200033783,40.05757999987167],[-121.70124999995612,40.057596000283212],[-121.70119100040489,40.057596000283212],[-121.70114000035127,40.057609999866692],[-121.70109699979524,40.057634999852446],[-121.70106699965801,40.057669000093384],[-121.70105099976448,40.057708000308423],[-121.7010519995894,40.057749999668758],[-121.70107000003107,40.057788999837442],[-121.70110199981812,40.057822000280098],[-121.70114600019905,40.05784599977936],[-121.70119800007757,40.057857999869633],[-121.70173100018006,40.057823999723006],[-121.70189299966346,40.057808000052582],[-121.70198499972497,40.057818000018898],[-121.70210000025101,40.057872000086874],[-121.70222699957431,40.057891000278829],[-121.70236600038976,40.057865999699416],[-121.70246000010111,40.057805000199899],[-121.70240499984952,40.057626999995499],[-121.70237200023755,40.057564000143962],[-121.70239099960584,40.057514999837196],[-121.70240499984952,40.057456999891556],[-121.70241200042055,40.057398000168902],[-121.70240999987239,40.057338999707575],[-121.70240099965154,40.057279999882752],[-121.70238300010821,40.057223000154963],[-121.70235600034403,40.057164000229712],[-121.70234399975016,40.057110000288262],[-121.70234700012321,40.057051000265162],[-121.70236499966654,40.056992999924603],[-121.70239900000173,40.056940000269677],[-121.7024459998574,40.056892999672023],[-121.70255100033769,40.05681999971813],[-121.70264099985107,40.056766999928655],[-121.70273799993545,40.056722000062102],[-121.70282800034714,40.056690000199964],[-121.70287500020279,40.056688000036196],[-121.70294799999775,40.056696000003384],[-121.70301800031794,40.056714999835705],[-121.70308100006713,40.056745999948774],[-121.70316800010576,40.056737000250102],[-121.70322199963411,40.056719999899222],[-121.70327100003793,40.056695000265364],[-121.70331399969562,40.056659000061423],[-121.70354800004738,40.056511000092684],[-121.70395499975314,40.056426999818804],[-121.70422300044005,40.056295999807105],[-121.70470100029095,40.056074999673179],[-121.70498199960001,40.055936000304534],[-121.70520400025617,40.055779000315589],[-121.70531100038632,40.055629000303611],[-121.70539400022697,40.055540999922883],[-121.70546600019699,40.055399000193987],[-121.70551499970252,40.055266999822379],[-121.70555200041073,40.055125000210218],[-121.70558800039574,40.055036000103918],[-121.70563500025139,40.055010000089553],[-121.7057110004194,40.054938999708881],[-121.70577800036654,40.054976999660326],[-121.70586899970483,40.05503500034154],[-121.70594700042093,40.055097999780806],[-121.70601600001793,40.055168000235355],[-121.70607499956915,40.055243000102386],[-121.70612300014804,40.05532200029478],[-121.70616099978288,40.055405000111072],[-121.70618900027027,40.055501999842782],[-121.70620199979075,40.055593000224071],[-121.70620599998873,40.055738999932096],[-121.70619000009518,40.055885000014932],[-121.70615400011016,40.056027999854109],[-121.70607600029237,40.056212999700854],[-121.70604100013226,40.056263000000627],[-121.70599900029947,40.056308999913981],[-121.70595099972057,40.056351999879631],[-121.70589800001714,40.05638999973079],[-121.70584000029083,40.05642399990532],[-121.70565100014494,40.056508000182951],[-121.70557599980187,40.056551999763165],[-121.70550800002978,40.056601000074799],[-121.70544600010551,40.056656000158156],[-121.70539300040205,40.056714999835705],[-121.70534800019624,40.056777999784558],[-121.70531100038632,40.056844999993714],[-121.70528500044702,40.05691099971456],[-121.7052899995716,40.057057000036757],[-121.70532800010474,40.057274000130754],[-121.70542099999116,40.057592999733657],[-121.70546500037209,40.057642999708463],[-121.70549499961102,40.05769999977246],[-121.70550999967962,40.05776100005356],[-121.70550700020489,40.057822000280098],[-121.7054879999383,40.057882000043797],[-121.70545299977822,40.057936999780821],[-121.70540400027272,40.057985000065088],[-121.70535499986893,40.058017999725202],[-121.70529499959447,40.058082999967453],[-121.70525600013474,40.058136999825429],[-121.7052250001726,40.05819400016378],[-121.70520099988312,40.058254000287555],[-121.70518599981452,40.058315000072717],[-121.70515499985238,40.058525000245531],[-121.70512499971514,40.058804999927659],[-121.70513899995886,40.059351999754071],[-121.70506299979088,40.059885999892558],[-121.70505299974513,40.059987000255447],[-121.70506600016392,40.060153000111349],[-121.70510399979875,40.060319000250374],[-121.70520900027904,40.060478999827623],[-121.70552399992333,40.060915000258099],[-121.70567000041153,40.061070000066891],[-121.70587200007786,40.061307000042028],[-121.70591800010862,40.061350999961192],[-121.7059459996977,40.061386999748869],[-121.7059869997056,40.061465000025777],[-121.70600000012439,40.061506000153202],[-121.70600699979708,40.061547999922674],[-121.706007999622,40.061589999666325],[-121.70600299959914,40.061632000071626],[-121.70598099985781,40.061720999813552],[-121.70597599983495,40.061763000138093],[-121.70597699965984,40.06180499974915],[-121.70599599992642,40.061887999919406],[-121.70601400036807,40.06192800013104],[-121.70606600024664,40.062001999773081],[-121.70611999977498,40.062053999956589],[-121.70616400015591,40.062078000027853],[-121.70621000018667,40.062088999713943],[-121.7062339995778,40.062090999719231],[-121.70634300025606,40.062232000284254],[-121.70643100011961,40.062400999821271],[-121.70650399991453,40.062479000312386],[-121.70661900044057,40.062568999974765],[-121.70681199988611,40.062753999938735],[-121.70685700009196,40.062777999763462],[-121.70690800014559,40.062789999672688],[-121.70696199967394,40.062789000024075],[-121.70701299972757,40.062775999778395],[-121.7070560002836,40.062751000303848],[-121.70715599984268,40.062632000011483],[-121.70721600011717,40.062505999879853],[-121.70750599964708,40.062037999904327],[-121.70753099976143,40.061972999997252],[-121.70755900024882,40.061920999751933],[-121.70759400040893,40.061873000177776],[-121.70763500041683,40.061826999895253],[-121.70768300009739,40.061785000297704],[-121.70773599980083,40.061747000017498],[-121.70781100014392,40.061704000018615],[-121.70789300015969,40.06168100016793],[-121.70796099993171,40.061669000063432],[-121.70803000042702,40.061661999657701],[-121.70809900002399,40.06166099999254],[-121.70816900034418,40.06166599969319],[-121.70827499975111,40.061683999849976],[-121.70833400020064,40.061708999716103],[-121.70839899959965,40.061718999797456],[-121.70846399989699,40.061712000084405],[-121.70852400017145,40.06169100025344],[-121.70855799960832,40.061669000063432],[-121.70859600014148,40.061626999680939],[-121.70861500040803,40.061578999899673],[-121.70861700005787,40.061560000048537],[-121.70866700028657,40.061516999931641],[-121.70875900034807,40.061467000049376],[-121.708944000296,40.061348000264474],[-121.70912800041904,40.061242000125112],[-121.70918600014534,40.061242000125112],[-121.70931699966658,40.061300999957112],[-121.70933099991029,40.061317999852598],[-121.70934900035195,40.061340000155951],[-121.70939799985743,40.061377999975612],[-121.70943100036772,40.061429999947869],[-121.70942100032198,40.061498999730723],[-121.70937799976595,40.061562999735919],[-121.70933500010827,40.061644999848042],[-121.70929099972734,40.06179699969428],[-121.70931400019184,40.061899000323713],[-121.70940299988033,40.062027000210001],[-121.70942299997181,40.062078999686896],[-121.7094580001319,40.062130000153353],[-121.70950599981249,40.062174000228566],[-121.70956600008694,40.062208999924323],[-121.7096330000341,40.062234000285294],[-121.70969699960818,40.062246999946851],[-121.70976600010349,40.06225299994852],[-121.70985300014212,40.062248000290957],[-121.70993699980771,40.062230000283165],[-121.71001399980061,40.062198000257609],[-121.7100480001358,40.062178000233985],[-121.71010300038738,40.06218800024655],[-121.7101610001137,40.062220000276803],[-121.71020100029668,40.062284000292223],[-121.71024899997722,40.062380000202673],[-121.71030599987866,40.062432000097679],[-121.71038799989442,40.062489999933739],[-121.71050300042046,40.062541999744795],[-121.71068400017042,40.062582000259944],[-121.71096299982968,40.062687000039574],[-121.71170500016952,40.062886000245172],[-121.71188400026966,40.062896999800813],[-121.71192399955433,40.062912000004538],[-121.71194600019393,40.062929999832143],[-121.71196299991237,40.062962000201424],[-121.71196200008745,40.062995999846805],[-121.71192600010245,40.06305900017616],[-121.71188199972151,40.063098999700301],[-121.71182399999522,40.063125999709534],[-121.71175799987297,40.06313800024499],[-121.71171299966713,40.063136999913951],[-121.71166699963636,40.063127999684326],[-121.71160100041246,40.06312700004073],[-121.71137799993136,40.063086000201302],[-121.71116500039435,40.063001000136964],[-121.7109999996396,40.062923000243515],[-121.71083599960807,40.062876999982386],[-121.71058799991097,40.062822999755795],[-121.7104230000545,40.062814999820461],[-121.71023999975641,40.062837999975812],[-121.71004899996069,40.062873999665378],[-121.70994100000568,40.06290499972652],[-121.70977000030143,40.063001999782465],[-121.70958399963028,40.063140000219434],[-121.70953400029988,40.063165999881868],[-121.70947800022338,40.063184000329848],[-121.70938799981172,40.063192999864555],[-121.70932900026048,40.063186000302935],[-121.70927200035905,40.063169999829043],[-121.70922100030545,40.063146000142396],[-121.70920000038905,40.063132000321261],[-121.70911099980228,40.063028999830138],[-121.70889099969423,40.062849000226734],[-121.70884399983858,40.062830000042233],[-121.70879100013512,40.062822000107722],[-121.70873800043167,40.062826999723164],[-121.70870400009649,40.062837000327953],[-121.70865800006574,40.062865000088536],[-121.7086270001036,40.062898999782327],[-121.70861100021008,40.062939000087887],[-121.70861200003498,40.06298000001577],[-121.70862999957832,40.063020000273823],[-121.70876000017299,40.063190999891667],[-121.7088310003181,40.063338000148832],[-121.70884600038673,40.063420999826533],[-121.7088599997321,40.063593000137303],[-121.70885700025737,40.063725999828002],[-121.708872000326,40.063828000319532],[-121.70887800017378,40.063948999848598],[-121.70891499998369,40.064160000160932],[-121.70894599994581,40.064267999826825],[-121.70894299957278,40.064452999989847],[-121.70893300042538,40.064553999770204],[-121.70885399988431,40.064769999744129],[-121.70882000044745,40.064839000269416],[-121.70875199977706,40.064927999947024],[-121.70869200040093,40.064997000312275],[-121.70859399959332,40.06506700022279],[-121.7085569997834,40.065101000192691],[-121.70850800027792,40.065124000263793],[-121.70845200020142,40.065133999843958],[-121.70833400020064,40.065133000229743],[-121.70782100018965,40.065108000245061],[-121.70777799963363,40.065108999859646],[-121.707738000349,40.065099999890542],[-121.70769399996804,40.065072999976103],[-121.70766800002878,40.065035999770402],[-121.70766300000591,40.065003999687832],[-121.70766600037896,40.064963000290476],[-121.70764799993731,40.064904000192165],[-121.70762299982293,40.064868999818394],[-121.70757000011947,40.064825999727404],[-121.70752599973855,40.064805000168761],[-121.70745100029379,40.064787000149011],[-121.70721399956903,40.064776999830464],[-121.70703199999416,40.064794000233647],[-121.7069099997954,40.064789000075102],[-121.70683399962742,40.064778000137423],[-121.70676000000758,40.064760000110546],[-121.70668800003754,40.064736999916541],[-121.70660299964875,40.064700000215907],[-121.7062820001567,40.064582000200147],[-121.70616699963067,40.064555000080368],[-121.70608399978998,40.064542000171734],[-121.70592800015436,40.064544000104959],[-121.7058539996362,40.064566000054064],[-121.7058190003744,40.064604000136988],[-121.70580099993275,40.064649999919567],[-121.70580199975767,40.064696999979127],[-121.70582299967407,40.064742000078965],[-121.70598599988068,40.064927999947024],[-121.70603699993428,40.064979000343264],[-121.70613400001869,40.06503000001387],[-121.70621900040751,40.065060999781494],[-121.70642600009674,40.065158999819097],[-121.70655900016614,40.065236999902588],[-121.70660799967162,40.065282000333177],[-121.70664399965662,40.065334000075687],[-121.70666600029625,40.065390000282854],[-121.70667100031912,40.06544899996026],[-121.70666100027339,40.065506999977892],[-121.70665299987746,40.065528000007646],[-121.70663000031122,40.065694000113197],[-121.7065859999303,40.065920000062285],[-121.7065299998538,40.066125000109814],[-121.70649700024185,40.066361999687679],[-121.70650200026472,40.066419000020076],[-121.70652300018112,40.066473000146281],[-121.70655699961799,40.066522999792106],[-121.70660500019689,40.066566000186889],[-121.70666299992321,40.066600000096145],[-121.70675099978673,40.066632999708723],[-121.70679000014482,40.066671000013649],[-121.7068450003964,40.066750000018857],[-121.70686399976464,40.066791999992994],[-121.70687700018343,40.066835000217971],[-121.70688399985615,40.066879000004413],[-121.70688499968107,40.06692400003783],[-121.7068799996582,40.066967999766796],[-121.70685799991688,40.067042999708022],[-121.70681500025917,40.067128000229019],[-121.70678599994685,40.067207999975452],[-121.70676400020552,40.067349000262347],[-121.70674800031203,40.067493999950642],[-121.70675199961165,40.06762999969547],[-121.70673099969527,40.067725000058729],[-121.70671499980176,40.067864999701364],[-121.70668600038776,40.067993000065606],[-121.70665100022765,40.068068000253206],[-121.70659599997605,40.068135999930306],[-121.70656199964088,40.068166000089754],[-121.70650599956437,40.068204999796087],[-121.70642199989877,40.068226999937856],[-121.70634300025606,40.068255000233016],[-121.70626999956283,40.068290000242065],[-121.70620099996583,40.068330000132143],[-121.70613800021667,40.068374999894502],[-121.70606100022377,40.068446000024338],[-121.70601699984282,40.068512000194872],[-121.70598300040595,40.068550000139034],[-121.70589800001714,40.068618000022425],[-121.70584899961332,40.068646999719476],[-121.7057969997348,40.068671000218025],[-121.70547899971749,40.068776000237442],[-121.70521699977668,40.068843999895172],[-121.70502000013316,40.068862000217813],[-121.70492200022387,40.068859999723891],[-121.70483699983505,40.06886500027116],[-121.70477099971284,40.068879000289044],[-121.70468399967419,40.068887999758843],[-121.70448200000783,40.068895999668506],[-121.70440300036512,40.06890499982358],[-121.70434399991557,40.068918999833251],[-121.70426100007489,40.06895400018859],[-121.70422900028784,40.068982999742587],[-121.70420900019634,40.069018000065043],[-121.70420499999837,40.069056999971032],[-121.70421800041719,40.069092999811531],[-121.70425299967897,40.069125000035712],[-121.70430000043295,40.069142000041303],[-121.70435300013638,40.069143999839476],[-121.70475300016946,40.069069999705548],[-121.70498199960001,40.069047000279312],[-121.70571600044224,40.068994999933729],[-121.70609499966064,40.069004000075722],[-121.70620500016381,40.069011999971757],[-121.70630600044612,40.069010000169705],[-121.70640600000526,40.068999999783614],[-121.70650399991453,40.068982999742587],[-121.70660000017402,40.068957000237823],[-121.70672300019766,40.068910999926288],[-121.70690099957456,40.068851999810001],[-121.7070649996061,40.068784000160257],[-121.70726399979775,40.068665999656567],[-121.70735599985926,40.068605999764863],[-121.70742700000436,40.068575000235484],[-121.70748999975355,40.068561000155121],[-121.70753499995938,40.068559000339818],[-121.70757099994441,40.06856700028812],[-121.70760199990653,40.06858300018191],[-121.70763000039396,40.068614999958207],[-121.70763700006664,40.068635000154494],[-121.70763600024175,40.068684000026252],[-121.70762199999801,40.068727999993285],[-121.70758199981506,40.068784999720847],[-121.70753400013447,40.06883100011747],[-121.70746399981429,40.068876000236322],[-121.70742500035452,40.06889399986305],[-121.70737000010294,40.068912999731253],[-121.70708600042082,40.069050999881185],[-121.70682199993185,40.06919799986786],[-121.70641900042405,40.069405000152955],[-121.70616099978288,40.069547999803191],[-121.7059309996291,40.069651000062336],[-121.70577199962045,40.069739000093605],[-121.70542099999116,40.069870999927332],[-121.70516400007322,40.069979000163478],[-121.70504500024751,40.070037999990994],[-121.70486100012452,40.070111000219555],[-121.70479500000225,40.070132999745731],[-121.70474899997154,40.070166999936916],[-121.7047189998343,40.07020899986658],[-121.70469399971994,40.070304000070223],[-121.70468200002438,40.070347000140586],[-121.70467000032879,40.070366999828323],[-121.70463500016871,40.070427999767666],[-121.70484600005589,40.070393999706774],[-121.70498900017103,40.070382999986748],[-121.70516700044625,40.070347999678248],[-121.70533200030269,40.070310000049695],[-121.70541099994543,40.070287999893239],[-121.70559000004558,40.070223000295684],[-121.70588700014649,40.07007599977134],[-121.7059659997892,40.070025999983599],[-121.70613800021667,40.069952999663975],[-121.70625200001946,40.06993100007967],[-121.70633099966219,40.069920000284824],[-121.70640199980728,40.06990400001763],[-121.70653800024975,40.069855000336084],[-121.70676000000758,40.069745999669337],[-121.70685999956672,40.069701999672432],[-121.70697500009273,40.069663999683485],[-121.70713199955324,40.069645000024821],[-121.70725399975198,40.069640000222272],[-121.70775400024249,40.069652000297658],[-121.70799000024407,40.069669000171729],[-121.70839000027715,40.069684000259223],[-121.70865399986776,40.069667999936598],[-121.7087829997392,40.069669000171729],[-121.70886200028023,40.069663000135797],[-121.70897600008306,40.069631000164371],[-121.70907599964217,40.069593000135761],[-121.70933400028335,40.069512999753073],[-121.70958399963028,40.069403999913995],[-121.70979899971543,40.069345000224736],[-121.70999600025723,40.069285000243667],[-121.71011400025803,40.069237999912197],[-121.71025400000012,40.069166999920427],[-121.71041100035895,40.069073999993542],[-121.71049699967435,40.069030999807048],[-121.71070500008682,40.06895400018859],[-121.71089099985964,40.068915999782341],[-121.71127699964904,40.068887000199759],[-121.71157700012301,40.068859999723891],[-121.71172699991084,40.068850000003252],[-121.71194199999599,40.068817000089723],[-121.71210600002752,40.068784999720847],[-121.71223499989893,40.06874399984931],[-121.71235000042499,40.06869500002071],[-121.71246400022781,40.068624000150415],[-121.71256100031219,40.068547000071867],[-121.71278300007002,40.068393999907471],[-121.71304800038391,40.068241000086871],[-121.71314100027034,40.068172999827176],[-121.7133780000968,40.068047000318977],[-121.71353499955731,40.067954000237897],[-121.71361400009835,40.06789399971904],[-121.71377499975681,40.067801000116489],[-121.71398999984197,40.067713000331338],[-121.7140829997284,40.067686000077593],[-121.71418999985852,40.067694999705054],[-121.71424699975994,40.067694999705054],[-121.71435499971496,40.067733999681053],[-121.71442599986005,40.067794000340839],[-121.71447199989083,40.067870999895675],[-121.71454300003593,40.067970000275665],[-121.71459900011241,40.068124000275304],[-121.71472700015893,40.068295000143699],[-121.7149620003356,40.068520000148695],[-121.71505799969674,40.068586000247478],[-121.71522199972827,40.068644999906702],[-121.71539400015574,40.06869399977127],[-121.71556499985994,40.068727999993285],[-121.71598699963432,40.068756000082551],[-121.71637199959881,40.06877099968365],[-121.71652999978255,40.06875499983402],[-121.71668700014138,40.06871700000422],[-121.71685199999784,40.068662000032084],[-121.71700900035667,40.068619000272925],[-121.71709499967207,40.068602999700126],[-121.71739199977299,40.068567999851901],[-121.71750599957581,40.068561999718987],[-121.71760600003324,40.068567999851901],[-121.71804500042438,40.068641000280984],[-121.71831700041095,40.068660000219758],[-121.71844499955914,40.06869399977127],[-121.71855900026029,40.06874899971757],[-121.7186660003904,40.068809999731052],[-121.71892300030837,40.068898000161376],[-121.7192089996403,40.068940000186117],[-121.71932300034142,40.068951000139165],[-121.71941600022784,40.068968000188185],[-121.71949400004564,40.069001000028507],[-121.71960100017579,40.069089000212124],[-121.7196649997499,40.069128000077413],[-121.7197369997199,40.06914999992113],[-121.7198289997814,40.069171999757685],[-121.71990800032243,40.069182999673274],[-121.72012900025537,40.069225000209698],[-121.72027200037051,40.069263999997169],[-121.72039299984603,40.06931900017068],[-121.7205180004178,40.069396000063946],[-121.72063200022062,40.069472999870214],[-121.72068199955105,40.069501000340651],[-121.72077500033576,40.069539999970097],[-121.72089599981126,40.069556000322798],[-121.72107499991141,40.069556999872056],[-121.72115299972921,40.069582000286381],[-121.72125300018664,40.069631000164371],[-121.72141700021818,40.069698000108779],[-121.72148099979229,40.069713999736905],[-121.72158100024971,40.06971499997136],[-121.72168199963372,40.069698000108779],[-121.72175000030413,40.069681999789438],[-121.72202499976541,40.069573000220757],[-121.72223300017787,40.069498999865488],[-121.72234000030798,40.069466999817024],[-121.72254000032451,40.069445000075739],[-121.72296899977161,40.069429999935608],[-121.72331899957599,40.06943299996388],[-121.72351899959251,40.069417000269745],[-121.72361200037726,40.069405999704486],[-121.72374100024868,40.069385000182763],[-121.72408100000732,40.069308999829957],[-121.72420200038111,40.069290000072215],[-121.72432399968157,40.069256999684448],[-121.72443800038269,40.069245999780755],[-121.7245379999418,40.069240999948924],[-121.72462400015554,40.069262999756141],[-121.72479900005771,40.069356999664642],[-121.7248479995632,40.069406999943418],[-121.72501199959473,40.069719999768346],[-121.72504699975484,40.069769999780654],[-121.72510399965623,40.069825000233052],[-121.72548899962071,40.06997099969356],[-121.72562500006313,40.070009999741359],[-121.72574300006391,40.070054000226705],[-121.72583199975239,40.070108999762319],[-121.72592800001185,40.070174999696363],[-121.72611299995978,40.070335000187633],[-121.72626299974758,40.070426000007188],[-121.72642699977912,40.070458999828645],[-121.72660599987927,40.070442999688076],[-121.72683500020813,40.070382999986748],[-121.72692800009455,40.070362000078774],[-121.72707799988238,40.070339999939122],[-121.72714900002748,40.070320999781558],[-121.72731399988395,40.070250000231219],[-121.7275220002964,40.070145999962342],[-121.7277830004123,40.070030999757812],[-121.72786899972772,40.069998999959274],[-121.72803399958416,40.069949999658611],[-121.7281840002703,40.069920000284824],[-121.72834800030181,40.06990400001763],[-121.72849800008964,40.069881999730036],[-121.72862699996107,40.069855000336084],[-121.72871300017479,40.069833000032666],[-121.72880900043427,40.069801000141105],[-121.72891700038933,40.069790000325263],[-121.72901299975047,40.069784999845965],[-121.7291419996219,40.069793000337732],[-121.7292699996684,40.06981499996661],[-121.72942799985215,40.069854000103689],[-121.72957699981508,40.069920000284824],[-121.73022999956815,40.070177000151659],[-121.73036900038362,40.070216000081466],[-121.73045800007209,40.070259999746327],[-121.73062999960122,40.070369999815327],[-121.73068599967772,40.070424999783228],[-121.73079299980783,40.07047499996542],[-121.73117199992451,40.070522999665862],[-121.73137899961377,40.070540000009991],[-121.73152199972891,40.070544999746417],[-121.73178600021785,40.070594999840566],[-121.73188599977699,40.070628999801137],[-121.73198600023439,40.070650999847444],[-121.73210800043314,40.070656999796348],[-121.73257899971301,40.070650000314188],[-121.73300100038573,40.070656000263178],[-121.73335100019007,40.070637999727218],[-121.73354399963561,40.070637999727218],[-121.73368000007804,40.070659999770626],[-121.73428699980037,40.07085700031125],[-121.73439700030355,40.070911999885908],[-121.73449000018996,40.07097199980862],[-121.73455399976407,40.071028000192975],[-121.73461099966545,40.071105000216619],[-121.73463900015288,40.071169999659922],[-121.73466699974199,40.071274999951633],[-121.73467400031296,40.071374000196258],[-121.73467299958975,40.071526999853774],[-121.73458899992416,40.072004999894467],[-121.73457399985556,40.072126000022756],[-121.73458100042656,40.072196999679797],[-121.73464500000067,40.072395000094438],[-121.73470199990207,40.072483000017584],[-121.73476899984922,40.072626000079843],[-121.73480400000933,40.072833999759368],[-121.73483900016942,40.072906000240742],[-121.73490299974353,40.072965999781736],[-121.73498899995724,40.07302099971556],[-121.73511700000375,40.073082000027682],[-121.7352030002175,40.073128999768848],[-121.7352600001189,40.073184000258415],[-121.73531299982234,40.073244999737113],[-121.73539900003607,40.073311000069417],[-121.73546299961018,40.073327000223621],[-121.73574200016775,40.073312000250986],[-121.73584900029786,40.073289999689408],[-121.73595999972763,40.073240999694086],[-121.73613999965266,40.073106000338299],[-121.73640499996655,40.072931000113186],[-121.73651200009667,40.072855000279979],[-121.73672700018184,40.072728999808859],[-121.73679099975593,40.07267400032665],[-121.73696400000831,40.07247700022954],[-121.73707500033638,40.072372999924063],[-121.73738300030794,40.072128999932289],[-121.73750100030874,40.072052999891554],[-121.73765100009655,40.071997999863456],[-121.73797699961149,40.071861999903213],[-121.73808499956652,40.071802000077078],[-121.73822100000895,40.071699999838842],[-121.73834599968244,40.0716240000068],[-121.73843199989615,40.07157999984824],[-121.73852499978258,40.071546999882457],[-121.73868200014141,40.071503999882289],[-121.73876800035512,40.071486999778827],[-121.73891800014295,40.071466000211238],[-121.73906899975567,40.071460999854978],[-121.73918299955849,40.07147500002673],[-121.73927600034324,40.071492000133176],[-121.73936800040475,40.071519000253119],[-121.73945799991812,40.071562999763692],[-121.73951099962157,40.071606999933287],[-121.73955400017761,40.071662000277144],[-121.73955699965231,40.071799999669501],[-121.73943399962867,40.072117999805023],[-121.7394200002833,40.072194999971209],[-121.7394079996894,40.072332000149906],[-121.73941899956007,40.072397999992155],[-121.73945100024544,40.072469000053033],[-121.73951499981952,40.07257300021196],[-121.73957099989603,40.072634000237905],[-121.73965000043705,40.072695000209166],[-121.74005600031794,40.072936999861248],[-121.74014900020433,40.07301699965938],[-121.74023399969487,40.07308300021262],[-121.74030900003793,40.073149000014482],[-121.74037699980998,40.073199000259237],[-121.74044499958204,40.073237000338246],[-121.74055900028317,40.073270000172556],[-121.74065899984228,40.073282000295826],[-121.74079500028472,40.073259999724499],[-121.74086600042983,40.073237999833488],[-121.74134900030357,40.073138000051969],[-121.74150599976412,40.073113999752557],[-121.74174199976565,40.07305099978575],[-121.74184999972069,40.073045000047735],[-121.742095999768,40.07305099978575],[-121.74240999958734,40.073050000287708],[-121.74260700012914,40.073028000328861],[-121.74281499964329,40.073017999845327],[-121.74300700016225,40.073017999845327],[-121.74307900013228,40.073024000273094],[-121.74318600026237,40.072983000203507],[-121.74335100011882,40.072931000113186],[-121.74349400023397,40.072895000238979],[-121.74362999977808,40.072895999739238],[-121.7437939998096,40.072921000302784],[-121.74394399959742,40.072961999722374],[-121.74406499997127,40.073012000104413],[-121.74417899977408,40.073036999937955],[-121.74430099997282,40.073054000341948],[-121.74440100043024,40.073054000341948],[-121.74453000030168,40.073027000143114],[-121.74475100023461,40.072991999818491],[-121.74485900018965,40.072987000261634],[-121.74499100043413,40.072999999933565],[-121.74509400036627,40.073039000309194],[-121.7452080001691,40.073102999784389],[-121.74528000013912,40.073181999891432],[-121.74531100010125,40.07322400002419],[-121.74543199957677,40.073445999706209],[-121.74546799956177,40.073530999798514],[-121.74556700019428,40.07362500000351],[-121.74566699975341,40.073685000285913],[-121.74575299996714,40.073729999947481],[-121.74586699976996,40.073759999705352],[-121.74604500004519,40.073813000024302],[-121.74623800038904,40.073914999847652],[-121.74637999978094,40.074008000038688],[-121.74665500014054,40.074200999845097],[-121.74675499969968,40.074251000004871],[-121.74681199960108,40.074269999753561],[-121.74691899973119,40.074314000236512],[-121.74706500021937,40.074364000313366],[-121.74722599987787,40.074400000098493],[-121.74750500043542,40.074422999779408],[-121.74766199989595,40.0744279999182],[-121.74791200014121,40.074429000083427],[-121.74812600040147,40.074423999944649],[-121.74825500027289,40.074426999753008],[-121.748354999832,40.074425000109933],[-121.74846199996212,40.074408000048166],[-121.74855499984852,40.074384000196318],[-121.74861199974994,40.074359000169828],[-121.74871999970497,40.074351000214385],[-121.74909799999675,40.074409999691746],[-121.74924500030984,40.074426000275167],[-121.74939799957239,40.074431999891509],[-121.74958400024357,40.074425000109933],[-121.74975599977269,40.074387000006439],[-121.74994900011654,40.074331999800933],[-121.75007100031529,40.07428000005325],[-121.75018900031604,40.074200999845097],[-121.75031399998952,40.07409400028709],[-121.75045100025687,40.07389899983152],[-121.75047600037124,40.073846999753236],[-121.75048999971661,40.073790000137379],[-121.75049800011253,40.073728999772037],[-121.75051599965587,40.073715000063615],[-121.75057000008256,40.073654999807637],[-121.75065600029627,40.073542999875805],[-121.75069899995397,40.07345499994743],[-121.75090099962036,40.072928000238996],[-121.75093400013064,40.072801999902929],[-121.75093800032859,40.072734000072082],[-121.75091999988693,40.07268999994313],[-121.75092400008488,40.072638000316587],[-121.75098500018426,40.0724789999298],[-121.75109200031439,40.072270999853529],[-121.75135099988215,40.072092000122048],[-121.75183799995386,40.07184099976385],[-121.75192400016758,40.071807999924587],[-121.75203100029772,40.071792000100906],[-121.75214500010054,40.071792000100906],[-121.75227800016992,40.071813999771571],[-121.75249200043018,40.071870000151023],[-121.75269499992143,40.071932999835461],[-121.75355799973681,40.072265000046798],[-121.75363700027783,40.072280999759364],[-121.75384399996706,40.072293000056852],[-121.75392299960978,40.072281999956076],[-121.75411599995364,40.072238000222548],[-121.75430599992444,40.072210999700218],[-121.75494899963175,40.072159999906454],[-121.75529599996138,40.072100999854761],[-121.7554669996656,40.072045999865473],[-121.75607599993604,40.071797999949297],[-121.7562330002949,40.071726999876319],[-121.75637300003699,40.0716720002724],[-121.75647699979405,40.071612000278833],[-121.7566340001529,40.071535000140926],[-121.75678099956765,40.07147500002673],[-121.75706299959998,40.071344000074824],[-121.75751799988466,40.071163999756216],[-121.75764000008337,40.071119999987928],[-121.7578040001149,40.071041000238772],[-121.75795399990274,40.070948000120836],[-121.75872800002963,40.070520999908169],[-121.75882799958875,40.070455999845514],[-121.75890700012978,40.070368000053136],[-121.75917900011635,40.070105000222561],[-121.75989200014388,40.069654000080874],[-121.76000000009891,40.069576999791799],[-121.76010700022903,40.069510999965722],[-121.76043699994192,40.069331000302626],[-121.76075199958618,40.06910099969712],[-121.7611680004111,40.068764000007718],[-121.76153699958373,40.068490000145154],[-121.76171599968387,40.068414000168644],[-121.76204499957184,40.068266000296738],[-121.76236000011443,40.068140999843187],[-121.76288200034625,40.067980000125502],[-121.76303200013407,40.067957999903953],[-121.76329700044793,40.067886999952947],[-121.76345399990845,40.067822000126561],[-121.76400999957715,40.067252000208462],[-121.76411000003458,40.067136999930206],[-121.76421100031693,40.066972000178239],[-121.76428999995964,40.066857000114773],[-121.76451400026563,40.066248000254731],[-121.76456699996909,40.066130000170354],[-121.76471099990913,40.065866999788625],[-121.76479700012284,40.065795999720649],[-121.76490500007787,40.065718999882833],[-121.76495500030659,40.065664999846433],[-121.76499799996429,40.065577000051874],[-121.76501300003291,40.065505000072882],[-121.76507800033022,40.065341000104119],[-121.76513500023165,40.065259000315407],[-121.76555500035622,40.064765000271279],[-121.76594899964319,40.064320999969468],[-121.76607099984193,40.064171000198399],[-121.76615100020788,40.063907000184123],[-121.76619399986558,40.063714999718734],[-121.76626400018579,40.063363999735706],[-121.76633600015579,40.063242999855213],[-121.7663999997299,40.063177999722704],[-121.76657899983005,40.063084999869503],[-121.76671500027248,40.063036000095416],[-121.76750899959254,40.062861000123448],[-121.76765199970771,40.062789999672688],[-121.76788799970925,40.062655999879198],[-121.76846099999469,40.062420999779427],[-121.76882199966971,40.062262999950029],[-121.76893600037083,40.062208000267191],[-121.76939499995515,40.061926000121026],[-121.76971700017043,40.061712999748821],[-121.77000300040069,40.061553999985904],[-121.77013899994481,40.06152500001938],[-121.77037499994637,40.061510999865156],[-121.77051800006149,40.061543999880278],[-121.77065299978071,40.061605000157805],[-121.77093900001097,40.061759999771972],[-121.77131700030273,40.061895000301917],[-121.77163100012213,40.061999000105033],[-121.77220900043044,40.062112999772928],[-121.77233800030186,40.062126999803453],[-121.77248800008969,40.062158000204491],[-121.77271599969531,40.062160999865533],[-121.77279500023634,40.062148000187563],[-121.77292400010778,40.062118000127931],[-121.77330300022446,40.062041000258155],[-121.77367499977014,40.06189700031284],[-121.77380299981665,40.061857999745293],[-121.7739819999168,40.061810000126762],[-121.77408900004694,40.061787999975174],[-121.7743540003608,40.061753000063149],[-121.77446800016362,40.061714000100707],[-121.77456900044595,40.061654000273577],[-121.77468999992145,40.061605000157805],[-121.77526300020692,40.061425000229917],[-121.775362999766,40.061398000234064],[-121.77544800015482,40.061386999748869],[-121.77553400036857,40.061367999844208],[-121.77559899976757,40.061342999852961],[-121.77578500043872,40.061290999814354],[-121.77592000015791,40.061273000241265],[-121.77606300027308,40.061273000241265],[-121.77618499957349,40.061267999824302],[-121.77632100001591,40.061271000212031],[-121.77656299986525,40.061309000070217],[-121.7767129996531,40.061350999961192],[-121.77723400005998,40.061547000255899],[-121.77740599958915,40.061588000333927],[-121.7776490001617,40.061605000157805],[-121.7777839998809,40.061574999859083],[-121.77791299975235,40.061556000006838],[-121.77819200030991,40.061483000235675],[-121.77877100044314,40.061302999985472],[-121.77907199984369,40.061204000229544],[-121.77936499974663,40.061116999846107],[-121.77950399966383,40.061070999740721],[-121.7797480000613,40.060973000010463],[-121.77985500019143,40.06093999971884],[-121.77999099973555,40.060903999694922],[-121.78058499993739,40.060768000273342],[-121.78097800029778,40.060661999919141],[-121.7811559996747,40.060623999700105],[-121.78130700018575,40.060586000147474],[-121.78164199992149,40.060534000218631],[-121.78193599964938,40.060435999716049],[-121.78206500041912,40.060369999971648],[-121.7824939998662,40.060107999730597],[-121.78278099992139,40.059874999850805],[-121.78309999976362,40.059564999944079],[-121.78318599997733,40.059453000220898],[-121.78336500007748,40.059243999858445],[-121.78345100029119,40.059123999926484],[-121.78351599969022,40.058973000009722],[-121.78366700020126,40.058684999910099],[-121.78371800025491,40.058537000216234],[-121.78376500011056,40.058315000072717],[-121.78386600039289,40.057785000261937],[-121.78394599986052,40.057428000244045],[-121.78407899992993,40.057101999682146],[-121.78412999998356,40.056995000079418],[-121.78415900029586,40.056904000195161],[-121.78419500028086,40.05675100001006],[-121.78424499961129,40.056604999719852],[-121.78425999967989,40.056410000078181],[-121.78429599966489,40.056287000049011],[-121.78434699971852,40.056204999676964],[-121.78443999960496,40.056106000077435],[-121.78484499966088,40.055777999876568],[-121.78531699966399,40.05530899999961],[-121.78566200034381,40.054955000052956],[-121.78598100018604,40.054573999693154],[-121.78600899977512,40.054503000233467],[-121.78602399984375,40.054420999777626],[-121.78600999960004,40.054271999988138],[-121.78598200001096,40.054195999965437],[-121.78591800043685,40.054060999996622],[-121.78571900024521,40.053690000024254],[-121.78571900024521,40.053649000007162],[-121.78572699974281,40.053619000331196],[-121.78575500023024,40.053553000172521],[-121.78580600028387,40.053470999948871],[-121.78603100041475,40.053238000066187],[-121.78616100011108,40.053123000199385],[-121.78656100014419,40.052828999986644],[-121.78671900032793,40.052701000012327],[-121.78730799960859,40.05219100006962],[-121.78785400012984,40.051718000330581],[-121.78799100039721,40.051552999681334],[-121.78802700038219,40.051424000245788],[-121.78809900035222,40.051226000077477],[-121.78814200000994,40.051153000241897],[-121.78830000019369,40.051001999853433],[-121.78874700008242,40.050637999896274],[-121.78917700025275,40.050323000070257],[-121.78928500020776,40.05023799990051],[-121.78942800032293,40.050089999740351],[-121.78978599962487,40.049753000221088],[-121.79021900016825,40.049408000276813],[-121.79087799976908,40.048906999807976],[-121.79094999973911,40.048868000057574],[-121.79105699986923,40.048826999890423],[-121.79125000021308,40.048769999969196],[-121.79167199998749,40.048657999695713],[-121.79220099989197,40.048546999783376],[-121.79243699989354,40.048481000214437],[-121.79263699991007,40.04840700033003],[-121.79280900033754,40.048334000225957],[-121.79295499992739,40.04826299976714],[-121.79306299988242,40.048201999924053],[-121.79330599955668,40.048015999783708],[-121.79377900028301,40.047670999987623],[-121.79440899957154,40.047222000316935],[-121.79492800032861,40.046751000247035],[-121.79547200030173,40.046323999667841],[-121.79559399960219,40.046244000157294],[-121.79577299970231,40.046110000147827],[-121.79602399977249,40.045909999879875],[-121.79622100031429,40.045681999780165],[-121.79635699985843,40.045548000041407],[-121.79650699964625,40.045424999664455],[-121.79680100027244,40.045147999747293],[-121.79698000037259,40.045002999955102],[-121.79715899957441,40.044894000102751],[-121.79732400032916,40.04480000014054],[-121.79763099957749,40.044609000081522],[-121.79769599987485,40.044549000323414],[-121.79776000034724,40.044475000296785],[-121.79779999963191,40.044388999793256],[-121.79797200005936,40.044145999903193],[-121.79812199984718,40.043981000180338],[-121.79821599955851,40.043899000131965],[-121.79833699993233,40.043784000325765],[-121.79843800021469,40.043652000153592],[-121.7984880004434,40.043575999980256],[-121.79876000042995,40.043329000207066],[-121.79886099981398,40.043229999785062],[-121.79889599997409,40.043185999856988],[-121.79897200014207,40.043087999852695],[-121.79903599971618,40.042977999750178],[-121.79913000032582,40.042739000103673],[-121.79922400003716,40.04241799985293],[-121.79940099958915,40.041760000320131],[-121.79943099972638,40.041310000267174],[-121.79942400005368,40.041182999947146],[-121.79938899989359,40.040969000107445],[-121.79924699960337,40.040629000279132],[-121.79908000009711,40.040336999777296],[-121.79861800013973,40.039557000134124],[-121.79861800013973,40.039483000191282],[-121.79863999988105,40.039425000031223],[-121.79867599986608,40.039358999884001],[-121.79886599983685,40.039145999816988],[-121.79896600029427,40.03897799969198],[-121.79902400002059,40.03889899981354],[-121.79917399980842,40.038711999736492],[-121.79935399973348,40.038393999803439],[-121.79941099963489,40.038191000255871],[-121.79940200031238,40.03775500025543],[-121.79936700015227,40.037488000323769],[-121.79936100030449,40.037185999885601],[-121.79940399996218,40.037030000064554],[-121.79945400019092,40.036947999909728],[-121.79951199991724,40.036875999944073],[-121.79961200037464,40.036821999747993],[-121.79973700004813,40.036739000000104],[-121.79988699983598,40.036645999831151],[-121.80041699956539,40.03637800033578],[-121.8004950002815,40.036323999745413],[-121.80058899999284,40.036249999732945],[-121.80066699981064,40.036168000015778],[-121.80072500043528,40.03609299979388],[-121.8008679996521,40.035869000052372],[-121.8009260002767,40.035602999661634],[-121.80098099963,40.035257000274456],[-121.800988000201,40.035163000093959],[-121.8009670002846,40.034999000010295],[-121.80098200035322,40.034820000026635],[-121.80102500001092,40.034748999937598],[-121.80109699998093,40.034683000079092],[-121.80121099978376,40.034626000024879],[-121.80132499958658,40.034607000225478],[-121.80164699980186,40.034620999716196],[-121.80171100027427,40.034620999716196],[-121.8018400001457,40.03459899972917],[-121.80193300003212,40.034572000110579],[-121.8019969996062,40.034539000103692],[-121.80236200037753,40.034232000024566],[-121.80273800012115,40.033986000175879],[-121.80281699976388,40.033939000257647],[-121.8029020001527,40.033909000161131],[-121.80308799992552,40.033907000016683],[-121.80333800017078,40.033927000083033],[-121.80388799999169,40.034013000026512],[-121.80401600003822,40.034027000326937],[-121.80410899992462,40.034024000115409],[-121.80425200003977,40.034007999672831],[-121.80435900016988,40.033969000340917],[-121.80442399956888,40.033937000114037],[-121.80483899967059,40.033687999662781],[-121.80510300015953,40.033511999911426],[-121.80566899987397,40.033150999672358],[-121.80576900033141,40.033117999665706],[-121.80586200021783,40.033104999950496],[-121.80596199977694,40.033107000118463],[-121.80648300018385,40.033094999797505],[-121.80659699998668,40.033077999740449],[-121.80668999987307,40.033078999824809],[-121.80682600031554,40.033103999866469],[-121.80697600010336,40.033150999672358],[-121.80708300023348,40.03318900007713],[-121.8071819999677,40.033217000325614],[-121.80726099961041,40.033222000049413],[-121.80781800000231,40.033159999733918],[-121.80791099988872,40.033168999794363],[-121.80801100034617,40.033192999720299],[-121.80811799957797,40.033199000216335],[-121.80823200027909,40.033199000216335],[-121.80834699990683,40.033177999853557],[-121.80907599982788,40.033013999811189],[-121.80926900017171,40.032962000168411],[-121.80977299996188,40.032901999790539],[-121.81051600012663,40.032805000225871],[-121.8107510003033,40.032793999940367],[-121.81119399999406,40.032743000219128],[-121.81133000043653,40.032731999923634],[-121.81195100040254,40.032736000281382],[-121.81212299993166,40.032754999914197],[-121.81230799987959,40.03279199976317],[-121.81245099999471,40.032811000068214],[-121.81257300019345,40.032821999663192],[-121.81270799991265,40.032806000314288],[-121.8128800003401,40.03276999987397],[-121.81316599967208,40.032683000336434],[-121.81325899955847,40.032663999995734],[-121.81335200034322,40.032667000267082],[-121.81366600016258,40.032689000189507],[-121.81401599996695,40.032675999704693],[-121.81412300009707,40.032678999975516],[-121.81436599977133,40.032654999868704],[-121.81451599955915,40.03262200030985],[-121.81460199977286,40.032598000182986],[-121.8148300002768,40.032495999721476],[-121.81493800023183,40.032474999830015],[-121.81550200029646,40.032518999791634],[-121.81566600032799,40.032519999884236],[-121.81580900044311,40.032527999936647],[-121.81628700029401,40.03252300016193],[-121.81708700036017,40.032486000167019],[-121.81748700039326,40.032449000152049],[-121.8176799998388,40.032443000277816],[-121.81843700024724,40.032444999777411],[-121.81858700003508,40.032442000184126],[-121.81867300024882,40.032426000058237],[-121.81891599992305,40.032392999700811],[-121.81905200036547,40.032365999896669],[-121.81915199992459,40.032335999796118],[-121.81932299962884,40.032305999682322],[-121.81942300008625,40.032311000160739],[-121.81988699969344,40.032358999920227],[-121.82002300013586,40.032402999956666],[-121.82018700016741,40.032472000238052],[-121.82062200036059,40.032690000279622],[-121.82094299985265,40.032892999694923],[-121.82123199955764,40.033044999698433],[-121.82135299993146,40.03309399971338],[-121.82144599981788,40.033126999731635],[-121.82153100020669,40.033147000026773],[-121.82163900016172,40.033183000268039],[-121.82177399988095,40.033237999988565],[-121.82191000032337,40.033275999657036],[-121.82198099957019,40.033319999789718],[-121.8221089996167,40.03338899983121],[-121.82220900007412,40.033452000017419],[-121.82234499961824,40.033551000192496],[-121.82246599999208,40.033617999847358],[-121.82266600000864,40.03369799972883],[-121.82279400005514,40.03372200015643],[-121.82306500021677,40.033816000259648],[-121.82320800033192,40.033873999688019],[-121.82332200013471,40.033929000226941],[-121.82348600016626,40.034049999880835],[-121.82368199998484,40.034336000085162],[-121.82373899988625,40.034443000180389],[-121.82388799984918,40.034747999877673],[-121.8240660001244,40.034994999785276],[-121.82425100007234,40.035232000334204],[-121.82437200044616,40.035341999865139],[-121.82442900034755,40.035379999736868],[-121.82456499989166,40.035433000337122],[-121.82476499990824,40.035465999911473],[-121.82482900038066,40.035451999906407],[-121.82490700019844,40.03544100004784],[-121.82500000008486,40.035417000225173],[-121.82512899995629,40.035367999815861],[-121.82537900020155,40.035208999803352],[-121.82615900017623,40.034672000096492],[-121.82639500017778,40.034560000047392],[-121.82656000003421,40.034471999978038],[-121.82675300037809,40.034384999860336],[-121.8269030001659,40.034335000019233],[-121.82752099975886,40.034187999792486],[-121.82815699979351,40.034097999792046],[-121.82830699958132,40.034082000054653],[-121.82843600035109,40.034093000132415],[-121.8285359999102,40.03407699970608],[-121.82918600018853,40.034008999743612],[-121.82937899963405,40.033974000009586],[-121.82962200020661,40.033917000050621],[-121.8301079995551,40.033786000109082],[-121.83033600005903,40.033739000053018],[-121.83045800025778,40.033720000006497],[-121.83063599963472,40.03370699971822],[-121.83084400004718,40.033721000081449],[-121.83102899999508,40.033757000019797],[-121.83113600012523,40.033795000086855],[-121.83137899979948,40.033862000189835],[-121.83144300027188,40.033875999833441],[-121.83157200014331,40.033896999981287],[-121.83212199996424,40.033895999908921],[-121.83273600025755,40.033842000104379],[-121.83366400037025,40.033773999907595],[-121.83374300001294,40.033763999852695],[-121.8339859996872,40.03369199996451],[-121.83463299959249,40.033547999960035],[-121.83481500006567,40.033536999794357],[-121.83488600021079,40.033540000027308],[-121.83497900009722,40.033536999794357],[-121.83510799996863,40.033541000104947],[-121.83543600003171,40.033570999675469],[-121.83575099967597,40.03359400007092],[-121.8359010003621,40.033609999922795],[-121.83624299977055,40.033624000305998],[-121.83649999968851,40.033618999923796],[-121.83672200034466,40.033620000000269],[-121.83687200013252,40.033614000229107],[-121.83699299960803,40.03359799969035],[-121.8372870002342,40.033516000223486],[-121.83769399993997,40.033370999767314],[-121.83844499960232,40.03305399977404],[-121.8389989996212,40.032805000225871],[-121.83912699966771,40.032728000253414],[-121.83929900009517,40.032599000274431],[-121.83943499963931,40.032479000202905],[-121.83962799998314,40.032262000271139],[-121.83972900026549,40.032114000292509],[-121.83989400012192,40.031836999948155],[-121.84005499978041,40.031555000008872],[-121.84022700020786,40.031321000081441],[-121.84029199960688,40.031255999768042],[-121.84034900040659,40.031189999968504],[-121.84047800027801,40.031069000055481],[-121.84055600009583,40.03101700030544],[-121.84070699970856,40.030932000139238],[-121.84077100018098,40.030910000337926],[-121.84089199965649,40.030882999946783],[-121.84117100021406,40.030841999969205],[-121.841392000147,40.030847999984225],[-121.84146400011703,40.030853999998726],[-121.84167800037726,40.030881999830171],[-121.84177100026369,40.03089800031826],[-121.84193500029519,40.030933999683128],[-121.84208500008305,40.030958999823184],[-121.84219200021316,40.030969999716852],[-121.84284199959319,40.030987000299326],[-121.84301999986842,40.030995999958606],[-121.84312699999855,40.030985000069194],[-121.8434059996578,40.030974000177942],[-121.84362699959074,40.030946999812137],[-121.84432700009779,40.030887999841681],[-121.84453499961194,40.030851999764678],[-121.84471399971208,40.030790000046103],[-121.84559300031928,40.030427999721013],[-121.8457070001221,40.030395999896278],[-121.84582500012286,40.030351999940812],[-121.84617499992724,40.030190000235194],[-121.84687600025921,40.029845999788272],[-121.8474699995627,40.029508999939601],[-121.84858900036942,40.028865000327201],[-121.84864600027082,40.02881600002555],[-121.84897500015882,40.028623999753684],[-121.8493750001919,40.028409999709524],[-121.84951800030701,40.028357999995997],[-121.85056199987233,40.027870999802253],[-121.85110900021853,40.02764999968754],[-121.85130199966406,40.027583999838178],[-121.8514380001065,40.027523000066509],[-121.85158100022164,40.027446999801036],[-121.85238100028781,40.02716199977116],[-121.85250299958821,40.02712999978997],[-121.85265999994706,40.027080000133274],[-121.852924000436,40.027025999747501],[-121.85303099966782,40.026998999882537],[-121.85340300011183,40.026951999964716],[-121.85360999980105,40.026942000285374],[-121.85406000006282,40.026947999955567],[-121.85437399988218,40.026977999674436],[-121.85515899987975,40.027100000137956],[-121.85624400035127,40.027328999945183],[-121.8564870000255,40.027400999671656],[-121.85663000014064,40.027462000240305],[-121.85681500008857,40.027569000113623],[-121.85728600026674,40.027770000000537],[-121.85755400005536,40.027841999949423],[-121.85768899977458,40.027849999862596],[-121.85778900023202,40.02786100025763],[-121.85787500044573,40.027856000140851],[-121.85802500023355,40.02783400003527],[-121.85838599990858,40.027716000160979],[-121.85861500023744,40.027592999946457],[-121.85903000033916,40.027330000113842],[-121.85911599965453,40.027263999954876],[-121.85923000035567,40.027165999767711],[-121.8593080001735,40.02707799978856],[-121.85944500044084,40.026896999990477],[-121.85953099975622,40.026794999945899],[-121.85989200032957,40.026350999917184],[-121.86015699974513,40.02597299984641],[-121.86034300041628,40.02574199991853],[-121.86063700014417,40.025320000150899],[-121.86082000044226,40.025090000277132],[-121.86087700034366,40.025029000339018],[-121.86111300034523,40.024894999911353],[-121.86159200002103,40.024742000112532],[-121.86171300039483,40.024693000288721],[-121.86220600031433,40.024456999788221],[-121.86229199962976,40.024368999754017],[-121.86238500041451,40.024238000047895],[-121.86248599979851,40.024139000113642],[-121.86275399958714,40.02377700026355],[-121.86282599955715,40.023612000095611],[-121.86307699962732,40.022743000101187],[-121.86311699981027,40.022665999776841],[-121.86327400016913,40.022484999967652],[-121.86335299981184,40.022412999868223],[-121.86345999994195,40.022337000101253],[-121.86358899981339,40.022238000160208],[-121.86394000034096,40.021930999749181],[-121.86404699957279,40.021842999896528],[-121.86418999968792,40.021739000049358],[-121.86438300003175,40.021590999940692],[-121.86500900002068,40.021210000238362],[-121.86517300005218,40.021117000220947],[-121.8652800001823,40.021035000196541],[-121.86541599972644,40.020941999940597],[-121.86558800015389,40.020865000335476],[-121.86590199997323,40.020695000050793],[-121.86600900010335,40.020646000072226],[-121.86610899966249,40.020613000207234],[-121.86633799999132,40.020479000049399],[-121.86667799974995,40.020292999958855],[-121.86705000019396,40.02007300033646],[-121.86758599977115,40.019832999939389],[-121.86839300040833,40.019533999914827],[-121.86853599962514,40.0194459997225],[-121.86870100037991,40.019375000141274],[-121.86942199990504,40.019086999919601],[-121.86949399987505,40.019057999772564],[-121.86955800034748,40.01902200033205],[-121.86975800036402,40.01886899974614],[-121.86981899956507,40.018758999791885],[-121.86982699996098,40.018739000093866],[-121.86979900037188,40.018672000271565],[-121.86977300043263,40.018611999707517],[-121.86717599969234,40.012352999946252],[-121.86572000039835,40.008843999846356],[-121.86455899975886,40.006041999818414],[-121.86338100029921,40.003221000100318],[-121.86351699984336,40.003185999709807],[-121.86362300014856,40.003120000281172],[-121.86369799959334,40.003034999765816],[-121.86375500039306,40.002982999981214],[-121.86378600035519,40.002937999712195],[-121.86381800014225,40.002902999864737],[-121.86389400031022,40.002842000048368],[-121.86394399964063,40.002812999879666],[-121.86399600041747,40.002795000006095],[-121.86406400018953,40.002759000244609],[-121.86412100009095,40.002713999827954],[-121.86416399974864,40.00266099995671],[-121.86418200019033,40.002625000124574],[-121.86424900013746,40.002529999864784],[-121.86431400043477,40.002410999736725],[-121.86436200011536,40.002287000163278],[-121.86441099962086,40.002099000336123],[-121.86445699965161,40.001980000144997],[-121.86452000029911,40.001864999850014],[-121.86459399991895,40.00176099983527],[-121.86486500008061,40.001458000331773],[-121.86499700032509,40.001216999982397],[-121.86509699988417,40.000960000222989],[-121.86510799975484,40.000900999782907],[-121.86513700006718,40.000838999685378],[-121.86518300009791,40.000782000256443],[-121.86524300037237,40.000734000302003],[-121.86530500029664,40.000699999883729],[-121.86542300029744,40.000591999981133],[-121.865583000131,40.00041199999319],[-121.86582199960728,40.000213999664901],[-121.86603699969245,39.99995900002272],[-121.8662640003715,39.999699000000739],[-121.86646699986275,39.999415000264136],[-121.86672700015377,39.99909299992872],[-121.86693499966789,39.998885000242666],[-121.86701199966079,39.998798000162928],[-121.86708399963082,39.99869699999455],[-121.86714200025546,39.998591000168247],[-121.86718499991315,39.998480999875838],[-121.86721300040057,39.998367999691226],[-121.86722400027122,39.998283000141676],[-121.86737200040923,39.997945000019698],[-121.8675110003264,39.997393999921506],[-121.86754200028854,39.997334999841073],[-121.86757499990048,39.997251000303429],[-121.86759599981691,39.997164000206411],[-121.86760599986265,39.997076000074621],[-121.8676090002357,39.996750999934548],[-121.86771499964257,39.995955999689905],[-121.86777800029009,39.995860999786068],[-121.86789899976559,39.995704999751517],[-121.86792399987996,39.995686000124429],[-121.8680059998957,39.995553999780107],[-121.86820500008736,39.995155000113044],[-121.86828899975296,39.994940999712412],[-121.86841799962437,39.994679999895077],[-121.86847399970087,39.994613999814916],[-121.86856900013544,39.994539999982862],[-121.86915999996421,39.994019999664324],[-121.86928800001073,39.993841000217543],[-121.86942799975283,39.993565000008957],[-121.86948600037745,39.993403999658966],[-121.86952400001226,39.993329999892275],[-121.86956300037035,39.993276000328159],[-121.86960900040108,39.993225999954504],[-121.86968200019601,39.993161999808173],[-121.86976599986163,39.99307200006011],[-121.86985200007534,39.992992000031563],[-121.86986899979379,39.992952999966469],[-121.86986799996887,39.992916999833696],[-121.86985200007534,39.992883000340839],[-121.86976900023468,39.992801000117915],[-121.8697280002268,39.992671999668595],[-121.86974999996809,39.992456999754801],[-121.86982600013607,39.99212599967845],[-121.86983799983163,39.992017999980114],[-121.86983299980876,39.991896000115503],[-121.86982100011321,39.991812000082028],[-121.86981799974015,39.991702999884595],[-121.86983899965655,39.991547999992555],[-121.8698639997709,39.991454000157525],[-121.86991200034981,39.991330999965705],[-121.86997599992391,39.991213000289711],[-121.87001899958162,39.991149000321812],[-121.87008300005401,39.991069000105625],[-121.8701719997425,39.990917000193697],[-121.87020400042786,39.990835999690475],[-121.87020899955239,39.990775000106268],[-121.8702360002149,39.990689000035786],[-121.87029599959104,39.990583000168058],[-121.87036500008632,39.990489999713617],[-121.87037400030717,39.990406000015803],[-121.87039600004846,39.990317000100333],[-121.87043000038368,39.9902300001173],[-121.87047600041441,39.990147000125084],[-121.8705319995926,39.9900670001118],[-121.87059600006501,39.989996000253825],[-121.87069599962412,39.989819999987141],[-121.87075199970062,39.989677999683906],[-121.87085100033312,39.989216999776289],[-121.87090999988436,39.989011999731758],[-121.87097000015885,39.988759999693485],[-121.87108899998451,39.9886019998617],[-121.87115000008389,39.988489999899031],[-121.87121299983308,39.988313999881655],[-121.87123100027473,39.988248999897408],[-121.8712720002826,39.988142000318128],[-121.8713280003591,39.988040000164361],[-121.87139699995609,39.987943000146736],[-121.87144899983461,39.987883000102357],[-121.87148700036778,39.987848000109508],[-121.87152900020057,39.987801000071173],[-121.87156500018557,39.987750999819241],[-121.87159399959957,39.98769800003528],[-121.87161500041428,39.987643000086109],[-121.87162899975968,39.987587000029848],[-121.87163399978255,39.987546000193049],[-121.87166700029282,39.987431999745318],[-121.87168800020923,39.987303000168424],[-121.87169599970682,39.9872030002754],[-121.87170999995053,39.987117999907163],[-121.87178000027075,39.986951999830367],[-121.87180000036221,39.986880000102872],[-121.87180799985983,39.986808999685451],[-121.87179600016427,39.986742000183646],[-121.87179799981409,39.986636999774028],[-121.87185700026362,39.986433000326052],[-121.87184600039299,39.986347000295261],[-121.8718480000428,39.986255999744635],[-121.87186800013427,39.986171000262928],[-121.87197199989136,39.985846999940634],[-121.87218500032667,39.985338999978929],[-121.87224399987791,39.985164000201223],[-121.87238399962,39.98493100029318],[-121.87256199989523,39.984655999978933],[-121.87268200044416,39.984491000222683],[-121.87282300001114,39.984254000326061],[-121.87288599976033,39.984173000181599],[-121.87294199983683,39.984125999679854],[-121.87302100037786,39.984081000062517],[-121.87312099993697,39.984034000185794],[-121.87322600041728,39.983995999939616],[-121.87333600002215,39.983965999911511],[-121.87357600022166,39.983926000082938],[-121.87365499986436,39.983904000270506],[-121.87373000020744,39.983876999865252],[-121.87382700029181,39.983829999848183],[-121.87390000008673,39.983775000226487],[-121.87400600039193,39.983679999899643],[-121.87408500003468,39.983593999844857],[-121.87415199998181,39.983494000029225],[-121.87419899983747,39.983440999695922],[-121.87425400008905,39.983391999818721],[-121.87431400036354,39.983348999967738],[-121.87437999958746,39.983309999903426],[-121.87456899973334,39.983226999763076],[-121.87465099974911,39.983204000286868],[-121.87475100020654,39.983166999706633],[-121.87484499991787,39.983123000274169],[-121.87492399956058,39.983077999996212],[-121.87500399992653,39.983018999938622],[-121.87502599966783,39.982993000002082],[-121.87506099982794,39.982937000264045],[-121.8750809999194,39.982876999952936],[-121.87508299956924,39.982822000252412],[-121.87513799982084,39.982541000265513],[-121.87513299979796,39.982441000285341],[-121.87514100019388,39.982365000064853],[-121.87516100028536,39.982326000127195],[-121.87518700022463,39.982289999900253],[-121.87525199962363,39.982224999690992],[-121.87529099998171,39.982196999857123],[-121.87533600018756,39.98217100029607],[-121.87567900031921,39.982007000189675],[-121.87575100028924,39.981995999975332],[-121.87583900015278,39.981968000047672],[-121.87591699997057,39.981927999737692],[-121.87598200026792,39.981875000254547],[-121.87603199959831,39.981813000092743],[-121.87605500006285,39.981768000328621],[-121.8761429999264,39.981688000139435],[-121.87625000005652,39.981621999895637],[-121.87644300040037,39.981519000180384],[-121.87647000016456,39.981500000048854],[-121.87652100021818,39.981448999850898],[-121.87655700020318,39.981390999916911],[-121.87658399996735,39.981300000336674],[-121.87658599961718,39.981233999718036],[-121.87657100044689,39.98116799972405],[-121.8765370001117,39.981105000139614],[-121.87649399955566,39.981062000226011],[-121.87646400031677,39.981019000285357],[-121.87645900029391,39.980960999986358],[-121.87647199981437,39.980908999913822],[-121.87651700002021,39.980843000294215],[-121.87663599984592,39.980706000046013],[-121.87667699985379,39.98067300014614],[-121.876706999991,39.980636000260297],[-121.87673200010536,39.980572000019841],[-121.87673399975519,39.980527000126763],[-121.87672100023471,39.980478000224778],[-121.87669299974732,39.98030600020639],[-121.87669100009747,39.980038999872477],[-121.87670500034119,39.979942999683026],[-121.87673700012824,39.979844000206839],[-121.87678900000677,39.979715000069248],[-121.87682800036485,39.979586999868118],[-121.87693700014478,39.979388000246281],[-121.8769949998711,39.979260000120931],[-121.87703300040424,39.979193000099556],[-121.87712100026779,39.979108000090967],[-121.87726000018499,39.978985999885673],[-121.87734200020073,39.978857999695663],[-121.87743099988919,39.978739999813655],[-121.87748899961552,39.978625999815819],[-121.87749600018653,39.978558999861193],[-121.87747199989708,39.978515999722113],[-121.87735499972121,39.978438000249291],[-121.87730100019286,39.978337999771121],[-121.87725199978907,39.978293999982498],[-121.87722199965182,39.978246000055563],[-121.87721099978117,39.978193999981976],[-121.87720999995628,39.977873999823082],[-121.87723099987264,39.977732000158809],[-121.87730500039081,39.977369999941573],[-121.87734300002565,39.977269999965685],[-121.87736300011716,39.977188999802266],[-121.87736499976694,39.977070000263296],[-121.87734700022359,39.976706000225334],[-121.8773339998048,39.976663999831473],[-121.87730500039081,39.976626999840001],[-121.87726199983477,39.976598999777394],[-121.87721199960606,39.976582000102503],[-121.87717399997125,39.976579000118996],[-121.87713600033639,39.976586999845352],[-121.87710600019919,39.976607000189802],[-121.87708799975752,39.976635000249189],[-121.87703699970389,39.976693000089796],[-121.87700099971889,39.976743999707232],[-121.87696800010694,39.976811000064593],[-121.87696700028202,39.976836000068118],[-121.87695100038849,39.976852999679771],[-121.87692200007615,39.976862000282367],[-121.87689000028912,39.976856000339694],[-121.87687000019764,39.976837000288349],[-121.87686199980172,39.97678100032369],[-121.87684300043345,39.976731000267272],[-121.87681400012114,39.976687999666311],[-121.87673999960298,39.976629999821455],[-121.87661800030254,39.976515000209027],[-121.87659200036327,39.976478000136886],[-121.87657899994448,39.976442000270787],[-121.87657499974654,39.976405000159183],[-121.87658800016533,39.976350000067839],[-121.87662300032541,39.976300999924206],[-121.87665299956434,39.976276999953406],[-121.8767279999074,39.976198999990082],[-121.87676700026547,39.97614399973299],[-121.87679800022761,39.97608600011479],[-121.8768249999918,39.976015999726769],[-121.87703900025203,39.975637000147088],[-121.87713999963606,39.97558599970359],[-121.87717099959819,39.975542999758943],[-121.87720800030642,39.975502000266864],[-121.87725000013923,39.975464000094412],[-121.87737800018573,39.975367999673288],[-121.87746199985135,39.975319000202333],[-121.87753999966914,39.975282000171077],[-121.8776560000201,39.975215999935415],[-121.87773700021094,39.975156999973237],[-121.87782199970142,39.975079000108487],[-121.87802000006818,39.974757000006704],[-121.87804500018254,39.974681000188987],[-121.87806699992383,39.974640000179782],[-121.87809500041124,39.974600999963457],[-121.87813499969589,39.974558000087534],[-121.87823400032842,39.974526000226327],[-121.87831499962093,39.974494999916232],[-121.87851499963747,39.974388000136948],[-121.87861599991982,39.974316999817809],[-121.87873599957044,39.974161000147063],[-121.87878699962404,39.97406600022164],[-121.87883199982988,39.973966000229993],[-121.87887000036305,39.973900000100244],[-121.87892100041665,39.973824000017949],[-121.87906700000654,39.973640000012161],[-121.87912999975573,39.973586000028696],[-121.87924199990871,39.973515000253194],[-121.87943600007746,39.973412000021142],[-121.87972399995756,39.973291000245403],[-121.87998500007348,39.973190999808189],[-121.88016599982343,39.97310200018412],[-121.88049200023667,39.972880999657214],[-121.88072900006313,39.972774000104792],[-121.88105499957805,39.972528999984014],[-121.88144100026577,39.97233400022963],[-121.88163299988638,39.972205999971941],[-121.88170700040455,39.972161999677382],[-121.88188300013164,39.972021999740875],[-121.88201100017815,39.971965999961327],[-121.88211699958505,39.971901999862084],[-121.88219199992814,39.971833999906067],[-121.88229800023333,39.9717160002876],[-121.88246399991468,39.971555000077004],[-121.8825550001513,39.971442999706852],[-121.88260899967963,39.971341999707398],[-121.88280200002349,39.971186000130665],[-121.88316400042173,39.970835000297676],[-121.88333500012595,39.97069000022298],[-121.8834570003247,39.970610000145108],[-121.88357399960223,39.970551000337466],[-121.88374400037988,39.970474999973476],[-121.88381899982463,39.970427999687956],[-121.88394100002337,39.970340000223629],[-121.88401999966608,39.970305000193981],[-121.88406700042006,39.97027700029502],[-121.88414900043583,39.970211999673992],[-121.88418299987271,39.970174000002558],[-121.8842759997591,39.970039999977942],[-121.8843450002544,39.969963000101842],[-121.88442399989711,39.969892000005103],[-121.88451299958557,39.969828000029253],[-121.88460999966995,39.969771999829121],[-121.88473299969361,39.969714999947129],[-121.88502599959658,39.969526999963144],[-121.88539399984261,39.96923900012743],[-121.88557499959256,39.969111000269976],[-121.88565199958543,39.969039000330881],[-121.88570699983705,39.968999000025924],[-121.8857670001115,39.968962999662665],[-121.88585099977709,39.968924999985326],[-121.88591100005154,39.96891799969822],[-121.88595799990722,39.96890300016247],[-121.88599999974002,39.96888100033253],[-121.88604999996873,39.968836000314155],[-121.88607199971003,39.968801000202845],[-121.88608500012882,39.968756999781817],[-121.88628599997027,39.968383999878355],[-121.88632000030546,39.968341000221926],[-121.88638999972734,39.968289999841865],[-121.88644699962876,39.968267000157489],[-121.88650899955303,39.968253000136279],[-121.88657300002544,39.968249000129688],[-121.88663699959955,39.968255999796824],[-121.88669199985115,39.968271000163021],[-121.88677200021708,39.968285999837448],[-121.88684900020998,39.968287999839688],[-121.88692500037796,39.968277000170886],[-121.88699599962474,39.968255000139486],[-121.88706000009715,39.968221999734858],[-121.88711299980061,39.96817899997658],[-121.88714799996073,39.968136999850273],[-121.8873449996042,39.967974999809911],[-121.88751500038184,39.967854999711022],[-121.88762099978871,39.967763000341634],[-121.8884209998549,39.967242000319771],[-121.88843400027369,39.967224999694494],[-121.8885549997492,39.967156000231668],[-121.88863000009226,39.96709599983398],[-121.88872499962851,39.96704400022692],[-121.88883199975862,39.96697200017622],[-121.88891700014744,39.966925000236046],[-121.88907500033119,39.966806000037963],[-121.88913600043057,39.966769999896727],[-121.88920099982957,39.966739999879302],[-121.88927000032486,39.966715000313719],[-121.88934200029489,39.966694999828469],[-121.88953599956533,39.966659000317279],[-121.88969999959687,39.966608000059317],[-121.88987500039735,39.966560999868896],[-121.89006500036815,39.966502000008923],[-121.89032800013389,39.966443999781873],[-121.89073599966457,39.966334000047013],[-121.89085700003839,39.966318999944278],[-121.89095199957464,39.966283000235087],[-121.89111200030655,39.966171999864912],[-121.89122899958406,39.966111999980541],[-121.89135699963059,39.966040000325201],[-121.89150399994368,39.965932000011456],[-121.8916319999902,39.965876999754258],[-121.89177500010535,39.965842000193469],[-121.89187499966445,39.965838000045807],[-121.89231300023069,39.965741000180131],[-121.89257299962337,39.965637999937833],[-121.89270099966987,39.9655630000047],[-121.89281199999796,39.96549099977112],[-121.89292300032605,39.965385999753643],[-121.8929890004483,39.965265999929571],[-121.89302100023532,39.965233000147606],[-121.8931109997487,39.965168999940786],[-121.89315400030472,39.965113000054984],[-121.89319299976449,39.965029000140227],[-121.89320799983309,39.964940999922106],[-121.89320700000818,39.964896999770595],[-121.8932000003355,39.964853000279234],[-121.89318600009177,39.964809000071078],[-121.8931309998402,39.964702000276056],[-121.89311199957362,39.964624999895221],[-121.8931109997487,39.964584999761556],[-121.8931380004112,39.964409999848179],[-121.89313400021325,39.964332999827015],[-121.8931450000839,39.964201000179159],[-121.89316799965012,39.964111999865864],[-121.89320600018328,39.964040000169739],[-121.89324899984096,39.963983000327836],[-121.89327599960515,39.963919000327927],[-121.89330400009257,39.963806000117252],[-121.89331199959015,39.9636679997286],[-121.89334500010045,39.963571000226636],[-121.89349700043641,39.963242000124396],[-121.89353599989614,39.963175999967646],[-121.8935529996146,39.963132999789487],[-121.8935679996832,39.963046000307095],[-121.89356699985828,39.963003000047237],[-121.8935600001856,39.962959000025499],[-121.8935390002692,39.962898000339763],[-121.89351400015482,39.962729999783896],[-121.89350400010909,39.962694999989061],[-121.89350800030707,39.962657000270234],[-121.8935269996753,39.962621000009825],[-121.89357299970607,39.962583999990152],[-121.89361799991191,39.962568000012681],[-121.89366700031572,39.962562999932835],[-121.89373199971472,39.962575000261488],[-121.89377299972261,39.962597000055155],[-121.89390800034015,39.962739999918696],[-121.89395299964768,39.962752999954034],[-121.89400100022655,39.962758000019932],[-121.89404899990713,39.96275500011815],[-121.89411699967918,39.962737000016112],[-121.89415699986216,39.962716000005791],[-121.89420399971785,39.962673999965894],[-121.89423100038033,39.9626230001778],[-121.89423800005301,39.962578999911521],[-121.89442899984874,39.962075999909985],[-121.89449999999385,39.961602000115292],[-121.89452799958293,39.961512999861512],[-121.89458000035978,39.961435000263329],[-121.89461999964443,39.961391999678803],[-121.89465099960657,39.961347999997457],[-121.89467599972095,39.961302000081176],[-121.89469499998749,39.961253999926043],[-121.89470699968308,39.961204999976786],[-121.89471199970595,39.961155000231201],[-121.89470699968308,39.961083000175321],[-121.89471000005612,39.961007000301876],[-121.89472000010187,39.960970000097348],[-121.89475299971384,39.960897999846658],[-121.8949820000427,39.96058199972429],[-121.89504700034001,39.960523999983394],[-121.89507499992912,39.960484000204588],[-121.89508599979976,39.96043900016732],[-121.89507900012705,39.960394000100436],[-121.89505400001271,39.960352999784135],[-121.89497000034712,39.960276000013856],[-121.89495500027851,39.960230999839695],[-121.89495000025565,39.960197999693143],[-121.89495199990546,39.960131000264639],[-121.89497299982186,39.96006700010183],[-121.89500999963178,39.960006999679663],[-121.89514000022642,39.95985999979986],[-121.8953219998013,39.959675000293593],[-121.89541100038809,39.959605000312706],[-121.89543800015225,39.959593000151422],[-121.89547900016015,39.959565999780772],[-121.89551199977211,39.959533000001862],[-121.89554399955917,39.959475000059705],[-121.89558000044251,39.959294999830981],[-121.89562300010022,39.95920200016986],[-121.89575000032178,39.958988999869646],[-121.89579299997949,39.958935000017853],[-121.89584999988092,39.958890000338293],[-121.89591699982806,39.958854000160201],[-121.89594699996529,39.958833000334451],[-121.89598799997319,39.958793000255092],[-121.89601599956228,39.958746999997146],[-121.89604200039986,39.958648999913258],[-121.89606900016405,39.958596000280131],[-121.89610599997397,39.958556000062138],[-121.89616500042349,39.958515999820698],[-121.89621200027916,39.95847799984508],[-121.89624900008909,39.958438000246645],[-121.89634100015058,39.958272999848099],[-121.89637399976256,39.958184000081339],[-121.89645099975546,39.958021999868095],[-121.89646699964896,39.957957999797088],[-121.89648500009062,39.957845999873008],[-121.89650400035721,39.957805999904899],[-121.89653399959613,39.957769000034006],[-121.89657200012928,39.957737999698772],[-121.89677700016867,39.95761800022315],[-121.89689500016947,39.957509999688831],[-121.89695399972071,39.957421000306176],[-121.89699200025385,39.957336999892831],[-121.89700999979719,39.957313999966601],[-121.89702300021598,39.95728499974922],[-121.89702800023885,39.957238999854049],[-121.89701399999514,39.957193999747027],[-121.896983000033,39.957154000086078],[-121.89693799982719,39.957123999980702],[-121.89688199975068,39.957107000282399],[-121.89674899968131,39.957050999990742],[-121.89658999967263,39.95697200030051],[-121.89657200012928,39.956958999854656],[-121.89653399959613,39.956910000270518],[-121.89651699987768,39.956855000330172],[-121.89652000025073,39.956806999807668],[-121.89655000038798,39.956723000017327],[-121.89658299999992,39.956662000277056],[-121.89664099972624,39.956446000149747],[-121.8967289995898,39.956152999747367],[-121.89676999959767,39.956097999886765],[-121.89682700039739,39.956034000080955],[-121.89689199979642,39.955975999925457],[-121.89696700013948,39.955851000230368],[-121.89703699956138,39.955758999857167],[-121.89705900020101,39.955710000101838],[-121.89711299972936,39.955649999988275],[-121.89717100035399,39.955614000170307],[-121.89720999981373,39.955549000068387],[-121.89723699957791,39.955465000110088],[-121.89723999995094,39.955378999668746],[-121.89723300027826,39.95533600009616],[-121.89721300018678,39.955278000037303],[-121.8972280002554,39.955119999912363],[-121.89721800020965,39.955063000209172],[-121.89719800011815,39.955018999898371],[-121.89716700015602,39.954973999707782],[-121.89714700006454,39.954883999926345],[-121.89714399969151,39.95475100008602],[-121.89711399955428,39.954409999857425],[-121.89709699983582,39.954321999744572],[-121.89709500018598,39.954260999928543],[-121.89710199985872,39.954200000058108],[-121.89711600010241,39.954139999997047],[-121.89713899966863,39.954080999747895],[-121.89716999963075,39.954023999867402],[-121.89719999976799,39.953981000131463],[-121.89737499967016,39.953667000151398],[-121.8975589997932,39.95337299967467],[-121.89761999989257,39.953285000293391],[-121.89767199977108,39.95319000027866],[-121.89771100012916,39.953090999927213],[-121.89775899980972,39.952875000227976],[-121.89777999972611,39.952818999914044],[-121.89780999986336,39.952765000010643],[-121.89784599984839,39.952713999718341],[-121.89789299970404,39.952663000076704],[-121.89793399971191,39.952633999952944],[-121.89798399994064,39.952584000138138],[-121.89801999992565,39.952525999811328],[-121.89803800036729,39.952473000253292],[-121.89798499976555,39.952419000076659],[-121.89796200019934,39.952375000130779],[-121.89797200024505,39.952059999769787],[-121.89798399994064,39.951950000307605],[-121.89797300006997,39.951865000163806],[-121.89797100042016,39.951798000146141],[-121.89797899991775,39.951731000062885],[-121.89800099965908,39.951646000335536],[-121.89802900014648,39.95156600000962],[-121.89806699978129,39.951501000192359],[-121.89808799969771,39.951453000043976],[-121.89813799992643,39.951310999895647],[-121.89818300013225,39.951214000080711],[-121.89821200044459,39.95112300026414],[-121.89821699956914,39.951075999759013],[-121.89821300026949,39.950919000167325],[-121.89821599974422,39.95078099993917],[-121.89820200039883,39.950695999719919],[-121.89818200030736,39.950638999773034],[-121.89811500036022,39.950524999736686],[-121.89809000024584,39.950468000335903],[-121.89805900028368,39.950175999724998],[-121.8980650001315,39.950115000343239],[-121.89812000038306,39.949954000223507],[-121.89814799997217,39.949904999752555],[-121.89819599965274,39.949861000255417],[-121.89822300031523,39.949825000144969],[-121.89826699979784,39.949678999655852],[-121.89830799980574,39.949577999870982],[-121.8983349995699,39.949535000094571],[-121.8983689999051,39.949510999679163],[-121.89841099973789,39.949495000086138],[-121.89849899960143,39.949487999875679],[-121.89854600035541,39.949479999732617],[-121.89858700036331,39.949461000336029],[-121.89861900015036,39.949433000164561],[-121.89864099989168,39.949391000230158],[-121.89864400026472,39.949307000284037],[-121.89863699969371,39.949262999713632],[-121.89860800027969,39.949183999980086],[-121.89859400003598,39.949166999685538],[-121.89856899992165,39.94911099977908],[-121.89856499972367,39.94907100021134],[-121.89858999983804,39.948964999832],[-121.89861300030257,39.948822000086508],[-121.8986430004398,39.948757999670171],[-121.89869000029545,39.948700000231042],[-121.89875100039481,39.948651000239153],[-121.89882400018975,39.948611999658354],[-121.89910899969679,39.948504000052864],[-121.89925799965972,39.948440999974729],[-121.89931499956113,39.948421000342229],[-121.89935999976697,39.948411000179448],[-121.89945299965339,39.948400000067579],[-121.89960400016446,39.948411000179448],[-121.89978800028744,39.948435000292172],[-121.89992700020464,39.948473000338694],[-121.90004100000743,39.94850999972936],[-121.90012800004608,39.948555999986233],[-121.90021599990963,39.948615000180581],[-121.90028500040493,39.948646999774482],[-121.90037300026849,39.94867500026767],[-121.90041599992618,39.948679999985636],[-121.90047899967536,39.948670999804406],[-121.90056400006418,39.948631999923684],[-121.90077999997425,39.948493999902261],[-121.90086899966271,39.948423000236872],[-121.90096200044742,39.948356000291078],[-121.9012219998401,39.948197000064589],[-121.90131499972655,39.948170000015431],[-121.90140599996315,39.948170999966422],[-121.90153999985743,39.948181000164283],[-121.90159500010903,39.948190999672008],[-121.9016500003606,39.948196000113974],[-121.90180199979825,39.948184000016731],[-121.90187100029357,39.948170999966422],[-121.90194999993626,39.948144999858371],[-121.90206100026435,39.948118999740387],[-121.90232400003008,39.948022000219673],[-121.902396999825,39.948005000325033],[-121.90250399995514,39.947992000240696],[-121.90271999986518,39.9479760002924],[-121.90279400038335,39.947964000156567],[-121.90287200020117,39.94794600029325],[-121.90296000006472,39.947920000099636],[-121.90306100034705,39.947907999953983],[-121.90311599970032,39.947894999851222],[-121.90327700025712,39.947901000269759],[-121.9034100003265,39.947920000099636],[-121.90346100038013,39.947920000099636],[-121.90359500027444,39.947894999851222],[-121.90370099968133,39.947818999783649],[-121.90376699980355,39.947751999934979],[-121.90400500035325,39.947533999983513],[-121.90406499972939,39.947470999700705],[-121.90417299968442,39.947382000339211],[-121.90422399973805,39.947359999782769],[-121.90438500029485,39.947316000026042],[-121.90451499999118,39.94728599973741],[-121.90469400009135,39.947256000124312],[-121.90481000044228,39.947229999668494],[-121.9048880002601,39.947221999950052],[-121.90507099965988,39.947233000251352],[-121.90524999976003,39.947253000231164],[-121.90531599988229,39.947248999684682],[-121.90538399965433,39.947240000003923],[-121.90548999995954,39.947200999996014],[-121.9056709997095,39.947107999728537],[-121.9058099996267,39.947028000293329],[-121.90609300038221,39.946836999998034],[-121.90614899956041,39.946806000217109],[-121.90624599964478,39.946774999733442],[-121.90639799998074,39.946741000008821],[-121.90698799998462,39.946638000071438],[-121.90730099997907,39.946591999902232],[-121.90744900011708,39.946584000109176],[-121.90773199997429,39.94660500025261],[-121.90812799980942,39.946666999982583],[-121.90824800035833,39.946667999955544],[-121.9083389996966,39.946660000171377],[-121.90851000029916,39.94663500015119],[-121.90864800039144,39.946621999806503],[-121.90878599958536,39.9466149999907],[-121.90896100038584,39.946593999850336],[-121.90906699979276,39.946544999727294],[-121.9091689999,39.946487999764933],[-121.90929000027383,39.946412000200311],[-121.90949399959003,39.94631099972397],[-121.90974800003322,39.946208999807553],[-121.90993800000403,39.946121000162577],[-121.91011899975399,39.94601000012026],[-121.91025799967119,39.945911999691269],[-121.91044400034232,39.945805999926534],[-121.91062500009228,39.945736000212761],[-121.91080099981937,39.945655999861863],[-121.91098999996527,39.945581000050538],[-121.91110100029334,39.945550999689758],[-121.9113859998004,39.945490000316013],[-121.91151100037217,39.945468999830318],[-121.91165500031224,39.945411999660116],[-121.91178500000855,39.945350000170158],[-121.9120059999415,39.945266000082924],[-121.91212700031532,39.945232000297025],[-121.91233300017964,39.945192999833118],[-121.91242100004321,39.945184999876474],[-121.9125680003563,39.945185999871107],[-121.91265100019696,39.945195999816654],[-121.91274300025847,39.945187999860359],[-121.91294999994771,39.945136000121686],[-121.91312599967482,39.945106000254498],[-121.91342500032385,39.945072999696684],[-121.91373300029544,39.945065999722395],[-121.91397199977172,39.945068999711445],[-121.91411900008481,39.945078999674045],[-121.91439899956899,39.945076999681646],[-121.91462000040023,39.94508800032785],[-121.91491800032607,39.945096000295834],[-121.91514799958151,39.945111000233297],[-121.91534500012334,39.945131000144755],[-121.91575000017927,39.945117000207318],[-121.9158559995862,39.945095000299894],[-121.91593500012721,39.945068999711445],[-121.91599000037881,39.945037999818105],[-121.91609199958774,39.9450119998967],[-121.91617000030385,39.944998999932309],[-121.91650599986451,39.944966000011568],[-121.91656600013896,39.944967000009441],[-121.91662100039056,39.944984999967865],[-121.91667999994178,39.944998999932309],[-121.91676199995756,39.94504099980837],[-121.91683099955453,39.945067999715107],[-121.91688599980611,39.945096000295834],[-121.91695000027852,39.945110000237527],[-121.91700399980688,39.945115000216042],[-121.91712299963258,39.94508900032389],[-121.91730099990779,39.944977999984609],[-121.9173979999922,39.944907000113638],[-121.9174680003124,39.944836000169033],[-121.91746300028952,39.944768000152997],[-121.91743200032737,39.944605999842416],[-121.9173000000829,39.944419999701587],[-121.91723999980843,39.944319999735264],[-121.91715399959472,39.94420700019657],[-121.9170409996168,39.944079000310865],[-121.91693000018704,39.943995000040516],[-121.91686200041501,39.94394200007109],[-121.91672500014762,39.943868999786019],[-121.91651500008535,39.943821999806516],[-121.91639799990949,39.943784999946516],[-121.91636399957429,39.943766999672327],[-121.91609800033382,39.94365199987503],[-121.91606499982355,39.94363300023722],[-121.91597799978491,39.943568999787374],[-121.91593099992926,39.943524000328416],[-121.91585800013432,39.943438000025097],[-121.91577000027077,39.943359999784604],[-121.91565399991981,39.943283000166353],[-121.91557000025422,39.943240999899771],[-121.91553099989615,39.943191000106395],[-121.9154920004364,39.943091999746464],[-121.91541100024558,39.942623000080751],[-121.91541700009334,39.942554999931446],[-121.91545999975106,39.942473999959041],[-121.9155259998733,39.942429999814813],[-121.91560000039146,39.942412999908051],[-121.91564999972186,39.942408999767338],[-121.91596699991426,39.942416000013424],[-121.91605999980068,39.942407999732119],[-121.91610199963348,39.942399000103173],[-121.91615400041032,39.942382000188708],[-121.91632900031249,39.94231099968998],[-121.91733600006791,39.941802999850673],[-121.91771099998662,39.941600000245764],[-121.91799499966878,39.941411000048475],[-121.91819800005834,39.941330000099278],[-121.91871000024443,39.941236000063576],[-121.919018000216,39.941243999793215],[-121.91928900037766,39.941229999749162],[-121.91940099963232,39.9412120001803],[-121.91950299973959,39.941097000221035],[-121.92067799972449,39.942077999708594],[-121.92311800010593,39.944158999750968],[-121.92339400029046,39.944079000310865],[-121.9240589997391,39.943944000096664],[-121.92558400042667,39.943946000122175],[-121.9268830002601,39.943861999688536],[-121.92820899985776,39.943822999821116],[-121.92978700024877,39.943607999799625],[-121.93080499987484,39.943445000165909],[-121.93150399965864,39.943272999941257],[-121.93238699956548,39.942987999798419],[-121.93338800037142,39.942563000195555],[-121.93450300008185,39.942279999924423],[-121.93556799956356,39.942035000039098],[-121.93636699980482,39.941786999832424],[-121.93736400041279,39.941260999990426],[-121.93783200021795,39.941009000199529],[-121.93818399967213,39.940759999658525],[-121.93843800011534,39.940590999757127],[-121.93880499963815,39.940330999729511],[-121.93917799990706,39.940094999686174],[-121.93935500035738,39.939983000127981],[-121.94089199984221,39.938987000322328],[-121.94252999960935,39.937906000215108],[-121.94435300022278,39.936712000044039],[-121.94495999994508,39.936101000007326],[-121.94706300004266,39.934504999855797],[-121.94728599962544,39.934349000273173],[-121.94756500018298,39.934197000267197],[-121.94884399992495,39.933413000132333],[-121.95081800015109,39.932260000059983],[-121.95141499982768,39.931902000236228],[-121.95189900042465,39.931617999767624],[-121.95218899995456,39.931496999738791],[-121.95254799997977,39.931300999875752],[-121.95373300001037,39.930546000177401],[-121.95430000044806,39.930119000022493],[-121.95448200002294,39.930006999981316],[-121.95516499991322,39.929755000079723],[-121.95561400035012,39.92954899988657],[-121.95607600030748,39.92916199992063],[-121.9575559998909,39.928488999690963],[-121.95831999997205,39.928230000082145],[-121.95964700029289,39.92764900005745],[-121.96035100009959,39.927336000029094],[-121.96109500008926,39.927107999954899],[-121.96142099960417,39.926985999959818],[-121.96158299998589,39.927019000284886],[-121.96197999964593,39.926858999813078],[-121.96226599987621,39.926704999866899],[-121.96229400036358,39.926594000017467],[-121.96260300016007,39.926590999907297],[-121.96290100008592,39.926945000285343],[-121.96302300028466,39.926968999660929],[-121.96329799974595,39.926937000262008],[-121.96378300016785,39.926976000108681],[-121.96415700026166,39.927034000051613],[-121.96464299961015,39.927061999745128],[-121.96503099994767,39.927010000009922],[-121.96530299993422,39.926990000313211],[-121.96563699984509,39.927016000193348],[-121.96591200020468,39.926955999713194],[-121.9661449998332,39.926942999762936],[-121.96636800031425,39.926976000108681],[-121.96670300005003,39.926947999691102],[-121.96738199974234,39.92692999981027],[-121.96780799971469,39.926934000166881],[-121.96854900022964,39.926877999974799],[-121.969075999586,39.926866999845579],[-121.96929800024218,39.926908000255608],[-121.97001499956936,39.927093999774506],[-121.9703900003864,39.927112999871007],[-121.97091699974278,39.927117999786745],[-121.97115100009449,39.92708099985051],[-121.9713340003926,39.927059000344364],[-121.97150599992173,39.927067999923992],[-121.97168800039492,39.927109000213697],[-121.97188000001557,39.927125999788927],[-121.97206300031367,39.927112000301108],[-121.97231699985855,39.927051999905096],[-121.97275399970155,39.926977999941279],[-121.9731090004271,39.926964999995207],[-121.97353500039945,39.926961000329307],[-121.97381800025668,39.92698700022045],[-121.97414299994668,39.926966999828117],[-121.97442800035205,39.926898999966099],[-121.97495499970843,39.926879999810204],[-121.97539199955143,39.926821999736859],[-121.97630600031873,39.92668199997496],[-121.97668299988726,39.926590999907297],[-121.97710100036203,39.926438999895502],[-121.97849899992968,39.925772000055311],[-121.98010300025996,39.924920000107271],[-121.98051099979065,39.924774999813934],[-121.98076600005876,39.924675999679543],[-121.98092900026539,39.924622999903647],[-121.98112400025906,39.924461000126335],[-121.98130800038207,39.924369000252291],[-121.98149099978185,39.924291999933139],[-121.98172799960831,39.924060000219548],[-121.98229800041904,39.923870000189297],[-121.98277700009484,39.92370299984335],[-121.9831550003866,39.923526000112837],[-121.9834929995971,39.923295000184972],[-121.98371799972799,39.923149000266996],[-121.98390100002611,39.923103999781254],[-121.9841040004157,39.923129000131311],[-121.98460999985565,39.923149000266996],[-121.98485300042823,39.923142999744655],[-121.98496200020818,39.922652000227437],[-121.98506799961508,39.922364999667636],[-121.98517200027047,39.922170000168428],[-121.98530600016475,39.922008000098543],[-121.98558399999909,39.921745000112978],[-121.98594200019939,39.921513999687939],[-121.98617800020095,39.921296999852267],[-121.98635399992804,39.921080000017824],[-121.98676499983176,39.920661999801851],[-121.98711499963615,39.920330000304205],[-121.98728399969056,39.920138999896984],[-121.98743299965346,39.920044000019104],[-121.98760599990582,39.919982999955479],[-121.9877790001582,39.919946000297003],[-121.98791200022758,39.919845000028971],[-121.98801599998467,39.919689999784879],[-121.98832499978114,39.919387999839486],[-121.98850899990416,39.919265000182705],[-121.98866399971484,39.919055999676672],[-121.98875599977636,39.918977999894665],[-121.98885799988359,39.918940000003992],[-121.98895999999087,39.918940999693199],[-121.98909200023533,39.918919000327328],[-121.98921500025899,39.918826000205534],[-121.98941799975024,39.918804999804934],[-121.98954999999475,39.918775000107317],[-121.98967200019348,39.918712999909779],[-121.9898060000878,39.918573999796266],[-121.98992999993634,39.918466000321246],[-121.99011300023443,39.918366000323694],[-121.99036900032748,39.918236000246416],[-121.9906680000782,39.918163999800612],[-121.99063499956793,39.917966000251326],[-121.99062000039764,39.917780999754882],[-121.99058799971228,39.917669999906146],[-121.99048599960503,39.917401999858662],[-121.99042600022889,39.917243000052125],[-121.99039600009165,39.917153000244951],[-121.99036199975647,39.917015999844466],[-121.99013300032593,39.916488000339193],[-121.98998900038586,39.916129000296337],[-121.99104600036999,39.915968000136097],[-121.99455500043115,39.915466000262114],[-121.99493700002256,39.915405000254545],[-121.99787199997333,39.91497500012813],[-121.99919599992114,39.914788000320463],[-122.00000199983509,39.914662000036813],[-122.00094199964335,39.914525999918965],[-122.00180100015905,39.914398000331438],[-122.00423300014458,39.914034000175384],[-122.0053600004489,39.913872999913366],[-122.00600700035419,39.913778000300141],[-122.00830500044546,39.913430999824584],[-122.00918199960618,39.913301999797156],[-122.01008999962738,39.913158999942247],[-122.01042899956109,39.913106000209268],[-122.01050200025433,39.913098999721441],[-122.0106129996841,39.913097000172506],[-122.01065299986708,39.913103999971511],[-122.01073099968488,39.913130000301436],[-122.01076400019517,39.913152000148877],[-122.01107700018962,39.913412999835323],[-122.01117400027398,39.913504000191743],[-122.01143700003972,39.913319999815577],[-122.01164200007912,39.913176999998207],[-122.01197400034015,39.912972999775711],[-122.01207100042453,39.912919999898847],[-122.01215400026521,39.912897000199528],[-122.01221700001437,39.912888999912852],[-122.01221100016662,39.912587000293001],[-122.01208700031806,39.908661999667324],[-122.01207499972416,39.908265000336122],[-122.01205399980779,39.907753999770101],[-122.01199199988349,39.905656000179256],[-122.01196400029441,39.90508200011277],[-122.01195099987562,39.90446999972216],[-122.01195199970051,39.904264999851968],[-122.0119709999671,39.904162999983903],[-122.01199899955621,39.904079000343295],[-122.01204700013508,39.90399499991063],[-122.01209599964058,39.903928999793763],[-122.01213199962558,39.903893000329695],[-122.0121979997478,39.903838999719881],[-122.0122529999994,39.903799999788966],[-122.01239000026676,39.903721999860537],[-122.0129140001484,39.903461999687551],[-122.01314000010422,39.903343999956768],[-122.01359100019093,39.903122000146041],[-122.01385200030684,39.902984000012921],[-122.01502399991867,39.902391000242545],[-122.01539999966229,39.902168000166647],[-122.01576500043362,39.901934999991852],[-122.01590099997773,39.901853000253517],[-122.01641499981363,39.901516000138962],[-122.01668299960222,39.90134799977767],[-122.01741700044447,39.900872999686101],[-122.01836599957522,39.900250000022446],[-122.0188340002787,39.899957000201262],[-122.01902800044745,39.899860999928556],[-122.01910600026528,39.899834000107624],[-122.01923099993871,39.8998050003391],[-122.01938999994738,39.899780999713464],[-122.0194540004198,39.899776999838046],[-122.01963599999469,39.899774999900302],[-122.02024899956479,39.899814000054697],[-122.02055900008449,39.899821999800913],[-122.02070499967436,39.899815999991354],[-122.02082699987308,39.899798999838886],[-122.02097099981313,39.89977100002455],[-122.02111899995113,39.899724000088959],[-122.02132800018852,39.899613999893766],[-122.02140600000631,39.899560000046549],[-122.0217209996506,39.899323000060811],[-122.02261199995336,39.898620999882091],[-122.02282299984053,39.898462999885162],[-122.02319299973639,39.898170000004157],[-122.02355599995957,39.897901000162896],[-122.02370300027263,39.897778999822769],[-122.02384899986252,39.897645999955898],[-122.02415199981122,39.897311999841378],[-122.02450800036169,39.896862000319572],[-122.02470800037821,39.896626999992186],[-122.02481100031038,39.896493999957165],[-122.02485999981587,39.896404999784401],[-122.02492599993812,39.896305999990794],[-122.02502499967231,39.896122000286788],[-122.02511099988602,39.895917000252048],[-122.02514799969596,39.895813000309296],[-122.02519999957451,39.895612000158174],[-122.02522600041209,39.895470999967849],[-122.02524700032849,39.895222999926339],[-122.02525400000117,39.894969000132022],[-122.02526499987184,39.893600999938066],[-122.02525999984896,39.893537000268076],[-122.02526400004692,39.893367000208251],[-122.0252899999862,39.893059999660323],[-122.02534500023776,39.892780999729851],[-122.02540700016205,39.892554999862696],[-122.02549599985051,39.892272999709341],[-122.02575299976847,39.891501999739489],[-122.02607199961068,39.890499999802813],[-122.02611900036466,39.890327000161435],[-122.02615100015174,39.890145999898003],[-122.02619299998453,39.889805000342442],[-122.0262339999924,39.889252000341536],[-122.02628099984807,39.888477999765151],[-122.02628400022111,39.888358000154291],[-122.02631400035835,39.887926000229619],[-122.02632699987883,39.887812999967672],[-122.02634500032049,39.887710999735965],[-122.02639200017613,39.88759699966235],[-122.02642800016115,39.887536000343225],[-122.02649000008545,39.887452000310546],[-122.02658899981964,39.887355000292523],[-122.02668599990402,39.88728699970067],[-122.02674399963033,39.887254000220302],[-122.02690299963901,39.887176000069495],[-122.02739399990867,39.886991999980729],[-122.02742099967286,39.886981999804462],[-122.02684400008776,39.886080999852055],[-122.02552099996485,39.884149999808159],[-122.02583399995932,39.883692999992022],[-122.02777200020046,39.883634999880506],[-122.02930100018766,39.883705999879595],[-122.02953100034144,39.883717000047611],[-122.0387949997781,39.88370299995875],[-122.03912500038929,39.883710000003539],[-122.04305200002689,39.883793999795799],[-122.04486499969623,39.883770999969606],[-122.04295900014046,39.883094999743761],[-122.04176800026204,39.882562000341487],[-122.04110600028814,39.882069999920098],[-122.0408419997992,39.880952999657389],[-122.04078900009576,39.879899000295012],[-122.04103000012014,39.879465999885213],[-122.04155599965162,39.878668999658544],[-122.04290600043701,39.877480999668386],[-122.04385899976575,39.876477000315795],[-122.04449499980036,39.875493999948162],[-122.04505100036741,39.874632999667547],[-122.04661299996654,39.872256999917461],[-122.04891100005781,39.869676999718969],[-122.04995399979821,39.868760000060369],[-122.05250499960945,39.86679900002553],[-122.05441299971335,39.865398000022566],[-122.05569300017852,39.86397300030869],[-122.05646899995526,39.862092999962655],[-122.05638199991662,39.861391999700814],[-122.05620899966425,39.860038999760825],[-122.05618899957277,39.85999499974659],[-122.05593300037806,39.858838999921517],[-122.0554589998268,39.857534999705365],[-122.05538799968171,39.857235999975536],[-122.05599699995216,39.855523999839789],[-122.05648599967368,39.85407299991811],[-122.05726999984635,39.852817999817177],[-122.05755199987863,39.852117999955183],[-122.05831799960961,39.850681999684305],[-122.05920899991236,39.849493999839147],[-122.0612519997355,39.848101999930734],[-122.06294700030239,39.847059999849428],[-122.06461400038185,39.846607000041161],[-122.06529800009707,39.845775999953069],[-122.06694300043524,39.844618999882385],[-122.06793099992404,39.843462999727237],[-122.06874400040903,39.842221999747146],[-122.06943099959898,39.840529999785261]]]},"properties":{"BASENAME":"95973","GEOID":"95973"}}]}